MISMATCH	w0:440	out[0] max|delta|=1.119e+01 (rtol=0.01 atol=0.001)	n0*=addmm.out(L0,L1,L2,·,·,·)
MISMATCH	w0:671	out[0] max|delta|=1.553e+01 (rtol=0.01 atol=0.001)	n0*=addmm.out(L0,L1,L2,·,·,·)
MISMATCH	w100:477	out[0] max|delta|=5.569e+00 (rtol=0.01 atol=0.001)	n0*=addmm.out(L0,L1,L2,·,·,·)
MISMATCH	w100:708	out[0] max|delta|=2.401e+00 (rtol=0.01 atol=0.001)	n0*=addmm.out(L0,L1,L2,·,·,·)
MISMATCH	w101:188	out[0] max|delta|=4.727e+00 (rtol=0.01 atol=0.001)	n0*=addmm.out(L0,L1,L2,·,·,·)
MISMATCH	w101:650	out[0] max|delta|=2.875e+00 (rtol=0.01 atol=0.001)	n0*=addmm.out(L0,L1,L2,·,·,·)
MISMATCH	w102:645	out[0] max|delta|=7.221e+00 (rtol=0.01 atol=0.001)	n0*=addmm.out(L0,L1,L2,·,·,·)
MISMATCH	w103:208	out[0] max|delta|=3.521e+00 (rtol=0.01 atol=0.001)	n0*=addmm.out(L0,L1,L2,·,·,·)
MISMATCH	w103:670	out[0] max|delta|=1.107e+01 (rtol=0.01 atol=0.001)	n0*=addmm.out(L0,L1,L2,·,·,·)
MISMATCH	w104:211	out[0] max|delta|=6.861e+00 (rtol=0.01 atol=0.001)	n0*=addmm.out(L0,L1,L2,·,·,·)
MISMATCH	w104:673	out[0] max|delta|=2.865e+01 (rtol=0.01 atol=0.001)	n0*=addmm.out(L0,L1,L2,·,·,·)
MISMATCH	w105:32	out[0] max|delta|=1.870e+01 (rtol=0.01 atol=0.001)	n0*=addmm.out(L0,L1,L2,·,·,·)
MISMATCH	w105:725	out[0] max|delta|=6.849e+00 (rtol=0.01 atol=0.001)	n0*=addmm.out(L0,L1,L2,·,·,·)
MISMATCH	w107:449	out[0] max|delta|=6.107e+00 (rtol=0.01 atol=0.001)	n0*=addmm.out(L0,L1,L2,·,·,·)
MISMATCH	w107:680	out[0] max|delta|=3.327e+00 (rtol=0.01 atol=0.001)	n0*=addmm.out(L0,L1,L2,·,·,·)
MISMATCH	w108:49	out[0] max|delta|=7.378e+00 (rtol=0.01 atol=0.001)	n0*=addmm.out(L0,L1,L2,·,·,·)
MISMATCH	w108:511	out[0] max|delta|=1.991e+01 (rtol=0.01 atol=0.001)	n0*=addmm.out(L0,L1,L2,·,·,·)
MISMATCH	w109:524	out[0] max|delta|=5.733e+00 (rtol=0.01 atol=0.001)	n0*=addmm.out(L0,L1,L2,·,·,·)
MISMATCH	w109:62	out[0] max|delta|=8.981e+00 (rtol=0.01 atol=0.001)	n0*=addmm.out(L0,L1,L2,·,·,·)
MISMATCH	w10:374	out[0] max|delta|=2.124e+01 (rtol=0.01 atol=0.001)	n0*=addmm.out(L0,L1,L2,·,·,·)
MISMATCH	w110:277	out[0] max|delta|=1.103e+01 (rtol=0.01 atol=0.001)	n0*=addmm.out(L0,L1,L2,·,·,·)
MISMATCH	w110:46	out[0] max|delta|=1.033e+01 (rtol=0.01 atol=0.001)	n0*=addmm.out(L0,L1,L2,·,·,·)
MISMATCH	w111:34	out[0] max|delta|=8.462e+00 (rtol=0.01 atol=0.001)	n0*=addmm.out(L0,L1,L2,·,·,·)
MISMATCH	w111:727	out[0] max|delta|=2.936e+01 (rtol=0.01 atol=0.001)	n0*=addmm.out(L0,L1,L2,·,·,·)
MISMATCH	w112:625	out[0] max|delta|=1.613e+01 (rtol=0.01 atol=0.001)	n0*=addmm.out(L0,L1,L2,·,·,·)
MISMATCH	w113:186	out[0] max|delta|=9.440e+00 (rtol=0.01 atol=0.001)	n0*=addmm.out(L0,L1,L2,·,·,·)
MISMATCH	w113:417	out[0] max|delta|=1.870e+01 (rtol=0.01 atol=0.001)	n0*=addmm.out(L0,L1,L2,·,·,·)
MISMATCH	w114:665	out[0] max|delta|=1.485e+01 (rtol=0.01 atol=0.001)	n0*=addmm.out(L0,L1,L2,·,·,·)
MISMATCH	w115:10	out[0] max|delta|=2.192e+01 (rtol=0.01 atol=0.001)	n0*=addmm.out(L0,L1,L2,·,·,·)
MISMATCH	w115:241	out[0] max|delta|=5.804e+00 (rtol=0.01 atol=0.001)	n0*=addmm.out(L0,L1,L2,·,·,·)
MISMATCH	w115:703	out[0] max|delta|=1.972e+01 (rtol=0.01 atol=0.001)	n0*=addmm.out(L0,L1,L2,·,·,·)
MISMATCH	w116:485	out[0] max|delta|=2.872e+01 (rtol=0.01 atol=0.001)	n0*=addmm.out(L0,L1,L2,·,·,·)
MISMATCH	w116:716	out[0] max|delta|=1.949e+01 (rtol=0.01 atol=0.001)	n0*=addmm.out(L0,L1,L2,·,·,·)
MISMATCH	w117:462	out[0] max|delta|=9.421e+00 (rtol=0.01 atol=0.001)	n0*=addmm.out(L0,L1,L2,·,·,·)
MISMATCH	w118:188	out[0] max|delta|=1.303e+01 (rtol=0.01 atol=0.001)	n0*=addmm.out(L0,L1,L2,·,·,·)
MISMATCH	w118:419	out[0] max|delta|=1.455e+01 (rtol=0.01 atol=0.001)	n0*=addmm.out(L0,L1,L2,·,·,·)
MISMATCH	w119:206	out[0] max|delta|=1.327e+01 (rtol=0.01 atol=0.001)	n0*=addmm.out(L0,L1,L2,·,·,·)
MISMATCH	w119:437	out[0] max|delta|=9.378e+00 (rtol=0.01 atol=0.001)	n0*=addmm.out(L0,L1,L2,·,·,·)
MISMATCH	w119:668	out[0] max|delta|=5.009e+00 (rtol=0.01 atol=0.001)	n0*=addmm.out(L0,L1,L2,·,·,·)
MISMATCH	w11:285	out[0] max|delta|=4.219e+00 (rtol=0.01 atol=0.001)	n0*=addmm.out(L0,L1,L2,·,·,·)
MISMATCH	w11:516	out[0] max|delta|=1.712e+01 (rtol=0.01 atol=0.001)	n0*=addmm.out(L0,L1,L2,·,·,·)
MISMATCH	w11:747	out[0] max|delta|=4.773e+00 (rtol=0.01 atol=0.001)	n0*=addmm.out(L0,L1,L2,·,·,·)
MISMATCH	w120:27	out[0] max|delta|=1.949e+01 (rtol=0.01 atol=0.001)	n0*=addmm.out(L0,L1,L2,·,·,·)
MISMATCH	w121:339	out[0] max|delta|=2.397e+00 (rtol=0.01 atol=0.001)	n0*=addmm.out(L0,L1,L2,·,·,·)
MISMATCH	w122:273	out[0] max|delta|=1.200e+01 (rtol=0.01 atol=0.001)	n0*=addmm.out(L0,L1,L2,·,·,·)
MISMATCH	w122:42	out[0] max|delta|=1.220e+01 (rtol=0.01 atol=0.001)	n0*=addmm.out(L0,L1,L2,·,·,·)
MISMATCH	w123:349	out[0] max|delta|=1.236e+01 (rtol=0.01 atol=0.001)	n0*=addmm.out(L0,L1,L2,·,·,·)
MISMATCH	w124:544	out[0] max|delta|=3.498e+00 (rtol=0.01 atol=0.001)	n0*=addmm.out(L0,L1,L2,·,·,·)
MISMATCH	w124:775	out[0] max|delta|=2.012e+01 (rtol=0.01 atol=0.001)	n0*=addmm.out(L0,L1,L2,·,·,·)
MISMATCH	w125:235	out[0] max|delta|=8.857e+00 (rtol=0.01 atol=0.001)	n0*=addmm.out(L0,L1,L2,·,·,·)
MISMATCH	w125:4	out[0] max|delta|=1.659e+01 (rtol=0.01 atol=0.001)	n0*=addmm.out(L0,L1,L2,·,·,·)
MISMATCH	w125:697	out[0] max|delta|=2.872e+01 (rtol=0.01 atol=0.001)	n0*=addmm.out(L0,L1,L2,·,·,·)
MISMATCH	w126:253	out[0] max|delta|=2.021e+01 (rtol=0.01 atol=0.001)	n0*=addmm.out(L0,L1,L2,·,·,·)
MISMATCH	w126:484	out[0] max|delta|=8.602e+00 (rtol=0.01 atol=0.001)	n0*=addmm.out(L0,L1,L2,·,·,·)
MISMATCH	w126:715	out[0] max|delta|=1.236e+01 (rtol=0.01 atol=0.001)	n0*=addmm.out(L0,L1,L2,·,·,·)
MISMATCH	w127:150	out[0] max|delta|=1.212e+01 (rtol=0.01 atol=0.001)	n0*=addmm.out(L0,L1,L2,·,·,·)
MISMATCH	w127:612	out[0] max|delta|=5.383e+00 (rtol=0.01 atol=0.001)	n0*=addmm.out(L0,L1,L2,·,·,·)
MISMATCH	w12:161	out[0] max|delta|=1.119e+01 (rtol=0.01 atol=0.001)	n0*=addmm.out(L0,L1,L2,·,·,·)
MISMATCH	w13:324	out[0] max|delta|=8.201e+00 (rtol=0.01 atol=0.001)	n0*=addmm.out(L0,L1,L2,·,·,·)
MISMATCH	w14:160	out[0] max|delta|=6.093e+00 (rtol=0.01 atol=0.001)	n0*=addmm.out(L0,L1,L2,·,·,·)
MISMATCH	w15:230	out[0] max|delta|=5.732e+00 (rtol=0.01 atol=0.001)	n0*=addmm.out(L0,L1,L2,·,·,·)
MISMATCH	w15:692	out[0] max|delta|=2.124e+01 (rtol=0.01 atol=0.001)	n0*=addmm.out(L0,L1,L2,·,·,·)
MISMATCH	w16:282	out[0] max|delta|=2.936e+01 (rtol=0.01 atol=0.001)	n0*=addmm.out(L0,L1,L2,·,·,·)
MISMATCH	w16:744	out[0] max|delta|=1.269e+01 (rtol=0.01 atol=0.001)	n0*=addmm.out(L0,L1,L2,·,·,·)
MISMATCH	w17:162	out[0] max|delta|=2.044e+01 (rtol=0.01 atol=0.001)	n0*=addmm.out(L0,L1,L2,·,·,·)
MISMATCH	w17:393	out[0] max|delta|=4.727e+00 (rtol=0.01 atol=0.001)	n0*=addmm.out(L0,L1,L2,·,·,·)
MISMATCH	w18:552	out[0] max|delta|=1.541e+01 (rtol=0.01 atol=0.001)	n0*=addmm.out(L0,L1,L2,·,·,·)
MISMATCH	w19:222	out[0] max|delta|=2.683e+00 (rtol=0.01 atol=0.001)	n0*=addmm.out(L0,L1,L2,·,·,·)
MISMATCH	w19:684	out[0] max|delta|=1.011e+01 (rtol=0.01 atol=0.001)	n0*=addmm.out(L0,L1,L2,·,·,·)
MISMATCH	w1:308	out[0] max|delta|=1.949e+01 (rtol=0.01 atol=0.001)	n0*=addmm.out(L0,L1,L2,·,·,·)
MISMATCH	w1:77	out[0] max|delta|=1.185e+01 (rtol=0.01 atol=0.001)	n0*=addmm.out(L0,L1,L2,·,·,·)
MISMATCH	w1:770	out[0] max|delta|=1.594e+00 (rtol=0.01 atol=0.001)	n0*=addmm.out(L0,L1,L2,·,·,·)
MISMATCH	w20:531	out[0] max|delta|=2.056e+01 (rtol=0.01 atol=0.001)	n0*=addmm.out(L0,L1,L2,·,·,·)
MISMATCH	w21:535	out[0] max|delta|=2.050e+01 (rtol=0.01 atol=0.001)	n0*=addmm.out(L0,L1,L2,·,·,·)
MISMATCH	w21:73	out[0] max|delta|=1.836e+01 (rtol=0.01 atol=0.001)	n0*=addmm.out(L0,L1,L2,·,·,·)
MISMATCH	w22:229	out[0] max|delta|=2.767e+01 (rtol=0.01 atol=0.001)	n0*=addmm.out(L0,L1,L2,·,·,·)
MISMATCH	w22:691	out[0] max|delta|=2.397e+00 (rtol=0.01 atol=0.001)	n0*=addmm.out(L0,L1,L2,·,·,·)
MISMATCH	w23:214	out[0] max|delta|=2.171e+01 (rtol=0.01 atol=0.001)	n0*=addmm.out(L0,L1,L2,·,·,·)
MISMATCH	w24:166	out[0] max|delta|=6.481e+00 (rtol=0.01 atol=0.001)	n0*=addmm.out(L0,L1,L2,·,·,·)
MISMATCH	w24:397	out[0] max|delta|=1.839e+01 (rtol=0.01 atol=0.001)	n0*=addmm.out(L0,L1,L2,·,·,·)
MISMATCH	w25:582	out[0] max|delta|=1.126e+01 (rtol=0.01 atol=0.001)	n0*=addmm.out(L0,L1,L2,·,·,·)
MISMATCH	w26:132	out[0] max|delta|=1.022e+01 (rtol=0.01 atol=0.001)	n0*=addmm.out(L0,L1,L2,·,·,·)
MISMATCH	w26:363	out[0] max|delta|=1.252e+01 (rtol=0.01 atol=0.001)	n0*=addmm.out(L0,L1,L2,·,·,·)
MISMATCH	w27:163	out[0] max|delta|=2.419e+01 (rtol=0.01 atol=0.001)	n0*=addmm.out(L0,L1,L2,·,·,·)
MISMATCH	w28:132	out[0] max|delta|=7.931e+00 (rtol=0.01 atol=0.001)	n0*=addmm.out(L0,L1,L2,·,·,·)
MISMATCH	w29:106	out[0] max|delta|=1.090e+01 (rtol=0.01 atol=0.001)	n0*=addmm.out(L0,L1,L2,·,·,·)
MISMATCH	w29:568	out[0] max|delta|=3.320e+01 (rtol=0.01 atol=0.001)	n0*=addmm.out(L0,L1,L2,·,·,·)
MISMATCH	w30:588	out[0] max|delta|=7.419e+00 (rtol=0.01 atol=0.001)	n0*=addmm.out(L0,L1,L2,·,·,·)
MISMATCH	w31:407	out[0] max|delta|=3.327e+00 (rtol=0.01 atol=0.001)	n0*=addmm.out(L0,L1,L2,·,·,·)
MISMATCH	w31:638	out[0] max|delta|=1.811e-01 (rtol=0.01 atol=0.001)	n0*=addmm.out(L0,L1,L2,·,·,·)
MISMATCH	w32:385	out[0] max|delta|=1.011e+01 (rtol=0.01 atol=0.001)	n0*=addmm.out(L0,L1,L2,·,·,·)
MISMATCH	w32:616	out[0] max|delta|=1.673e+01 (rtol=0.01 atol=0.001)	n0*=addmm.out(L0,L1,L2,·,·,·)
MISMATCH	w33:137	out[0] max|delta|=2.552e+01 (rtol=0.01 atol=0.001)	n0*=addmm.out(L0,L1,L2,·,·,·)
MISMATCH	w33:368	out[0] max|delta|=1.252e+01 (rtol=0.01 atol=0.001)	n0*=addmm.out(L0,L1,L2,·,·,·)
MISMATCH	w34:322	out[0] max|delta|=5.804e+00 (rtol=0.01 atol=0.001)	n0*=addmm.out(L0,L1,L2,·,·,·)
MISMATCH	w34:553	out[0] max|delta|=1.170e+01 (rtol=0.01 atol=0.001)	n0*=addmm.out(L0,L1,L2,·,·,·)
MISMATCH	w35:262	out[0] max|delta|=2.274e+01 (rtol=0.01 atol=0.001)	n0*=addmm.out(L0,L1,L2,·,·,·)
MISMATCH	w35:31	out[0] max|delta|=9.042e+00 (rtol=0.01 atol=0.001)	n0*=addmm.out(L0,L1,L2,·,·,·)
MISMATCH	w35:493	out[0] max|delta|=1.212e+01 (rtol=0.01 atol=0.001)	n0*=addmm.out(L0,L1,L2,·,·,·)
MISMATCH	w36:253	out[0] max|delta|=1.682e+01 (rtol=0.01 atol=0.001)	n0*=addmm.out(L0,L1,L2,·,·,·)
MISMATCH	w36:484	out[0] max|delta|=3.676e+00 (rtol=0.01 atol=0.001)	n0*=addmm.out(L0,L1,L2,·,·,·)
MISMATCH	w36:715	out[0] max|delta|=1.537e+01 (rtol=0.01 atol=0.001)	n0*=addmm.out(L0,L1,L2,·,·,·)
MISMATCH	w38:316	out[0] max|delta|=8.291e+00 (rtol=0.01 atol=0.001)	n0*=addmm.out(L0,L1,L2,·,·,·)
MISMATCH	w38:778	out[0] max|delta|=1.742e+01 (rtol=0.01 atol=0.001)	n0*=addmm.out(L0,L1,L2,·,·,·)
MISMATCH	w39:526	out[0] max|delta|=3.498e+00 (rtol=0.01 atol=0.001)	n0*=addmm.out(L0,L1,L2,·,·,·)
MISMATCH	w39:64	out[0] max|delta|=1.778e+01 (rtol=0.01 atol=0.001)	n0*=addmm.out(L0,L1,L2,·,·,·)
MISMATCH	w39:757	out[0] max|delta|=4.783e+00 (rtol=0.01 atol=0.001)	n0*=addmm.out(L0,L1,L2,·,·,·)
MISMATCH	w3:437	out[0] max|delta|=1.278e+01 (rtol=0.01 atol=0.001)	n0*=addmm.out(L0,L1,L2,·,·,·)
MISMATCH	w3:668	out[0] max|delta|=9.522e+00 (rtol=0.01 atol=0.001)	n0*=addmm.out(L0,L1,L2,·,·,·)
MISMATCH	w40:293	out[0] max|delta|=2.875e+00 (rtol=0.01 atol=0.001)	n0*=addmm.out(L0,L1,L2,·,·,·)
MISMATCH	w40:62	out[0] max|delta|=1.964e+01 (rtol=0.01 atol=0.001)	n0*=addmm.out(L0,L1,L2,·,·,·)
MISMATCH	w40:755	out[0] max|delta|=1.386e+01 (rtol=0.01 atol=0.001)	n0*=addmm.out(L0,L1,L2,·,·,·)
MISMATCH	w41:103	out[0] max|delta|=9.591e+00 (rtol=0.01 atol=0.001)	n0*=addmm.out(L0,L1,L2,·,·,·)
MISMATCH	w43:130	out[0] max|delta|=1.168e+01 (rtol=0.01 atol=0.001)	n0*=addmm.out(L0,L1,L2,·,·,·)
MISMATCH	w44:59	out[0] max|delta|=2.377e+01 (rtol=0.01 atol=0.001)	n0*=addmm.out(L0,L1,L2,·,·,·)
MISMATCH	w44:752	out[0] max|delta|=2.401e+00 (rtol=0.01 atol=0.001)	n0*=addmm.out(L0,L1,L2,·,·,·)
MISMATCH	w45:541	out[0] max|delta|=1.389e+01 (rtol=0.01 atol=0.001)	n0*=addmm.out(L0,L1,L2,·,·,·)
MISMATCH	w45:79	out[0] max|delta|=2.075e+01 (rtol=0.01 atol=0.001)	n0*=addmm.out(L0,L1,L2,·,·,·)
MISMATCH	w46:68	out[0] max|delta|=1.901e+01 (rtol=0.01 atol=0.001)	n0*=addmm.out(L0,L1,L2,·,·,·)
MISMATCH	w47:307	out[0] max|delta|=7.596e+00 (rtol=0.01 atol=0.001)	n0*=addmm.out(L0,L1,L2,·,·,·)
MISMATCH	w49:156	out[0] max|delta|=1.301e+01 (rtol=0.01 atol=0.001)	n0*=addmm.out(L0,L1,L2,·,·,·)
MISMATCH	w49:387	out[0] max|delta|=9.816e+00 (rtol=0.01 atol=0.001)	n0*=addmm.out(L0,L1,L2,·,·,·)
MISMATCH	w4:230	out[0] max|delta|=1.250e+01 (rtol=0.01 atol=0.001)	n0*=addmm.out(L0,L1,L2,·,·,·)
MISMATCH	w4:461	out[0] max|delta|=1.077e+01 (rtol=0.01 atol=0.001)	n0*=addmm.out(L0,L1,L2,·,·,·)
MISMATCH	w4:692	out[0] max|delta|=8.116e+00 (rtol=0.01 atol=0.001)	n0*=addmm.out(L0,L1,L2,·,·,·)
MISMATCH	w50:142	out[0] max|delta|=2.171e+01 (rtol=0.01 atol=0.001)	n0*=addmm.out(L0,L1,L2,·,·,·)
MISMATCH	w51:180	out[0] max|delta|=3.085e+01 (rtol=0.01 atol=0.001)	n0*=addmm.out(L0,L1,L2,·,·,·)
MISMATCH	w51:642	out[0] max|delta|=2.220e+01 (rtol=0.01 atol=0.001)	n0*=addmm.out(L0,L1,L2,·,·,·)
MISMATCH	w52:236	out[0] max|delta|=2.660e+01 (rtol=0.01 atol=0.001)	n0*=addmm.out(L0,L1,L2,·,·,·)
MISMATCH	w52:698	out[0] max|delta|=1.438e+01 (rtol=0.01 atol=0.001)	n0*=addmm.out(L0,L1,L2,·,·,·)
MISMATCH	w53:272	out[0] max|delta|=2.497e+01 (rtol=0.01 atol=0.001)	n0*=addmm.out(L0,L1,L2,·,·,·)
MISMATCH	w54:335	out[0] max|delta|=1.736e+01 (rtol=0.01 atol=0.001)	n0*=addmm.out(L0,L1,L2,·,·,·)
MISMATCH	w55:292	out[0] max|delta|=1.617e+01 (rtol=0.01 atol=0.001)	n0*=addmm.out(L0,L1,L2,·,·,·)
MISMATCH	w55:754	out[0] max|delta|=2.485e+01 (rtol=0.01 atol=0.001)	n0*=addmm.out(L0,L1,L2,·,·,·)
MISMATCH	w56:264	out[0] max|delta|=9.258e+00 (rtol=0.01 atol=0.001)	n0*=addmm.out(L0,L1,L2,·,·,·)
MISMATCH	w56:33	out[0] max|delta|=8.437e+00 (rtol=0.01 atol=0.001)	n0*=addmm.out(L0,L1,L2,·,·,·)
MISMATCH	w56:495	out[0] max|delta|=1.455e+01 (rtol=0.01 atol=0.001)	n0*=addmm.out(L0,L1,L2,·,·,·)
MISMATCH	w56:726	out[0] max|delta|=5.569e+00 (rtol=0.01 atol=0.001)	n0*=addmm.out(L0,L1,L2,·,·,·)
MISMATCH	w57:257	out[0] max|delta|=2.226e+00 (rtol=0.01 atol=0.001)	n0*=addmm.out(L0,L1,L2,·,·,·)
MISMATCH	w57:488	out[0] max|delta|=1.138e+01 (rtol=0.01 atol=0.001)	n0*=addmm.out(L0,L1,L2,·,·,·)
MISMATCH	w58:218	out[0] max|delta|=7.419e+00 (rtol=0.01 atol=0.001)	n0*=addmm.out(L0,L1,L2,·,·,·)
MISMATCH	w58:449	out[0] max|delta|=1.993e+01 (rtol=0.01 atol=0.001)	n0*=addmm.out(L0,L1,L2,·,·,·)
MISMATCH	w58:680	out[0] max|delta|=6.849e+00 (rtol=0.01 atol=0.001)	n0*=addmm.out(L0,L1,L2,·,·,·)
MISMATCH	w59:535	out[0] max|delta|=9.633e+00 (rtol=0.01 atol=0.001)	n0*=addmm.out(L0,L1,L2,·,·,·)
MISMATCH	w5:314	out[0] max|delta|=1.767e+01 (rtol=0.01 atol=0.001)	n0*=addmm.out(L0,L1,L2,·,·,·)
MISMATCH	w5:776	out[0] max|delta|=1.000e+01 (rtol=0.01 atol=0.001)	n0*=addmm.out(L0,L1,L2,·,·,·)
MISMATCH	w60:130	out[0] max|delta|=4.727e+00 (rtol=0.01 atol=0.001)	n0*=addmm.out(L0,L1,L2,·,·,·)
MISMATCH	w60:592	out[0] max|delta|=2.272e+01 (rtol=0.01 atol=0.001)	n0*=addmm.out(L0,L1,L2,·,·,·)
MISMATCH	w61:192	out[0] max|delta|=2.397e+00 (rtol=0.01 atol=0.001)	n0*=addmm.out(L0,L1,L2,·,·,·)
MISMATCH	w61:423	out[0] max|delta|=2.872e+01 (rtol=0.01 atol=0.001)	n0*=addmm.out(L0,L1,L2,·,·,·)
MISMATCH	w62:168	out[0] max|delta|=2.398e+01 (rtol=0.01 atol=0.001)	n0*=addmm.out(L0,L1,L2,·,·,·)
MISMATCH	w62:399	out[0] max|delta|=2.192e+01 (rtol=0.01 atol=0.001)	n0*=addmm.out(L0,L1,L2,·,·,·)
MISMATCH	w63:326	out[0] max|delta|=2.592e+01 (rtol=0.01 atol=0.001)	n0*=addmm.out(L0,L1,L2,·,·,·)
MISMATCH	w64:150	out[0] max|delta|=1.870e+01 (rtol=0.01 atol=0.001)	n0*=addmm.out(L0,L1,L2,·,·,·)
MISMATCH	w64:612	out[0] max|delta|=1.170e+01 (rtol=0.01 atol=0.001)	n0*=addmm.out(L0,L1,L2,·,·,·)
MISMATCH	w65:287	out[0] max|delta|=1.091e+01 (rtol=0.01 atol=0.001)	n0*=addmm.out(L0,L1,L2,·,·,·)
MISMATCH	w65:518	out[0] max|delta|=2.543e+01 (rtol=0.01 atol=0.001)	n0*=addmm.out(L0,L1,L2,·,·,·)
MISMATCH	w65:56	out[0] max|delta|=9.806e+00 (rtol=0.01 atol=0.001)	n0*=addmm.out(L0,L1,L2,·,·,·)
MISMATCH	w66:379	out[0] max|delta|=1.056e+01 (rtol=0.01 atol=0.001)	n0*=addmm.out(L0,L1,L2,·,·,·)
MISMATCH	w66:610	out[0] max|delta|=2.225e+01 (rtol=0.01 atol=0.001)	n0*=addmm.out(L0,L1,L2,·,·,·)
MISMATCH	w68:225	out[0] max|delta|=2.211e+00 (rtol=0.01 atol=0.001)	n0*=addmm.out(L0,L1,L2,·,·,·)
MISMATCH	w68:687	out[0] max|delta|=1.659e+01 (rtol=0.01 atol=0.001)	n0*=addmm.out(L0,L1,L2,·,·,·)
MISMATCH	w69:777	out[0] max|delta|=2.225e+01 (rtol=0.01 atol=0.001)	n0*=addmm.out(L0,L1,L2,·,·,·)
MISMATCH	w69:84	out[0] max|delta|=2.351e+01 (rtol=0.01 atol=0.001)	n0*=addmm.out(L0,L1,L2,·,·,·)
MISMATCH	w6:307	out[0] max|delta|=7.610e+00 (rtol=0.01 atol=0.001)	n0*=addmm.out(L0,L1,L2,·,·,·)
MISMATCH	w6:538	out[0] max|delta|=7.942e+00 (rtol=0.01 atol=0.001)	n0*=addmm.out(L0,L1,L2,·,·,·)
MISMATCH	w70:204	out[0] max|delta|=1.870e+01 (rtol=0.01 atol=0.001)	n0*=addmm.out(L0,L1,L2,·,·,·)
MISMATCH	w70:435	out[0] max|delta|=1.011e+01 (rtol=0.01 atol=0.001)	n0*=addmm.out(L0,L1,L2,·,·,·)
MISMATCH	w70:666	out[0] max|delta|=1.643e+01 (rtol=0.01 atol=0.001)	n0*=addmm.out(L0,L1,L2,·,·,·)
MISMATCH	w71:543	out[0] max|delta|=7.221e+00 (rtol=0.01 atol=0.001)	n0*=addmm.out(L0,L1,L2,·,·,·)
MISMATCH	w71:774	out[0] max|delta|=1.361e+01 (rtol=0.01 atol=0.001)	n0*=addmm.out(L0,L1,L2,·,·,·)
MISMATCH	w71:81	out[0] max|delta|=7.551e+00 (rtol=0.01 atol=0.001)	n0*=addmm.out(L0,L1,L2,·,·,·)
MISMATCH	w74:189	out[0] max|delta|=7.152e+00 (rtol=0.01 atol=0.001)	n0*=addmm.out(L0,L1,L2,·,·,·)
MISMATCH	w74:420	out[0] max|delta|=1.185e+01 (rtol=0.01 atol=0.001)	n0*=addmm.out(L0,L1,L2,·,·,·)
MISMATCH	w74:651	out[0] max|delta|=5.839e+00 (rtol=0.01 atol=0.001)	n0*=addmm.out(L0,L1,L2,·,·,·)
MISMATCH	w75:543	out[0] max|delta|=1.991e+01 (rtol=0.01 atol=0.001)	n0*=addmm.out(L0,L1,L2,·,·,·)
MISMATCH	w75:774	out[0] max|delta|=1.438e+01 (rtol=0.01 atol=0.001)	n0*=addmm.out(L0,L1,L2,·,·,·)
MISMATCH	w75:81	out[0] max|delta|=1.415e+01 (rtol=0.01 atol=0.001)	n0*=addmm.out(L0,L1,L2,·,·,·)
MISMATCH	w76:155	out[0] max|delta|=2.397e+00 (rtol=0.01 atol=0.001)	n0*=addmm.out(L0,L1,L2,·,·,·)
MISMATCH	w76:386	out[0] max|delta|=2.643e+01 (rtol=0.01 atol=0.001)	n0*=addmm.out(L0,L1,L2,·,·,·)
MISMATCH	w76:617	out[0] max|delta|=1.186e+01 (rtol=0.01 atol=0.001)	n0*=addmm.out(L0,L1,L2,·,·,·)
MISMATCH	w77:172	out[0] max|delta|=1.742e+01 (rtol=0.01 atol=0.001)	n0*=addmm.out(L0,L1,L2,·,·,·)
MISMATCH	w78:292	out[0] max|delta|=7.221e+00 (rtol=0.01 atol=0.001)	n0*=addmm.out(L0,L1,L2,·,·,·)
MISMATCH	w78:523	out[0] max|delta|=6.484e+00 (rtol=0.01 atol=0.001)	n0*=addmm.out(L0,L1,L2,·,·,·)
MISMATCH	w78:61	out[0] max|delta|=2.171e+01 (rtol=0.01 atol=0.001)	n0*=addmm.out(L0,L1,L2,·,·,·)
MISMATCH	w7:272	out[0] max|delta|=1.594e+00 (rtol=0.01 atol=0.001)	n0*=addmm.out(L0,L1,L2,·,·,·)
MISMATCH	w7:41	out[0] max|delta|=7.610e+00 (rtol=0.01 atol=0.001)	n0*=addmm.out(L0,L1,L2,·,·,·)
MISMATCH	w7:503	out[0] max|delta|=1.121e+01 (rtol=0.01 atol=0.001)	n0*=addmm.out(L0,L1,L2,·,·,·)
MISMATCH	w7:734	out[0] max|delta|=1.476e+01 (rtol=0.01 atol=0.001)	n0*=addmm.out(L0,L1,L2,·,·,·)
MISMATCH	w80:282	out[0] max|delta|=1.692e+01 (rtol=0.01 atol=0.001)	n0*=addmm.out(L0,L1,L2,·,·,·)
MISMATCH	w80:51	out[0] max|delta|=2.220e+01 (rtol=0.01 atol=0.001)	n0*=addmm.out(L0,L1,L2,·,·,·)
MISMATCH	w80:513	out[0] max|delta|=6.976e+00 (rtol=0.01 atol=0.001)	n0*=addmm.out(L0,L1,L2,·,·,·)
MISMATCH	w80:744	out[0] max|delta|=1.303e+01 (rtol=0.01 atol=0.001)	n0*=addmm.out(L0,L1,L2,·,·,·)
MISMATCH	w81:289	out[0] max|delta|=1.236e+01 (rtol=0.01 atol=0.001)	n0*=addmm.out(L0,L1,L2,·,·,·)
MISMATCH	w81:520	out[0] max|delta|=7.960e+00 (rtol=0.01 atol=0.001)	n0*=addmm.out(L0,L1,L2,·,·,·)
MISMATCH	w81:58	out[0] max|delta|=5.899e+00 (rtol=0.01 atol=0.001)	n0*=addmm.out(L0,L1,L2,·,·,·)
MISMATCH	w81:751	out[0] max|delta|=1.220e+01 (rtol=0.01 atol=0.001)	n0*=addmm.out(L0,L1,L2,·,·,·)
MISMATCH	w82:129	out[0] max|delta|=1.778e+01 (rtol=0.01 atol=0.001)	n0*=addmm.out(L0,L1,L2,·,·,·)
MISMATCH	w82:360	out[0] max|delta|=1.887e+01 (rtol=0.01 atol=0.001)	n0*=addmm.out(L0,L1,L2,·,·,·)
MISMATCH	w82:591	out[0] max|delta|=1.455e+01 (rtol=0.01 atol=0.001)	n0*=addmm.out(L0,L1,L2,·,·,·)
MISMATCH	w83:575	out[0] max|delta|=2.210e+01 (rtol=0.01 atol=0.001)	n0*=addmm.out(L0,L1,L2,·,·,·)
MISMATCH	w85:376	out[0] max|delta|=2.866e+00 (rtol=0.01 atol=0.001)	n0*=addmm.out(L0,L1,L2,·,·,·)
MISMATCH	w86:323	out[0] max|delta|=1.000e+01 (rtol=0.01 atol=0.001)	n0*=addmm.out(L0,L1,L2,·,·,·)
MISMATCH	w87:125	out[0] max|delta|=1.901e+01 (rtol=0.01 atol=0.001)	n0*=addmm.out(L0,L1,L2,·,·,·)
MISMATCH	w87:356	out[0] max|delta|=2.651e+01 (rtol=0.01 atol=0.001)	n0*=addmm.out(L0,L1,L2,·,·,·)
MISMATCH	w87:587	out[0] max|delta|=2.866e+00 (rtol=0.01 atol=0.001)	n0*=addmm.out(L0,L1,L2,·,·,·)
MISMATCH	w88:119	out[0] max|delta|=7.931e+00 (rtol=0.01 atol=0.001)	n0*=addmm.out(L0,L1,L2,·,·,·)
MISMATCH	w89:34	out[0] max|delta|=3.182e+00 (rtol=0.01 atol=0.001)	n0*=addmm.out(L0,L1,L2,·,·,·)
MISMATCH	w89:496	out[0] max|delta|=9.522e+00 (rtol=0.01 atol=0.001)	n0*=addmm.out(L0,L1,L2,·,·,·)
MISMATCH	w89:727	out[0] max|delta|=1.126e+01 (rtol=0.01 atol=0.001)	n0*=addmm.out(L0,L1,L2,·,·,·)
MISMATCH	w8:670	out[0] max|delta|=1.278e+01 (rtol=0.01 atol=0.001)	n0*=addmm.out(L0,L1,L2,·,·,·)
MISMATCH	w90:468	out[0] max|delta|=6.226e-02 (rtol=0.01 atol=0.001)	n0*=addmm.out(L0,L1,L2,·,·,·)
MISMATCH	w91:51	out[0] max|delta|=4.773e+00 (rtol=0.01 atol=0.001)	n0*=addmm.out(L0,L1,L2,·,·,·)
MISMATCH	w91:513	out[0] max|delta|=2.082e+01 (rtol=0.01 atol=0.001)	n0*=addmm.out(L0,L1,L2,·,·,·)
MISMATCH	w91:744	out[0] max|delta|=8.981e+00 (rtol=0.01 atol=0.001)	n0*=addmm.out(L0,L1,L2,·,·,·)
MISMATCH	w92:116	out[0] max|delta|=1.212e+01 (rtol=0.01 atol=0.001)	n0*=addmm.out(L0,L1,L2,·,·,·)
MISMATCH	w93:417	out[0] max|delta|=1.627e+01 (rtol=0.01 atol=0.001)	n0*=addmm.out(L0,L1,L2,·,·,·)
MISMATCH	w93:648	out[0] max|delta|=1.931e+01 (rtol=0.01 atol=0.001)	n0*=addmm.out(L0,L1,L2,·,·,·)
MISMATCH	w94:532	out[0] max|delta|=3.793e+00 (rtol=0.01 atol=0.001)	n0*=addmm.out(L0,L1,L2,·,·,·)
MISMATCH	w94:70	out[0] max|delta|=4.783e+00 (rtol=0.01 atol=0.001)	n0*=addmm.out(L0,L1,L2,·,·,·)
MISMATCH	w94:763	out[0] max|delta|=2.853e+00 (rtol=0.01 atol=0.001)	n0*=addmm.out(L0,L1,L2,·,·,·)
MISMATCH	w95:2	out[0] max|delta|=2.211e+00 (rtol=0.01 atol=0.001)	n0*=addmm.out(L0,L1,L2,·,·,·)
MISMATCH	w95:464	out[0] max|delta|=2.683e+00 (rtol=0.01 atol=0.001)	n0*=addmm.out(L0,L1,L2,·,·,·)
MISMATCH	w95:695	out[0] max|delta|=4.441e+00 (rtol=0.01 atol=0.001)	n0*=addmm.out(L0,L1,L2,·,·,·)
MISMATCH	w9:312	out[0] max|delta|=1.303e+01 (rtol=0.01 atol=0.001)	n0*=addmm.out(L0,L1,L2,·,·,·)
MISMATCH	w9:543	out[0] max|delta|=2.226e+00 (rtol=0.01 atol=0.001)	n0*=addmm.out(L0,L1,L2,·,·,·)
MISMATCH	w9:81	out[0] max|delta|=1.301e+01 (rtol=0.01 atol=0.001)	n0*=addmm.out(L0,L1,L2,·,·,·)
