job_id	out_idx	verdict	cone_size	required	detail
w0:153	0	LOWERFAIL			BUILD:SKIP
w10:134	0	LOWERFAIL			BUILD:SKIP
w10:221	0	COMPOSITIONAL	1	n0	
w10:641	2	LOWERFAIL			BUILD:SKIP
w100:423	0	LOWERFAIL			BUILD:SKIP
w101:483	3	SIBLING_DEPENDENT	4	n3	
w102:30	0	OPERATOR	2		
w102:85	3	OPERATOR	3		
w103:242	3	SIBLING_DEPENDENT	4	n2,n5	
w103:246	0	SIBLING_DEPENDENT	2	n7	
w103:533	0	OPERATOR	1		
w103:712	0	COMPOSITIONAL	3	n0	
w103:9	0	OPERATOR	1		
w105:126	0	LOWERFAIL			BUILD:SKIP
w105:444	2	LOWERFAIL			BUILD:SKIP
w105:594	4	LOWERFAIL			BUILD:SKIP
w107:194	1	COMPOSITIONAL	2	n3,n0	
w107:543	2	SIBLING_DEPENDENT	4	n6	
w107:647	0	LOWERFAIL			BUILD:SKIP
w108:526	0	COMPOSITIONAL	4	n2,n3	
w108:759	1	LOWERFAIL			BUILD:SKIP
w109:116	2	OPERATOR	2		
w111:215	0	OPERATOR	1		
w111:550	3	SIBLING_DEPENDENT	3	n3	
w112:355	1	LOWERFAIL			BUILD:SKIP
w113:293	1	COMPOSITIONAL	3	n5	
w113:537	1	LOWERFAIL			BUILD:SKIP
w113:682	0	LOWERFAIL			BUILD:SKIP
w114:228	3	LOWERFAIL			BUILD:SKIP
w115:71	1	LOWERFAIL			BUILD:SKIP
w115:79	1	SIBLING_DEPENDENT	4	n1	
w116:264	2	ERROR			DEV:CRASH
w116:315	2	LOWERFAIL			BUILD:SKIP
w116:619	0	OPERATOR	2		
w116:92	0	LOWERFAIL			BUILD:SKIP
w117:243	2	OPERATOR	3		
w117:44	3	LOWERFAIL			BUILD:SKIP
w117:608	2	LOWERFAIL			BUILD:SKIP
w118:433	1	SIBLING_DEPENDENT	4	n2	
w118:563	3	OPERATOR	3		
w119:744	0	OPERATOR	1		
w12:235	3	LOWERFAIL			BUILD:SKIP
w12:533	2	SIBLING_DEPENDENT	3	n12	
w120:742	0	OPERATOR	1		
w121:351	2	LOWERFAIL			BUILD:SKIP
w121:588	0	COMPOSITIONAL	1	n0	
w122:702	2	SIBLING_DEPENDENT	2	n1	
w123:315	3	LOWERFAIL			BUILD:SKIP
w123:323	1	SIBLING_DEPENDENT	3	n7	
w123:36	1	LOWERFAIL			BUILD:SKIP
w123:49	0	SIBLING_DEPENDENT	3	n6,n7	
w123:500	2	OPERATOR	3		
w0:153	0	DEV:TIMEOUT			DEV:TIMEOUT
w10:134	0	CONE_LOCAL_CANT_SPLIT	2		cone_build_skip
w10:641	2	CONE_LOCAL_CANT_SPLIT	3		cone_build_skip
w100:423	0	CONE_LOCAL_CANT_SPLIT	1		cone_build_skip
w105:126	0	CONE_LOCAL_CANT_SPLIT	4		cone_build_skip
w105:444	2	CONE_LOCAL_CANT_SPLIT	6		cone_build_skip
w105:594	4	CONE_LOCAL_CANT_SPLIT	2		cone_build_skip
w107:647	0	CONE_LOCAL_CANT_SPLIT	3		cone_build_skip
w108:759	1	CONE_LOCAL_CANT_SPLIT	3		cone_build_skip
w112:355	1	CONE_LOCAL_CANT_SPLIT	6		cone_build_skip
w113:537	1	CONE_LOCAL_CANT_SPLIT	4		cone_build_skip
w113:682	0	CONE_LOCAL_CANT_SPLIT	3		cone_build_skip
w114:228	3	CONE_LOCAL_CANT_SPLIT	2		cone_build_skip
w115:71	1	CONE_LOCAL_CANT_SPLIT	4		cone_build_skip
w116:264	2	CONE_LOCAL_CANT_SPLIT	4		cone_build_skip
w116:315	2	CONE_LOCAL_CANT_SPLIT	3		cone_build_skip
w116:92	0	CONE_LOCAL_CANT_SPLIT	3		cone_build_skip
w117:44	3	CONE_LOCAL_CANT_SPLIT	4		cone_build_skip
w117:608	2	CONE_LOCAL_CANT_SPLIT	3		cone_build_skip
w12:235	3	CONE_LOCAL_CANT_SPLIT	4		cone_build_skip
w121:351	2	CONE_LOCAL_CANT_SPLIT	4		cone_build_skip
w123:315	3	CONE_LOCAL_CANT_SPLIT	1		cone_build_skip
w123:36	1	CONE_LOCAL_CANT_SPLIT	5		cone_build_skip
w124:545	0	OPERATOR	1		
w125:336	3	OPERATOR	4		
w125:360	0	CONE_LOCAL_CANT_SPLIT	1		cone_build_skip
w126:226	0	SIBLING_DEPENDENT	4	n5,n8	
w126:439	0	SIBLING_DEPENDENT	4	n4,n6	
w126:91	2	OPERATOR	5		
w13:19	3	OPERATOR	2		
w13:397	0	SIBLING_DEPENDENT	3	n5	
w13:639	0	SIBLING_DEPENDENT	4	n3	
w14:322	2	OPERATOR	1		
w14:533	0	OPERATOR	2		
w14:557	0	SIBLING_DEPENDENT	3	n5	
w15:380	3	SIBLING_DEPENDENT	4	n6	
w15:574	1	CONE_LOCAL_CANT_SPLIT	4		cone_build_skip
w15:670	2	CONE_LOCAL_CANT_SPLIT	2		cone_build_skip
w16:181	0	COMPOSITIONAL	1	n0	
w16:523	2	CONE_LOCAL_CANT_SPLIT	4		cone_build_skip
w17:108	2	SIBLING_DEPENDENT	4	n8	
w18:215	4	OPERATOR	2		
w18:305	1	OPERATOR	1		
w18:470	0	CONE_LOCAL_CANT_SPLIT	2		cone_build_skip
w18:540	2	SIBLING_DEPENDENT	3	n4	
w18:548	2	OPERATOR	3		
w19:138	5	SIBLING_DEPENDENT	5	n2	
w19:324	1	ERROR			DEV:SKIP
w19:397	1	CONE_LOCAL_CANT_SPLIT	2		cone_build_skip
w19:535	1	CONE_LOCAL_CANT_SPLIT	4		cone_build_skip
w19:60	2	CONE_LOCAL_CANT_SPLIT	2		cone_build_skip
w2:66	3	OPERATOR	2		
w20:145	4	OPERATOR	2		
w21:274	0	OPERATOR	1		
w21:451	2	OPERATOR	1		
w21:567	2	OPERATOR	2		
w22:38	2	CONE_LOCAL_CANT_SPLIT	7		cone_build_skip
w22:498	1	OPERATOR	4		
w23:306	1	COMPOSITIONAL	2	n1	
w23:86	0	OPERATOR	1		
w25:462	1	CONE_LOCAL_CANT_SPLIT	6		cone_build_skip
w25:494	1	OPERATOR	5		
w26:274	0	CONE_LOCAL_CANT_SPLIT	2		cone_build_skip
w26:405	0	COMPOSITIONAL	1	n0	
w26:510	2	SIBLING_DEPENDENT	3	n2	
w26:712	2	SIBLING_DEPENDENT	4	n7	
w28:196	1	COMPOSITIONAL	2	n1	
w29:373	1	ERROR			DEV:CRASH
w3:352	2	CONE_LOCAL_CANT_SPLIT	2		cone_build_skip
w3:356	1	CONE_LOCAL_CANT_SPLIT	2		cone_build_skip
w3:629	0	CONE_LOCAL_CANT_SPLIT	5		cone_build_skip
w30:103	1	OPERATOR	2		
w30:301	0	COMPOSITIONAL	1	n0	
w30:326	2	OPERATOR	1		
w30:335	1	CONE_LOCAL_CANT_SPLIT	10		cone_build_skip
w31:374	2	COMPOSITIONAL	2	n3	
w31:765	0	OPERATOR	1		
w32:517	2	OPERATOR	1		
w32:587	1	DEV:TIMEOUT			DEV:TIMEOUT
w33:749	0	CONE_LOCAL_CANT_SPLIT	6		cone_build_skip
w34:721	2	CONE_LOCAL_CANT_SPLIT	2		cone_build_skip
w35:519	1	SIBLING_DEPENDENT	3	n3	
w35:53	4	OPERATOR	1		
w35:602	1	OPERATOR	6		
w35:668	3	CONE_LOCAL_CANT_SPLIT	3		cone_build_skip
w35:67	4	OPERATOR	2		
w36:188	3	COMPOSITIONAL	2	n1	
w36:769	0	SIBLING_DEPENDENT	2	n13	
w37:316	0	COMPOSITIONAL	3	n3	
w37:576	1	LOWERFAIL			BUILD:SKIP
w37:712	2	COMPOSITIONAL	2	n0,n1	
w37:757	0	CONE_LOCAL_CANT_SPLIT	11		cone_build_skip
w38:138	0	COMPOSITIONAL	1	n0	
w38:341	1	CONE_LOCAL_CANT_SPLIT	2		cone_build_skip
w38:368	1	CONE_LOCAL_CANT_SPLIT	2		cone_build_skip
w39:198	1	OPERATOR	1		
w39:281	0	CONE_LOCAL_CANT_SPLIT	2		cone_build_skip
w39:730	1	CONE_LOCAL_CANT_SPLIT	2		cone_build_skip
w4:72	0	OPERATOR	1		
w40:549	2	CONE_LOCAL_CANT_SPLIT	4		cone_build_skip
w40:658	3	CONE_LOCAL_CANT_SPLIT	3		cone_build_skip
w41:234	2	SIBLING_DEPENDENT	4	n8	
w41:377	2	CONE_LOCAL_CANT_SPLIT	6		cone_build_skip
w41:419	2	CONE_LOCAL_CANT_SPLIT	7		cone_build_skip
w42:414	0	SIBLING_DEPENDENT	2	n6	
w42:751	1	SIBLING_DEPENDENT	2	n5	
w43:103	0	CONE_LOCAL_CANT_SPLIT	1		cone_build_skip
w43:182	0	CONE_LOCAL_CANT_SPLIT	4		cone_build_skip
w43:293	0	CONE_LOCAL_CANT_SPLIT	2		cone_build_skip
w43:46	0	OPERATOR	1		
w44:116	2	CONE_LOCAL_CANT_SPLIT	5		cone_build_skip
w44:342	0	CONE_LOCAL_CANT_SPLIT	2		cone_build_skip
w44:522	3	CONE_LOCAL_CANT_SPLIT	3		cone_build_skip
w44:718	0	CONE_LOCAL_CANT_SPLIT	2		cone_build_skip
w46:181	1	COMPOSITIONAL	8	n9,n8	
w48:312	2	CONE_LOCAL_CANT_SPLIT	3		cone_build_skip
w5:136	0	LOWERFAIL			BUILD:SKIP
w5:167	4	OPERATOR	4		
w5:200	0	COMPOSITIONAL	3	n2,n1	
w49:584	3	CONE_LOCAL_CANT_SPLIT	6		cone_build_skip
w5:690	3	SIBLING_DEPENDENT	4	n3	
w50:185	0	CONE_LOCAL_CANT_SPLIT	2		cone_build_skip
w50:219	3	OPERATOR	6		
w50:411	0	COMPOSITIONAL	1	n0	
w50:550	0	CONE_LOCAL_CANT_SPLIT	1		cone_build_skip
w51:194	2	SIBLING_DEPENDENT	3	n5,n8	
w51:317	1	CONE_LOCAL_CANT_SPLIT	5		cone_build_skip
w51:43	1	SIBLING_DEPENDENT	2	n9	
w52:372	0	OPERATOR	4		
w52:531	2	OPERATOR	3		
w53:65	3	SIBLING_DEPENDENT	4	n2	
w55:114	0	OPERATOR	4		
w55:32	2	CONE_LOCAL_CANT_SPLIT	2		cone_build_skip
w56:125	1	OPERATOR	6		
w56:275	0	SIBLING_DEPENDENT	2	n9	
w56:527	3	OPERATOR	3		
w56:764	0	CONE_LOCAL_CANT_SPLIT	3		cone_build_skip
w57:301	4	SIBLING_DEPENDENT	4	n3	
w56:750	2	OPERATOR	2		
w57:80	1	CONE_LOCAL_CANT_SPLIT	5		cone_build_skip
w58:331	1	CONE_LOCAL_CANT_SPLIT	11		cone_build_skip
w58:56	2	CONE_LOCAL_CANT_SPLIT	1		cone_build_skip
w6:89	0	CONE_LOCAL_CANT_SPLIT	1		cone_build_skip
w60:167	1	OPERATOR	2		
w60:239	2	CONE_LOCAL_CANT_SPLIT	4		cone_build_skip
w61:461	0	OPERATOR	2		
w61:620	2	CONE_LOCAL_CANT_SPLIT	2		cone_build_skip
w62:181	3	OPERATOR	1		
w62:521	1	CONE_LOCAL_CANT_SPLIT	3		cone_build_skip
w62:750	0	CONE_LOCAL_CANT_SPLIT	1		cone_build_skip
w62:771	2	CONE_LOCAL_CANT_SPLIT	3		cone_build_skip
w63:177	1	OPERATOR	4		
w63:390	2	COMPOSITIONAL	4	n6,n1	
w63:485	0	CONE_LOCAL_CANT_SPLIT	5		cone_build_skip
w63:571	0	OPERATOR	4		
w63:677	0	SIBLING_DEPENDENT	3	n4,n7	
w64:598	2	OPERATOR	2		
w64:623	0	ERROR			DEV:SKIP
w65:436	0	SIBLING_DEPENDENT	3	n6	
w65:575	3	OPERATOR	2		
w66:305	1	CONE_LOCAL_CANT_SPLIT	4		cone_build_skip
w66:453	0	OPERATOR	7		
w66:501	1	OPERATOR	4		
w67:740	0	SIBLING_DEPENDENT	3	n7	
w0:153	0	DEV:TIMEOUT			DEV:TIMEOUT
w19:324	1	ERROR			DEV:SKIP
w29:373	1	ERROR			DEV:CRASH
w32:587	1	DEV:TIMEOUT			DEV:TIMEOUT
w37:576	1	LOWERFAIL			BUILD:SKIP
w5:136	0	LOWERFAIL			BUILD:SKIP
w64:623	0	ERROR			DEV:SKIP
w68:425	0	OPERATOR	1		
w69:481	0	DEV:TIMEOUT			DEV:TIMEOUT
w69:513	1	SIBLING_DEPENDENT	3	n3	
w69:58	0	SIBLING_DEPENDENT	3	n4	
w7:546	2	CONE_LOCAL_CANT_SPLIT	1		cone_build_skip
w70:216	0	CONE_LOCAL_CANT_SPLIT	3		cone_build_skip
w70:218	2	CONE_LOCAL_CANT_SPLIT	5		cone_build_skip
w70:601	0	SIBLING_DEPENDENT	3	n6	
w71:72	1	CONE_LOCAL_CANT_SPLIT	5		cone_build_skip
w72:287	1	CONE_LOCAL_CANT_SPLIT	4		cone_build_skip
w72:298	2	CONE_LOCAL_CANT_SPLIT	4		cone_build_skip
w73:249	0	SIBLING_DEPENDENT	3	n5	
w73:517	0	SIBLING_DEPENDENT	4	n6	
w75:181	3	OPERATOR	1		
w75:338	1	CONE_LOCAL_CANT_SPLIT	3		cone_build_skip
w75:134	0	CONE_LOCAL_CANT_SPLIT	2		cone_build_skip
w75:598	0	CONE_LOCAL_CANT_SPLIT	3		cone_build_skip
w76:435	0	CONE_LOCAL_CANT_SPLIT	2		cone_build_skip
w76:512	2	CONE_LOCAL_CANT_SPLIT	5		cone_build_skip
w77:559	0	CONE_LOCAL_CANT_SPLIT	2		cone_build_skip
w79:100	2	OPERATOR	3		
w79:389	0	SIBLING_DEPENDENT	3	n5,n7	
w79:529	3	SIBLING_DEPENDENT	3	n3	
w8:250	1	COMPOSITIONAL	3	n0,n1,n2	
w8:436	2	CONE_LOCAL_CANT_SPLIT	4		cone_build_skip
w80:239	2	CONE_LOCAL_CANT_SPLIT	3		cone_build_skip
w80:491	2	CONE_LOCAL_CANT_SPLIT	4		cone_build_skip
w81:131	1	COMPOSITIONAL	2	n1	
w81:303	2	OPERATOR	2		
w81:416	0	SIBLING_DEPENDENT	3	n6	
w81:565	2	CONE_LOCAL_CANT_SPLIT	2		cone_build_skip
w83:300	2	COMPOSITIONAL	2	n2	
w83:31	1	CONE_LOCAL_CANT_SPLIT	2		cone_build_skip
w83:434	0	COMPOSITIONAL	4	n5,n2	
w84:630	1	COMPOSITIONAL	5	n5,n3	
w85:3	2	CONE_LOCAL_CANT_SPLIT	4		cone_build_skip
w85:364	0	COMPOSITIONAL	1	n0	
w86:465	0	OPERATOR	1		
w86:66	1	SIBLING_DEPENDENT	3	n3	
w9:196	0	COMPOSITIONAL	1	n0	
w9:234	3	SIBLING_DEPENDENT	5	n7	
w9:273	2	SIBLING_DEPENDENT	2	n5	
w9:336	3	SIBLING_DEPENDENT	3	n8	
w9:364	0	CONE_LOCAL_CANT_SPLIT	8		cone_build_skip
w9:434	1	SIBLING_DEPENDENT	3	n6,n7	
w9:51	1	OPERATOR	2		
w9:67	1	CONE_LOCAL_CANT_SPLIT	3		cone_build_skip
w9:95	1	OPERATOR	1		
w90:412	0	COMPOSITIONAL	2	n0,n1	
w90:172	0	SIBLING_DEPENDENT	4	n3,n6	
w90:653	3	OPERATOR	3		
w91:180	2	CONE_LOCAL_CANT_SPLIT	3		cone_build_skip
w91:491	2	SIBLING_DEPENDENT	3	n2	
w91:537	3	SIBLING_DEPENDENT	4	n2	
w93:490	2	CONE_LOCAL_CANT_SPLIT	7		cone_build_skip
w93:70	1	CONE_LOCAL_CANT_SPLIT	2		cone_build_skip
w94:385	0	COMPOSITIONAL	2	n1	
w95:15	2	CONE_LOCAL_CANT_SPLIT	2		cone_build_skip
w95:211	1	CONE_LOCAL_CANT_SPLIT	2		cone_build_skip
w95:264	2	ERROR			DEV:SKIP
w95:434	3	SIBLING_DEPENDENT	4	n4,n5	
w95:450	3	SIBLING_DEPENDENT	3	n6	
w95:558	1	OPERATOR	2		
w95:611	3	CONE_LOCAL_CANT_SPLIT	3		cone_build_skip
w97:131	0	SIBLING_DEPENDENT	2	n5	
w98:300	2	SIBLING_DEPENDENT	4	n4	
w98:58	2	SIBLING_DEPENDENT	4	n2	
w99:697	4	COMPOSITIONAL	2	n2	
w0:153	0	CONE_LOCAL_CANT_SPLIT	2		cone_build_skip
w19:324	1	DEV:TIMEOUT			DEV:TIMEOUT
w29:373	1	ERROR			DEV:CRASH
w32:587	1	OPERATOR	2		
w37:576	1	LOWERFAIL			BUILD:SKIP
w5:136	0	LOWERFAIL			BUILD:SKIP
w64:623	0	ERROR			DEV:SKIP
w69:481	0	SIBLING_DEPENDENT	3	n9	
w95:264	2	ERROR			DEV:SKIP
w0:127	2	DEV:TIMEOUT			DEV:TIMEOUT
w0:29	0	CONE_LOCAL_CANT_SPLIT	4		cone_build_skip
w0:36	2	SIBLING_DEPENDENT	2	n4	
w0:362	1	DEV:TIMEOUT			DEV:TIMEOUT
w1:243	0	OPERATOR	2		
w10:114	2	CONE_LOCAL_CANT_SPLIT	2		cone_build_skip
w10:761	3	COMPOSITIONAL	2	n1	
w100:137	3	CONE_LOCAL_CANT_SPLIT	6		cone_build_skip
w100:269	0	SIBLING_DEPENDENT	2	n7	
w100:284	1	SIBLING_DEPENDENT	3	n1	
w100:639	0	OPERATOR	1		
w100:740	0	OPERATOR	1		
w101:116	1	OPERATOR	3		
w101:335	2	CONE_LOCAL_CANT_SPLIT	4		cone_build_skip
w101:701	2	COMPOSITIONAL	4	n5	
w102:615	3	OPERATOR	3		
w102:702	1	CONE_LOCAL_CANT_SPLIT	4		cone_build_skip
w103:241	2	CONE_LOCAL_CANT_SPLIT	4		cone_build_skip
w103:54	1	CONE_LOCAL_CANT_SPLIT	5		cone_build_skip
w103:585	1	CONE_LOCAL_CANT_SPLIT	4		cone_build_skip
w104:254	2	CONE_LOCAL_CANT_SPLIT	4		cone_build_skip
w104:532	0	CONE_LOCAL_CANT_SPLIT	3		cone_build_skip
w105:10	1	CONE_LOCAL_CANT_SPLIT	2		cone_build_skip
w105:145	1	SIBLING_DEPENDENT	3	n4	
w105:515	1	CONE_LOCAL_CANT_SPLIT	2		cone_build_skip
w106:328	3	CONE_LOCAL_CANT_SPLIT	5		cone_build_skip
w106:422	2	CONE_LOCAL_CANT_SPLIT	5		cone_build_skip
w107:195	3	CONE_LOCAL_CANT_SPLIT	3		cone_build_skip
w107:41	2	CONE_LOCAL_CANT_SPLIT	3		cone_build_skip
w108:281	2	OPERATOR	4		
w108:400	0	SIBLING_DEPENDENT	3	n4	
w108:457	4	CONE_LOCAL_CANT_SPLIT	4		cone_build_skip
w109:656	2	CONE_LOCAL_CANT_SPLIT	4		cone_build_skip
w109:90	1	OPERATOR	5		
w11:328	1	CONE_LOCAL_CANT_SPLIT	3		cone_build_skip
w11:442	1	COMPOSITIONAL	6	n2,n6	
w110:126	2	COMPOSITIONAL	4	n10	
w110:495	0	COMPOSITIONAL	1	n0	
w110:50	2	LOWERFAIL			BUILD:SKIP: to_executorch ValueError: zero-size array to reduction operation max
w110:60	0	CONE_LOCAL_CANT_SPLIT	4		cone_build_skip
w112:452	0	OPERATOR	1		
w113:349	2	CONE_LOCAL_CANT_SPLIT	4		cone_build_skip
w113:432	1	SIBLING_DEPENDENT	4	n3,n6	
w113:579	1	CONE_LOCAL_CANT_SPLIT	3		cone_build_skip
w114:171	0	CONE_LOCAL_CANT_SPLIT	5		cone_build_skip
w114:334	1	CONE_LOCAL_CANT_SPLIT	3		cone_build_skip
w116:157	0	SIBLING_DEPENDENT	4	n7	
w116:657	0	SIBLING_DEPENDENT	4	n5	
w117:214	1	CONE_LOCAL_CANT_SPLIT	2		cone_build_skip
w117:63	4	OPERATOR	2		
w117:735	0	CONE_LOCAL_CANT_SPLIT	2		cone_build_skip
w118:51	0	OPERATOR	1		
w118:623	0	SIBLING_DEPENDENT	4	n7	
w119:325	3	CONE_LOCAL_CANT_SPLIT	3		cone_build_skip
w119:583	0	CONE_LOCAL_CANT_SPLIT	2		cone_build_skip
w12:125	3	CONE_LOCAL_CANT_SPLIT	2		cone_build_skip
w12:2	2	CONE_LOCAL_CANT_SPLIT	3		cone_build_skip
w12:204	3	CONE_LOCAL_CANT_SPLIT	4		cone_build_skip
w12:573	2	CONE_LOCAL_CANT_SPLIT	3		cone_build_skip
w12:743	2	OPERATOR	1		
w121:164	1	OPERATOR	1		
w121:247	1	SIBLING_DEPENDENT	2	n1,n7	
w123:128	3	SIBLING_DEPENDENT	4	n4	
w124:518	1	OPERATOR	3		
w125:32	1	CONE_LOCAL_CANT_SPLIT	4		cone_build_skip
w126:208	2	CONE_LOCAL_CANT_SPLIT	5		cone_build_skip
w126:589	3	LOWERFAIL			BUILD:SKIP: to_executorch AssertionError: Deploying a model with no inputs in Co
w127:104	0	SIBLING_DEPENDENT	3	n5	
w127:530	2	CONE_LOCAL_CANT_SPLIT	2		cone_build_skip
w127:583	0	CONE_LOCAL_CANT_SPLIT	1		cone_build_skip
w13:162	0	SIBLING_DEPENDENT	4	n4	
w13:538	1	CONE_LOCAL_CANT_SPLIT	6		cone_build_skip
w13:604	0	OPERATOR	1		
w14:571	2	COMPOSITIONAL	2	n3	
w15:49	2	OPERATOR	4		
w16:142	1	OPERATOR	2		
w16:399	3	OPERATOR	2		
w16:582	0	CONE_LOCAL_CANT_SPLIT	3		cone_build_skip
w16:79	1	CONE_LOCAL_CANT_SPLIT	3		cone_build_skip
w18:389	2	OPERATOR	3		
w18:483	2	OPERATOR	3		
w19:123	1	CONE_LOCAL_CANT_SPLIT	3		cone_build_skip
w19:232	0	OPERATOR	1		
w19:324	1	CONE_LOCAL_CANT_SPLIT	5		cone_build_skip
w20:189	3	SIBLING_DEPENDENT	3	n2	
w20:236	2	CONE_LOCAL_CANT_SPLIT	6		cone_build_skip
w21:389	2	OPERATOR	2		
w22:518	1	CONE_LOCAL_CANT_SPLIT	6		cone_build_skip
w23:622	1	CONE_LOCAL_CANT_SPLIT	2		cone_build_skip
w23:684	0	SIBLING_DEPENDENT	4	n3	
w23:87	1	COMPOSITIONAL	3	n2	
w24:642	2	SIBLING_DEPENDENT	3	n5	
w25:420	2	CONE_LOCAL_CANT_SPLIT	7		cone_build_skip
w25:674	0	OPERATOR	1		
w26:189	2	CONE_LOCAL_CANT_SPLIT	2		cone_build_skip
w26:594	3	SIBLING_DEPENDENT	4	n8	
w26:63	1	OPERATOR	2		
w27:283	0	SIBLING_DEPENDENT	3	n5,n6	
w27:300	1	COMPOSITIONAL	4	n2,n5	
w28:31	1	CONE_LOCAL_CANT_SPLIT	3		cone_build_skip
w29:373	1	ERROR			DEV:CRASH
w3:307	3	OPERATOR	5		
w3:537	0	CONE_LOCAL_CANT_SPLIT	3		cone_build_skip
w3:586	3	SIBLING_DEPENDENT	4	n1	
w3:612	3	CONE_LOCAL_CANT_SPLIT	2		cone_build_skip
w3:644	0	CONE_LOCAL_CANT_SPLIT	2		cone_build_skip
w3:746	1	CONE_LOCAL_CANT_SPLIT	2		cone_build_skip
w30:117	1	SIBLING_DEPENDENT	4	n2	
w30:556	1	CONE_LOCAL_CANT_SPLIT	2		cone_build_skip
w31:327	1	COMPOSITIONAL	2	n2	
w32:31	0	OPERATOR	4		
w32:331	0	CONE_LOCAL_CANT_SPLIT	2		cone_build_skip
w33:120	1	CONE_LOCAL_CANT_SPLIT	3		cone_build_skip
w33:170	0	OPERATOR	2		
w33:92	0	OPERATOR	4		
w35:18	2	SIBLING_DEPENDENT	2	n8	
w35:180	0	CONE_LOCAL_CANT_SPLIT	4		cone_build_skip
w36:32	4	OPERATOR	2		
w36:373	0	OPERATOR	1		
w36:736	2	CONE_LOCAL_CANT_SPLIT	4		cone_build_skip
w36:766	0	CONE_LOCAL_CANT_SPLIT	2		cone_build_skip
w37:113	2	COMPOSITIONAL	4	n4	
w37:364	2	SIBLING_DEPENDENT	4	n1,n6	
w37:576	1	LOWERFAIL			BUILD:SKIP: to_executorch AssertionError: Deploying a model with no inputs in Co
w39:697	2	CONE_LOCAL_CANT_SPLIT	4		cone_build_skip
w4:518	0	OPERATOR	1		
w42:28	2	CONE_LOCAL_CANT_SPLIT	4		cone_build_skip
w43:198	3	COMPOSITIONAL	3	n2	
w43:456	0	OPERATOR	1		
w43:643	1	SIBLING_DEPENDENT	3	n7	
w43:734	0	OPERATOR	2		
w44:585	1	SIBLING_DEPENDENT	4	n5	
w44:740	4	CONE_LOCAL_CANT_SPLIT	3		cone_build_skip
w45:230	1	OPERATOR	1		
w45:288	4	CONE_LOCAL_CANT_SPLIT	1		cone_build_skip
w46:88	2	CONE_LOCAL_CANT_SPLIT	4		cone_build_skip
w47:30	1	OPERATOR	7		
w47:320	0	COMPOSITIONAL	1	n0	
w47:345	4	OPERATOR	2		
w47:505	0	OPERATOR	1		
w47:7	2	SIBLING_DEPENDENT	3	n3	
w48:352	0	CONE_LOCAL_CANT_SPLIT	5		cone_build_skip
w48:685	2	OPERATOR	1		
w49:375	1	CONE_LOCAL_CANT_SPLIT	3		cone_build_skip
w5:136	0	LOWERFAIL			BUILD:SKIP: to_executorch ValueError: Op "aten_index_select_default" (op_type: g
w5:205	1	OPERATOR	5		
w5:214	0	SIBLING_DEPENDENT	3	n9	
w50:491	1	CONE_LOCAL_CANT_SPLIT	3		cone_build_skip
w51:261	0	CONE_LOCAL_CANT_SPLIT	6		cone_build_skip
w51:557	1	CONE_LOCAL_CANT_SPLIT	6		cone_build_skip
w51:637	2	COMPOSITIONAL	3	n3	
w52:443	0	COMPOSITIONAL	1	n0	
w52:564	0	CONE_LOCAL_CANT_SPLIT	2		cone_build_skip
w53:204	0	CONE_LOCAL_CANT_SPLIT	2		cone_build_skip
w54:221	0	SIBLING_DEPENDENT	3	n6,n8	
w55:464	3	SIBLING_DEPENDENT	3	n5	
w55:749	1	CONE_LOCAL_CANT_SPLIT	3		cone_build_skip
w55:756	0	OPERATOR	3		
w56:240	0	COMPOSITIONAL	2	n0,n1	
w57:212	2	CONE_LOCAL_CANT_SPLIT	2		cone_build_skip
w57:248	0	OPERATOR	1		
w57:539	0	COMPOSITIONAL	2	n1	
w57:599	1	ERROR			DEV:SKIP
w59:245	1	OPERATOR	4		
w6:20	0	CONE_LOCAL_CANT_SPLIT	2		cone_build_skip
w6:248	4	OPERATOR	2		
w6:268	1	COMPOSITIONAL	4	n4	
w6:341	1	OPERATOR	4		
w6:408	2	CONE_LOCAL_CANT_SPLIT	2		cone_build_skip
w6:715	0	SIBLING_DEPENDENT	2	n7	
w61:781	0	OPERATOR	5		
w62:165	1	OPERATOR	1		
w62:237	1	CONE_LOCAL_CANT_SPLIT	4		cone_build_skip
w63:307	2	OPERATOR	2		
w64:359	0	CONE_LOCAL_CANT_SPLIT	1		cone_build_skip
w64:530	4	OPERATOR	2		
w64:623	0	ERROR			DEV:SKIP
w65:128	3	SIBLING_DEPENDENT	5	n6	
w65:504	5	COMPOSITIONAL	2	n4	
w66:454	0	CONE_LOCAL_CANT_SPLIT	3		cone_build_skip
w66:754	3	OPERATOR	1		
w66:83	1	CONE_LOCAL_CANT_SPLIT	7		cone_build_skip
w67:743	0	SIBLING_DEPENDENT	4	n4	
w68:199	1	COMPOSITIONAL	2	n2	
w68:576	3	OPERATOR	1		
w69:148	0	COMPOSITIONAL	2	n1	
w69:228	2	CONE_LOCAL_CANT_SPLIT	3		cone_build_skip
w69:316	0	CONE_LOCAL_CANT_SPLIT	2		cone_build_skip
w69:448	1	CONE_LOCAL_CANT_SPLIT	2		cone_build_skip
w69:86	1	CONE_LOCAL_CANT_SPLIT	6		cone_build_skip
w70:258	0	SIBLING_DEPENDENT	2	n6	
w70:354	2	CONE_LOCAL_CANT_SPLIT	3		cone_build_skip
w70:67	3	SIBLING_DEPENDENT	5	n4,n7	
w70:7	2	COMPOSITIONAL	3	n5	
w71:241	0	SIBLING_DEPENDENT	3	n7	
w71:715	1	SIBLING_DEPENDENT	4	n6	
w72:194	4	CONE_LOCAL_CANT_SPLIT	3		cone_build_skip
w72:546	2	CONE_LOCAL_CANT_SPLIT	3		cone_build_skip
w73:91	0	ERROR			DEV:SKIP
w74:155	2	CONE_LOCAL_CANT_SPLIT	4		cone_build_skip
w75:13	0	SIBLING_DEPENDENT	3	n6	
w76:594	1	OPERATOR	3		
w77:44	2	CONE_LOCAL_CANT_SPLIT	4		cone_build_skip
w77:521	0	OPERATOR	5		
w77:698	3	COMPOSITIONAL	4	n3,n4	
w78:567	2	OPERATOR	3		
w78:720	2	SIBLING_DEPENDENT	4	n6	
w79:184	1	COMPOSITIONAL	1	n0	
w79:409	1	OPERATOR	2		
w8:191	1	CONE_LOCAL_CANT_SPLIT	3		cone_build_skip
w80:306	2	OPERATOR	2		
w80:438	0	COMPOSITIONAL	3	n3	
w80:85	0	CONE_LOCAL_CANT_SPLIT	6		cone_build_skip
w81:313	1	SIBLING_DEPENDENT	3	n3,n7	
w81:42	1	CONE_LOCAL_CANT_SPLIT	3		cone_build_skip
w81:541	3	CONE_LOCAL_CANT_SPLIT	2		cone_build_skip
w81:747	3	SIBLING_DEPENDENT	4	n2	
w82:409	0	CONE_LOCAL_CANT_SPLIT	3		cone_build_skip
w83:32	1	SIBLING_DEPENDENT	3	n7	
w83:38	2	CONE_LOCAL_CANT_SPLIT	4		cone_build_skip
w83:493	2	CONE_LOCAL_CANT_SPLIT	1		cone_build_skip
w83:653	3	COMPOSITIONAL	2	n2,n0	
w83:79	2	CONE_LOCAL_CANT_SPLIT	2		cone_build_skip
w84:209	1	CONE_LOCAL_CANT_SPLIT	4		cone_build_skip
w84:515	4	SIBLING_DEPENDENT	4	n5	
w84:544	2	CONE_LOCAL_CANT_SPLIT	3		cone_build_skip
w85:209	0	CONE_LOCAL_CANT_SPLIT	1		cone_build_skip
w85:609	1	OPERATOR	1		
w86:156	0	SIBLING_DEPENDENT	3	n6	
w86:758	2	CONE_LOCAL_CANT_SPLIT	3		cone_build_skip
w87:454	1	OPERATOR	5		
w89:251	3	OPERATOR	1		
w89:565	2	SIBLING_DEPENDENT	3	n5	
w9:446	1	SIBLING_DEPENDENT	2	n8	
w9:463	2	CONE_LOCAL_CANT_SPLIT	4		cone_build_skip
w9:770	2	CONE_LOCAL_CANT_SPLIT	3		cone_build_skip
w91:581	2	SIBLING_DEPENDENT	4	n3,n6	
w92:548	3	COMPOSITIONAL	2	n4	
w92:593	2	CONE_LOCAL_CANT_SPLIT	4		cone_build_skip
w92:685	4	SIBLING_DEPENDENT	4	n3	
w93:157	0	CONE_LOCAL_CANT_SPLIT	1		cone_build_skip
w93:393	2	CONE_LOCAL_CANT_SPLIT	5		cone_build_skip
w93:446	1	CONE_LOCAL_CANT_SPLIT	2		cone_build_skip
w94:544	3	SIBLING_DEPENDENT	4	n5	
w95:264	2	ERROR			DEV:SKIP
w96:276	4	OPERATOR	3		
w96:581	1	SIBLING_DEPENDENT	2	n7	
w97:573	2	SIBLING_DEPENDENT	4	n4,n7	
w97:738	0	COMPOSITIONAL	2	n2	
w98:318	1	SIBLING_DEPENDENT	3	n6	
w98:646	0	CONE_LOCAL_CANT_SPLIT	2		cone_build_skip
w98:780	2	CONE_LOCAL_CANT_SPLIT	4		cone_build_skip
w99:310	2	CONE_LOCAL_CANT_SPLIT	4		cone_build_skip
w99:81	1	CONE_LOCAL_CANT_SPLIT	2		cone_build_skip
