w0:163	0	COMPOSITIONAL	select_scatter	max_pool2d_with_indices_backward;broadcast_to	AB_OK	3	3	NONFINITE
w0:45	0	COMPOSITIONAL	ERR		DEV:TIMEOUT	0	3	
w0:523	0	COMPOSITIONAL	ERR		DEV:TIMEOUT	0	3	
w0:684	0	COMPOSITIONAL	permute_copy	bitwise_left_shift	A_ALSO_DIVERGES	3	3	VALUE
w100:259	0	COMPOSITIONAL	ERR		DEV:TIMEOUT	0	3	
w100:263	1	COMPOSITIONAL	ERR		DEV:TIMEOUT	0	3	
w100:33	3	COMPOSITIONAL	ERR		DEV:TIMEOUT	0	3	
w100:354	1	SIBLING_DEPENDENT	ERR		DEV:TIMEOUT	0	3	
w100:505	0	COMPOSITIONAL	ERR		DEV:TIMEOUT	0	3	
w100:509	2	SIBLING_DEPENDENT	ERR		DEV:TIMEOUT	0	3	
w100:540	0	SIBLING_DEPENDENT	ERR		DEV:TIMEOUT	0	3	
w100:560	1	COMPOSITIONAL	unfold_copy	expm1;diagonal_copy;native_group_norm	A_ALSO_DIVERGES	3	3	VALUE
w100:602	0	COMPOSITIONAL	ERR		DEV:TIMEOUT	0	3	
w100:617	1	SIBLING_DEPENDENT	exp	replication_pad3d;glu	A_ALSO_DIVERGES	3	3	SHAPE
w100:659	2	SIBLING_DEPENDENT	ERR		DEV:TIMEOUT	0	3	
w100:98	0	COMPOSITIONAL	ERR		DEV:TIMEOUT	0	3	
w101:291	1	COMPOSITIONAL	flip	prod	AB_OK	3	3	VALUE
w10:13	1	SIBLING_DEPENDENT	squeeze_copy	constant_pad_nd	AB_OK	3	3	ZEROED
w101:39	1	SIBLING_DEPENDENT	ERR		DEV:TIMEOUT	0	3	
w101:421	3	COMPOSITIONAL	fmod	sum	AB_OK	3	3	ZEROED
w101:432	0	COMPOSITIONAL	div	bitwise_left_shift	AB_OK	3	3	VALUE
w101:45	0	COMPOSITIONAL	ERR		DEV:TIMEOUT	0	3	
w101:520	1	SIBLING_DEPENDENT	ERR		DEV:TIMEOUT	0	3	
w101:605	0	COMPOSITIONAL	max	view_copy;remainder	AB_OK	3	3	VALUE
w101:730	1	SIBLING_DEPENDENT	tanh	where	A_ALSO_DIVERGES	3	3	ZEROED
w102:265	0	COMPOSITIONAL	ERR		DEV:TIMEOUT	0	3	
w102:300	0	COMPOSITIONAL	ERR		DEV:TIMEOUT	0	3	
w102:35	0	COMPOSITIONAL	min	native_group_norm;gelu	AB_OK	3	3	VALUE
w102:424	2	COMPOSITIONAL	log10	remainder	AB_OK	3	3	NONFINITE
w102:554	0	SIBLING_DEPENDENT	ERR		DEV:TIMEOUT	0	3	
w102:563	0	SIBLING_DEPENDENT	ERR		DEV:TIMEOUT	0	3	
w102:645	0	SIBLING_DEPENDENT	ERR		DEV:TIMEOUT	0	3	
w102:658	0	COMPOSITIONAL	ERR		DEV:TIMEOUT	0	3	
w102:736	0	SIBLING_DEPENDENT	ERR		DEV:TIMEOUT	0	3	
w10:275	1	COMPOSITIONAL	div	slice_copy;slice_copy;slice_copy;broadcast_to	B_NOREPRO	0	3	?
w102:77	0	COMPOSITIONAL	pixel_shuffle	fill	AB_OK	3	3	ZEROED
w1:0	2	COMPOSITIONAL	constant_pad_nd	remainder	AB_OK	3	3	VALUE
w103:20	2	SIBLING_DEPENDENT	ERR		DEV:TIMEOUT	0	3	
w103:40	0	SIBLING_DEPENDENT	_upsample_bilinear2d_aa	scatter_add	AB_OK	3	3	ZEROED
w103:473	2	SIBLING_DEPENDENT	ERR		DEV:TIMEOUT	0	3	
w103:492	0	SIBLING_DEPENDENT	ERR		DEV:TIMEOUT	0	3	
w103:600	0	COMPOSITIONAL	ERR		DEV:TIMEOUT	0	3	
w103:602	0	COMPOSITIONAL	t_copy	transpose_copy;div	B_NOREPRO	0	3	?
w103:654	4	SIBLING_DEPENDENT	ERR		DEV:TIMEOUT	0	3	
w103:698	0	COMPOSITIONAL	gather	sub;bitwise_left_shift	AB_OK	3	3	SCALE:-7720456580759552.000
w103:715	3	COMPOSITIONAL	unfold_copy	tanh;sub	AB_OK	1	3	SHAPE
w104:305	0	COMPOSITIONAL	neg	sinh	AB_OK	1	3	SHAPE
w104:569	0	COMPOSITIONAL	ERR		DEV:TIMEOUT	0	3	
w104:674	0	COMPOSITIONAL	ERR		DEV:TIMEOUT	0	3	
w105:12	3	SIBLING_DEPENDENT	ERR		DEV:TIMEOUT	0	3	
w105:276	3	COMPOSITIONAL	slice_copy	bitwise_left_shift;split_with_sizes_copy	AB_OK	3	3	NONFINITE
w105:291	0	COMPOSITIONAL	mul	diagonal_copy;bitwise_left_shift;pixel_shuffle	AB_OK	3	3	VALUE
w10:546	0	COMPOSITIONAL	logit	embedding;_cdist_forward	B_NOREPRO	0	3	?
w105:478	4	COMPOSITIONAL	remainder	select_scatter	AB_OK	3	3	SCALE:-6.945
w10:591	1	COMPOSITIONAL	div	var_mean;_to_copy	AB_OK	1	3	SHAPE
w106:109	0	COMPOSITIONAL	ERR		DEV:TIMEOUT	0	3	
w106:252	1	COMPOSITIONAL	pow	div	AB_OK	3	3	NONFINITE
w106:327	1	COMPOSITIONAL	ERR		DEV:TIMEOUT	0	3	
w106:425	0	COMPOSITIONAL	masked_fill	sum	AB_OK	3	3	VALUE
w10:647	0	COMPOSITIONAL	max	_native_batch_norm_legit	AB_OK	3	3	VALUE
w106:512	1	COMPOSITIONAL	tril	remainder	AB_OK	3	3	VALUE
w106:621	0	COMPOSITIONAL	clamp	log	AB_OK	3	3	SHAPE
w106:670	1	SIBLING_DEPENDENT	ERR		DEV:TIMEOUT	0	3	
w106:84	1	SIBLING_DEPENDENT	ERR		DEV:TIMEOUT	0	3	
w107:105	2	SIBLING_DEPENDENT	ERR		DEV:TIMEOUT	0	3	
w107:143	0	COMPOSITIONAL	mean	minimum	B_NOREPRO	0	3	?
w107:200	0	COMPOSITIONAL	cumsum	mul;slice_copy;_to_copy;squeeze_copy;leaky_relu	AB_OK	3	3	SHAPE
w107:260	2	COMPOSITIONAL	_log_softmax	_native_batch_norm_legit;le	AB_OK	3	3	VALUE
w107:319	1	COMPOSITIONAL	log	pow;mul;remainder	AB_OK	3	3	SHAPE
w107:598	3	SIBLING_DEPENDENT	ERR		DEV:TIMEOUT	0	3	
w107:89	2	COMPOSITIONAL	sign	bitwise_left_shift	AB_OK	3	3	NONFINITE
w108:171	0	SIBLING_DEPENDENT	fmod	split_with_sizes_copy	AB_OK	3	3	ZEROED
w108:196	4	SIBLING_DEPENDENT	div	squeeze_copy	AB_OK	3	3	NONFINITE
w108:40	0	COMPOSITIONAL	div	isinf	B_NOREPRO	0	3	?
w10:85	0	SIBLING_DEPENDENT	div	tril	AB_OK	3	3	VALUE
w108:539	0	COMPOSITIONAL	pow	pixel_unshuffle;bitwise_left_shift	AB_OK	3	3	NONFINITE
w108:681	1	COMPOSITIONAL	round	_to_copy	AB_OK	3	3	VALUE
w109:130	0	SIBLING_DEPENDENT	constant_pad_nd	detach_copy	AB_OK	3	3	ZEROED
w109:223	0	COMPOSITIONAL	ERR		DEV:TIMEOUT	0	3	
w109:256	1	SIBLING_DEPENDENT	min	isnan	AB_OK	3	3	NONFINITE
w109:306	2	COMPOSITIONAL	ERR		DEV:TIMEOUT	0	3	
w109:395	0	COMPOSITIONAL	atan2	native_group_norm	AB_OK	3	3	VALUE
w109:44	2	COMPOSITIONAL	floor_divide	abs;_to_copy;slice_copy;squeeze_copy	AB_OK	3	3	NONFINITE
w109:539	0	SIBLING_DEPENDENT	argmax	permute_copy	AB_OK	3	3	ZEROED
w109:701	3	SIBLING_DEPENDENT	index_select	div	AB_OK	3	3	NONFINITE
w110:126	2	COMPOSITIONAL	prod	bitwise_left_shift	AB_OK	3	3	VALUE
w110:173	2	COMPOSITIONAL	logical_and	floor_divide;log1p	AB_OK	3	3	VALUE
w110:208	0	SIBLING_DEPENDENT	ERR		DEV:TIMEOUT	0	3	
w110:227	3	COMPOSITIONAL	ceil	sum	AB_OK	3	3	VALUE
w110:412	1	COMPOSITIONAL	log	remainder	AB_OK	3	3	NONFINITE
w110:484	3	SIBLING_DEPENDENT	ERR		DEV:TIMEOUT	0	3	
w110:633	1	COMPOSITIONAL	abs	fill	AB_OK	3	3	ZEROED
w110:74	0	COMPOSITIONAL	erf	view_copy;bitwise_left_shift	AB_OK	3	3	VALUE
w111:159	1	COMPOSITIONAL	scatter_add	fill;detach_copy	AB_OK	3	3	SHAPE
w111:267	1	SIBLING_DEPENDENT	log10	floor_divide	AB_OK	3	3	NONFINITE
w111:578	0	SIBLING_DEPENDENT	min	log10	AB_OK	3	3	ZEROED
w111:657	1	COMPOSITIONAL	ERR		DEV:TIMEOUT	0	3	
w11:177	1	COMPOSITIONAL	mean	ceil;bitwise_left_shift	AB_OK	3	3	NONFINITE
w112:319	0	COMPOSITIONAL	mean	fmod;atan	AB_OK	3	3	VALUE
w112:426	1	COMPOSITIONAL	div	select_scatter;clamp	AB_OK	3	3	VALUE
w11:260	0	COMPOSITIONAL	bitwise_right_shift	_to_copy;floor_divide;neg;slice_copy;cumsum	AB_OK	3	3	ZEROED
w11:274	2	SIBLING_DEPENDENT	div	logical_xor	AB_OK	3	3	ZEROED
w112:93	0	COMPOSITIONAL	ERR		DEV:TIMEOUT	0	3	
w113:116	0	COMPOSITIONAL	tanh	native_group_norm	AB_OK	3	3	NONFINITE
w113:165	0	COMPOSITIONAL	alias_copy	sum	AB_OK	3	3	ALIAS:n2
w113:301	0	SIBLING_DEPENDENT	ERR		DEV:TIMEOUT	0	3	
w113:38	0	COMPOSITIONAL	ERR		DEV:TIMEOUT	0	3	
w113:419	0	SIBLING_DEPENDENT	ERR		DEV:TIMEOUT	0	3	
w113:429	1	SIBLING_DEPENDENT	erf	squeeze_copy	AB_OK	3	3	ZEROED
w11:349	2	COMPOSITIONAL	ERR		DEV:TIMEOUT	0	3	
w113:507	0	SIBLING_DEPENDENT	prod	squeeze_copy	AB_OK	3	3	NONFINITE
w113:546	0	SIBLING_DEPENDENT	any	logical_or	AB_OK	3	3	ZEROED
w113:641	3	SIBLING_DEPENDENT	isnan	amax	AB_OK	3	3	ZEROED
w113:650	0	SIBLING_DEPENDENT	ERR		DEV:TIMEOUT	0	3	
w113:751	1	SIBLING_DEPENDENT	round	min	AB_OK	3	3	ZEROED
w113:773	0	COMPOSITIONAL	prod	fill	AB_OK	3	3	NONFINITE
w114:256	0	COMPOSITIONAL	min	slice_copy;remainder;_to_copy	AB_OK	3	3	SHAPE
w114:52	2	COMPOSITIONAL	gather	asinh	B_NOREPRO	0	3	?
w114:621	2	COMPOSITIONAL	bitwise_right_shift	cumsum	AB_OK	3	3	SCALE:4221213.000
w114:678	1	SIBLING_DEPENDENT	exp	ne	AB_OK	3	3	VALUE
w115:211	0	SIBLING_DEPENDENT	mul	slice_scatter	AB_OK	3	3	SCALE:0.200
w115:242	1	COMPOSITIONAL	constant_pad_nd	bitwise_left_shift;_to_copy	AB_OK	3	3	NONFINITE
w115:275	0	SIBLING_DEPENDENT	ERR		DEV:TIMEOUT	0	3	
w11:531	1	COMPOSITIONAL	le	bitwise_left_shift	AB_OK	3	3	VALUE
w115:354	0	SIBLING_DEPENDENT	clamp	abs	AB_OK	3	3	ZEROED
w115:500	0	COMPOSITIONAL	unbind_copy	bitwise_left_shift;fmod	AB_OK	3	3	VALUE
w115:540	1	SIBLING_DEPENDENT	trunc	clone	AB_OK	3	3	ZEROED
w115:570	2	COMPOSITIONAL	fmod	sum	AB_OK	3	3	VALUE
w115:594	2	COMPOSITIONAL	remainder	view_copy	B_NOREPRO	0	3	?
w115:631	0	SIBLING_DEPENDENT	prod	floor;var_mean	AB_OK	3	3	ZEROED
w115:652	0	COMPOSITIONAL	amin	native_group_norm	AB_OK	3	3	VALUE
w115:79	0	SIBLING_DEPENDENT	remainder	sigmoid;detach_copy	AB_OK	3	3	NONFINITE
w116:267	0	COMPOSITIONAL	ERR		DEV:TIMEOUT	0	3	
w116:365	1	SIBLING_DEPENDENT	ERR		DEV:TIMEOUT	0	3	
w116:473	1	COMPOSITIONAL	log2	floor_divide;glu	AB_OK	3	3	VALUE
w116:542	2	COMPOSITIONAL	elu	bitwise_left_shift	AB_OK	3	3	NONFINITE
w11:655	0	COMPOSITIONAL	div	_to_copy	AB_OK	1	3	SHAPE
w116:584	1	SIBLING_DEPENDENT	ERR		DEV:TIMEOUT	0	3	
w116:744	0	COMPOSITIONAL	any	bitwise_left_shift	AB_OK	3	3	VALUE
w117:156	1	SIBLING_DEPENDENT	max	alias_copy	AB_OK	3	3	ZEROED
w117:20	0	COMPOSITIONAL	mul	_to_copy;slice_copy;remainder	AB_OK	3	3	SCALE:-0.333
w117:560	0	COMPOSITIONAL	any	bitwise_left_shift	AB_OK	3	3	ALIAS:L3
w117:596	0	SIBLING_DEPENDENT	slice_copy	pow	AB_OK	3	3	ALIAS:n1
w11:760	0	COMPOSITIONAL	gt	slice_copy;bitwise_left_shift;alias_copy;_to_copy	AB_OK	3	3	VALUE
w117:643	0	SIBLING_DEPENDENT	squeeze_copy	squeeze_copy	AB_OK	3	3	ZEROED
w117:706	0	COMPOSITIONAL	repeat	bitwise_left_shift	AB_OK	3	3	VALUE
w118:120	2	SIBLING_DEPENDENT	max	transpose_copy	AB_OK	3	3	ZEROED
w11:82	0	COMPOSITIONAL	tan	split_with_sizes_copy;bitwise_left_shift	AB_OK	3	3	VALUE
w118:68	2	COMPOSITIONAL	detach_copy	div;pow	AB_OK	3	3	ZEROED
w119:234	0	COMPOSITIONAL	acos	detach_copy;bitwise_left_shift	AB_OK	3	3	NONFINITE
w11:92	4	COMPOSITIONAL	repeat	remainder	AB_OK	3	3	VALUE
w119:352	2	SIBLING_DEPENDENT	erf	detach_copy	AB_OK	3	3	NONFINITE
w119:501	0	COMPOSITIONAL	ERR		DEV:TIMEOUT	0	3	
w119:696	0	COMPOSITIONAL	ERR		DEV:TIMEOUT	0	3	
w119:781	1	COMPOSITIONAL	asinh	asin;native_layer_norm;prod	AB_OK	3	3	VALUE
w120:152	0	COMPOSITIONAL	sqrt	fill;roll	AB_OK	3	3	ZEROED
w120:186	0	SIBLING_DEPENDENT	index_select	split_with_sizes_copy	AB_OK	3	3	ZEROED
w120:300	2	COMPOSITIONAL	squeeze_copy	_native_batch_norm_legit;remainder;argmin	AB_OK	3	3	SHAPE
w120:331	3	SIBLING_DEPENDENT	fmod	transpose_copy	AB_OK	3	3	ZEROED
w120:534	1	COMPOSITIONAL	ERR		DEV:TIMEOUT	0	3	
w120:736	0	COMPOSITIONAL	floor_divide	slice_copy;_to_copy;elu	B_NOREPRO	0	3	?
w121:161	3	COMPOSITIONAL	neg	_to_copy	AB_OK	3	3	VALUE
w121:181	3	COMPOSITIONAL	erf	_to_copy;floor_divide	AB_OK	3	3	VALUE
w121:253	1	COMPOSITIONAL	reciprocal	asinh	AB_OK	3	3	SHAPE
w121:327	0	COMPOSITIONAL	div	floor_divide	AB_OK	3	3	VALUE
w121:500	0	COMPOSITIONAL	exp	native_group_norm	AB_OK	3	3	NONFINITE
w121:553	2	SIBLING_DEPENDENT	expand_copy	remainder	AB_OK	3	3	NONFINITE
w121:583	1	COMPOSITIONAL	asinh	bitwise_left_shift;sigmoid	AB_OK	3	3	ZEROED
w121:625	3	COMPOSITIONAL	clamp	bitwise_left_shift;logical_and	AB_OK	3	3	VALUE
w121:710	0	SIBLING_DEPENDENT	neg	remainder;fmod	AB_OK	3	3	ZEROED
w121:756	1	SIBLING_DEPENDENT	flip	pixel_unshuffle	A_ALSO_DIVERGES	3	3	ZEROED
w12:193	0	COMPOSITIONAL	mul	remainder	AB_OK	3	3	VALUE
w12:244	0	COMPOSITIONAL	lt	native_group_norm	AB_OK	3	3	VALUE
w122:505	1	COMPOSITIONAL	abs	bitwise_left_shift	AB_OK	3	3	VALUE
w122:530	0	COMPOSITIONAL	div	remainder	AB_OK	3	3	VALUE
w122:703	1	COMPOSITIONAL	remainder	broadcast_to;bitwise_left_shift;_to_copy;clone	AB_OK	3	3	NONFINITE
w122:763	0	COMPOSITIONAL	gelu	erf;bitwise_left_shift;round	AB_OK	3	3	VALUE
w123:210	3	SIBLING_DEPENDENT	pow	expand_copy	AB_OK	3	3	VALUE
w123:22	1	SIBLING_DEPENDENT	div	expand_copy	AB_OK	3	3	ZEROED
w1:233	1	COMPOSITIONAL	cos	select_copy;atan	B_NOREPRO	0	3	?
w123:362	2	COMPOSITIONAL	clone	_to_copy;slice_copy;mul;bitwise_left_shift	AB_OK	3	3	NONFINITE
w123:49	1	SIBLING_DEPENDENT	max	mul	AB_OK	3	3	ZEROED
w123:59	3	SIBLING_DEPENDENT	mul	clone	AB_OK	3	3	ZEROED
w123:664	1	COMPOSITIONAL	bitwise_and	_to_copy	AB_OK	3	3	VALUE
w1:238	0	COMPOSITIONAL	ceil	native_group_norm	AB_OK	3	3	NONFINITE
w124:164	2	SIBLING_DEPENDENT	ERR		DEV:TIMEOUT	0	3	
w12:424	0	COMPOSITIONAL	slice_scatter	_to_copy;mean;broadcast_to;floor_divide	AB_OK	3	3	ZEROED
w124:321	3	COMPOSITIONAL	div	bitwise_left_shift	AB_OK	3	3	VALUE
w124:329	0	COMPOSITIONAL	pow	fmod;elu	AB_OK	3	3	VALUE
w124:355	1	COMPOSITIONAL	logical_xor	permute_copy;select_copy;native_group_norm;_to_copy	AB_OK	3	3	VALUE
w124:426	2	SIBLING_DEPENDENT	min	atan2	AB_OK	3	3	VALUE
w124:703	2	SIBLING_DEPENDENT	min	squeeze_copy	AB_OK	3	3	ZEROED
w124:8	3	COMPOSITIONAL	split_with_sizes_copy	log1p;remainder	AB_OK	3	3	VALUE
w125:490	0	COMPOSITIONAL	minimum	remainder;slice_copy;_to_copy	AB_OK	3	3	VALUE
w125:527	0	SIBLING_DEPENDENT	logical_and	detach_copy	AB_OK	3	3	ZEROED
w125:56	1	SIBLING_DEPENDENT	cos	log10	AB_OK	3	3	NONFINITE
w125:627	1	COMPOSITIONAL	atan2	squeeze_copy;sign;native_group_norm;constant_pad_nd	AB_OK	3	3	VALUE
w125:628	0	SIBLING_DEPENDENT	ERR		DEV:TIMEOUT	0	3	
w125:725	1	COMPOSITIONAL	asin	min	B_NOREPRO	0	3	?
w126:178	3	SIBLING_DEPENDENT	ERR		DEV:TIMEOUT	0	3	
w12:624	0	COMPOSITIONAL	ERR		DEV:TIMEOUT	0	3	
w126:24	3	SIBLING_DEPENDENT	ERR		DEV:TIMEOUT	0	3	
w126:266	0	COMPOSITIONAL	log10	bitwise_left_shift	AB_OK	3	3	NONFINITE
w126:392	0	SIBLING_DEPENDENT	sqrt	repeat	AB_OK	3	3	NONFINITE
w126:527	1	SIBLING_DEPENDENT	squeeze_copy	squeeze_copy	AB_OK	3	3	NONFINITE
w126:715	5	COMPOSITIONAL	bitwise_xor	select_scatter	AB_OK	3	3	ALIAS:L4
w126:77	2	SIBLING_DEPENDENT	fmod	hardtanh	AB_OK	3	3	ZEROED
w126:91	0	SIBLING_DEPENDENT	minimum	pow	AB_OK	3	3	NONFINITE
w127:130	0	COMPOSITIONAL	logical_and	broadcast_to;_to_copy	AB_OK	3	3	VALUE
w127:226	0	SIBLING_DEPENDENT	repeat	min	A_ALSO_DIVERGES	3	3	ZEROED
w127:292	2	SIBLING_DEPENDENT	gelu	fill	AB_OK	3	3	NONFINITE
w127:304	0	COMPOSITIONAL	logical_and	_to_copy;le;remainder;broadcast_to	AB_OK	3	3	VALUE
w127:357	1	SIBLING_DEPENDENT	gt	transpose_copy	AB_OK	3	3	VALUE
w127:409	0	COMPOSITIONAL	gt	bitwise_left_shift;view_copy;rsub	AB_OK	3	3	VALUE
w127:582	0	SIBLING_DEPENDENT	logical_xor	expand_copy	AB_OK	3	3	VALUE
w127:717	0	SIBLING_DEPENDENT	floor_divide	mul	AB_OK	3	3	VALUE
w127:739	1	SIBLING_DEPENDENT	split_copy	constant_pad_nd	AB_OK	3	3	ZEROED
w127:94	0	SIBLING_DEPENDENT	ERR		DEV:TIMEOUT	0	3	
w1:287	0	SIBLING_DEPENDENT	t_copy	squeeze_copy	AB_OK	3	3	ZEROED
w12:91	2	COMPOSITIONAL	mul	native_group_norm;amin	AB_OK	3	3	SCALE:0.711
w1:294	0	SIBLING_DEPENDENT	ERR		DEV:TIMEOUT	0	3	
w13:110	0	SIBLING_DEPENDENT	mean	constant_pad_nd	AB_OK	3	3	ALIAS:n2
w13:119	0	SIBLING_DEPENDENT	convolution	min	AB_OK	3	3	ZEROED
w13:22	0	SIBLING_DEPENDENT	prod	fmod	AB_OK	3	3	ZEROED
w13:255	1	SIBLING_DEPENDENT	unbind_copy	remainder	AB_OK	3	3	VALUE
w13:404	0	SIBLING_DEPENDENT	sinh	floor_divide	AB_OK	3	3	ZEROED
w13:423	0	SIBLING_DEPENDENT	div	logical_xor	AB_OK	3	3	ZEROED
w13:599	2	SIBLING_DEPENDENT	ERR		DEV:TIMEOUT	0	3	
w13:721	2	COMPOSITIONAL	div	select_scatter	AB_OK	3	3	NONFINITE
w13:741	2	COMPOSITIONAL	tan	native_group_norm	AB_OK	3	3	VALUE
w14:27	1	COMPOSITIONAL	remainder	floor_divide	AB_OK	3	3	ZEROED
w14:427	1	COMPOSITIONAL	roll	prod	AB_OK	3	3	VALUE
w14:492	1	COMPOSITIONAL	masked_fill	view_copy	B_NOREPRO	0	3	?
w14:533	1	SIBLING_DEPENDENT	max	narrow_copy	AB_OK	3	3	ZEROED
w14:609	3	SIBLING_DEPENDENT	flip	clone	AB_OK	3	3	NONFINITE
w1:476	0	SIBLING_DEPENDENT	elu	log10	AB_OK	3	3	ZEROED
w1:489	1	SIBLING_DEPENDENT	trunc	lift_fresh_copy	AB_OK	3	3	ZEROED
w15:155	0	SIBLING_DEPENDENT	ERR		DEV:TIMEOUT	0	3	
w15:167	0	SIBLING_DEPENDENT	permute_copy	permute_copy	AB_OK	3	3	ZEROED
w15:206	3	SIBLING_DEPENDENT	clamp	constant_pad_nd	AB_OK	3	3	VALUE
w15:430	3	COMPOSITIONAL	clone	floor_divide	AB_OK	3	3	ZEROED
w15:52	1	COMPOSITIONAL	clamp	_to_copy;log1p	AB_OK	3	3	VALUE
w15:780	0	SIBLING_DEPENDENT	select_copy	elu;roll	AB_OK	3	3	ZEROED
w16:115	2	COMPOSITIONAL	asin	div;fmod	AB_OK	3	3	VALUE
w16:27	1	SIBLING_DEPENDENT	mul	roll	AB_OK	3	3	ZEROED
w16:33	0	SIBLING_DEPENDENT	ERR		DEV:TIMEOUT	0	3	
w16:360	2	COMPOSITIONAL	fmod	convolution	B_NOREPRO	0	3	?
w16:546	0	COMPOSITIONAL	slice_scatter	elu;div;narrow_copy;cosh	AB_OK	3	3	VALUE
w1:657	2	SIBLING_DEPENDENT	squeeze_copy	constant_pad_nd	AB_OK	3	3	NONFINITE
w16:633	0	SIBLING_DEPENDENT	lift_fresh_copy	isnan	AB_OK	3	3	ZEROED
w16:79	0	COMPOSITIONAL	unfold_copy	bitwise_left_shift	AB_OK	3	3	VALUE
w17:187	1	COMPOSITIONAL	relu	prod	AB_OK	3	3	VALUE
w17:487	0	COMPOSITIONAL	bitwise_and	prod	AB_OK	3	3	VALUE
w17:541	0	COMPOSITIONAL	cosh	pow	AB_OK	3	3	VALUE
w17:556	1	SIBLING_DEPENDENT	masked_scatter	transpose_copy	A_ALSO_DIVERGES	3	3	ZEROED
w17:600	0	SIBLING_DEPENDENT	pow	sinh	AB_OK	3	3	ZEROED
w17:612	0	COMPOSITIONAL	hardtanh	bitwise_left_shift	AB_OK	3	3	VALUE
w17:652	0	COMPOSITIONAL	gt	bitwise_left_shift	AB_OK	3	3	VALUE
w17:92	0	COMPOSITIONAL	unbind_copy	native_group_norm	AB_OK	3	3	VALUE
w18:124	0	SIBLING_DEPENDENT	div	_native_batch_norm_legit	AB_OK	3	3	ZEROED
w18:185	0	SIBLING_DEPENDENT	prod	lift_fresh_copy	AB_OK	3	3	ZEROED
w18:227	1	COMPOSITIONAL	log1p	remainder	AB_OK	3	3	NONFINITE
w18:434	0	COMPOSITIONAL	expm1	native_layer_norm	AB_OK	3	3	VALUE
w18:435	1	COMPOSITIONAL	sign	bitwise_left_shift	AB_OK	3	3	ALIAS:n0
w18:438	3	SIBLING_DEPENDENT	narrow_copy	scatter	AB_OK	3	3	ZEROED
w18:516	0	COMPOSITIONAL	maximum	broadcast_to;_to_copy;sum	AB_OK	3	3	VALUE
w18:752	2	COMPOSITIONAL	neg	fill	AB_OK	3	3	ZEROED
w19:116	0	COMPOSITIONAL	abs	mul;unfold_copy;fill	B_NOREPRO	0	3	?
w19:198	0	SIBLING_DEPENDENT	log1p	acosh	AB_OK	3	3	ZEROED
w19:324	1	COMPOSITIONAL	maximum	broadcast_to;_to_copy;sum	AB_OK	3	3	SCALE:0.943
w19:347	0	COMPOSITIONAL	split_copy	fill	AB_OK	3	3	ZEROED
w19:517	3	SIBLING_DEPENDENT	gelu	min	AB_OK	3	3	ZEROED
w19:548	0	COMPOSITIONAL	prod	pow;prod	AB_OK	3	3	ZEROED
w19:555	0	SIBLING_DEPENDENT	acos	floor_divide	AB_OK	3	3	NONFINITE
w19:680	0	SIBLING_DEPENDENT	sigmoid	sigmoid	AB_OK	3	3	ZEROED
w19:692	1	SIBLING_DEPENDENT	floor_divide	log10	AB_OK	3	3	VALUE
w19:708	4	SIBLING_DEPENDENT	trunc	permute_copy	AB_OK	3	3	ZEROED
w19:73	0	COMPOSITIONAL	t_copy	remainder;ge	B_NOREPRO	0	3	?
w19:766	0	COMPOSITIONAL	sqrt	remainder	AB_OK	3	3	NONFINITE
w19:81	0	COMPOSITIONAL	clamp	fill	AB_OK	3	3	ZEROED
w20:111	0	COMPOSITIONAL	fmod	_native_batch_norm_legit	AB_OK	3	3	VALUE
w20:142	2	SIBLING_DEPENDENT	split_copy	split_with_sizes_copy	AB_OK	3	3	ZEROED
w20:324	1	SIBLING_DEPENDENT	select_scatter	prod	AB_OK	3	3	VALUE
w20:329	1	COMPOSITIONAL	scatter_add	slice_copy;split_with_sizes_copy;_to_copy;clamp;slice_copy;replication_pad3d	AB_OK	3	3	ALIAS:L2
w20:350	1	SIBLING_DEPENDENT	transpose_copy	transpose_copy	AB_OK	3	3	ZEROED
w20:491	1	SIBLING_DEPENDENT	sum	maximum	AB_OK	3	3	VALUE
w20:762	0	SIBLING_DEPENDENT	mul	sub	AB_OK	3	3	ZEROED
w21:141	0	COMPOSITIONAL	min	log1p	AB_OK	3	3	VALUE
w21:180	0	COMPOSITIONAL	view_copy	native_group_norm	AB_OK	3	3	VALUE
w2:119	1	COMPOSITIONAL	bitwise_or	max;slice_scatter	AB_OK	3	3	ZEROED
w21:219	1	SIBLING_DEPENDENT	prod	isinf	AB_OK	3	3	NONFINITE
w21:293	0	SIBLING_DEPENDENT	ERR		DEV:TIMEOUT	0	3	
w21:434	0	SIBLING_DEPENDENT	log	lift_fresh_copy	AB_OK	3	3	NONFINITE
w21:490	1	SIBLING_DEPENDENT	prod	narrow_copy	AB_OK	3	3	ZEROED
w2:177	0	COMPOSITIONAL	log	bitwise_left_shift	AB_OK	3	3	NONFINITE
w2:179	1	COMPOSITIONAL	atanh	bitwise_left_shift	AB_OK	3	3	NONFINITE
w2:240	1	COMPOSITIONAL	logit	bitwise_left_shift	AB_OK	3	3	VALUE
w22:623	0	SIBLING_DEPENDENT	slice_copy	permute_copy	AB_OK	3	3	ZEROED
w22:81	1	COMPOSITIONAL	view_copy	native_group_norm;tanh	AB_OK	3	3	SHAPE
w23:203	1	SIBLING_DEPENDENT	acos	unbind_copy	AB_OK	3	3	NONFINITE
w23:362	1	COMPOSITIONAL	logical_or	bitwise_left_shift	AB_OK	3	3	VALUE
w23:473	0	COMPOSITIONAL	pixel_unshuffle	bitwise_left_shift	AB_OK	3	3	VALUE
w23:622	1	SIBLING_DEPENDENT	amax	div	AB_OK	3	3	NONFINITE
w23:651	0	SIBLING_DEPENDENT	fmod	lift_fresh_copy	AB_OK	3	3	ZEROED
w23:771	1	SIBLING_DEPENDENT	select_copy	select_copy	AB_OK	3	3	NONFINITE
w2:380	0	COMPOSITIONAL	div	_log_softmax	AB_OK	3	3	VALUE
w23:9	0	COMPOSITIONAL	hardtanh	remainder	AB_OK	3	3	ALIAS:L0
w2:408	1	COMPOSITIONAL	sin	bitwise_left_shift	AB_OK	3	3	VALUE
w24:129	4	COMPOSITIONAL	asinh	gt	AB_OK	3	3	VALUE
w24:150	3	SIBLING_DEPENDENT	argmax	prod	AB_OK	3	3	ZEROED
w24:275	3	SIBLING_DEPENDENT	log2	scatter_add	AB_OK	3	3	NONFINITE
w24:302	2	SIBLING_DEPENDENT	div	permute_copy	AB_OK	3	3	NONFINITE
w2:434	2	SIBLING_DEPENDENT	min	pixel_shuffle	AB_OK	3	3	ZEROED
w24:446	1	SIBLING_DEPENDENT	acos	acos	AB_OK	3	3	NONFINITE
w24:464	4	COMPOSITIONAL	logical_and	slice_copy;slice_copy;slice_copy;_to_copy	AB_OK	3	3	VALUE
w24:604	0	SIBLING_DEPENDENT	div	index	AB_OK	3	3	ZEROED
w24:642	2	SIBLING_DEPENDENT	sign	view_copy	AB_OK	3	3	NONFINITE
w24:656	0	COMPOSITIONAL	mul	bitwise_left_shift	AB_OK	3	3	NONFINITE
w2:498	2	SIBLING_DEPENDENT	log10	atan2	AB_OK	3	3	VALUE
w25:146	0	COMPOSITIONAL	abs	remainder	AB_OK	3	3	SCALE:0.167
w25:163	0	SIBLING_DEPENDENT	select_copy	eq	B_NOREPRO	0	3	?
w25:174	1	SIBLING_DEPENDENT	expm1	expm1	AB_OK	3	3	NONFINITE
w25:19	2	COMPOSITIONAL	div	floor_divide;mean	B_NOREPRO	0	3	?
w25:721	1	COMPOSITIONAL	floor_divide	gelu	AB_OK	3	3	VALUE
w26:379	3	COMPOSITIONAL	cos	index;squeeze_copy;elu	AB_OK	3	3	SCALE:3.078
w26:488	0	COMPOSITIONAL	lift_fresh_copy	logit;fill	AB_OK	3	3	NONFINITE
w26:495	1	SIBLING_DEPENDENT	flip	detach_copy	AB_OK	3	3	ZEROED
w26:536	2	COMPOSITIONAL	log2	leaky_relu;asinh;expand_copy	AB_OK	3	3	VALUE
w26:595	2	COMPOSITIONAL	logit	bitwise_left_shift;asin	AB_OK	3	3	VALUE
w26:607	0	COMPOSITIONAL	ge	slice_copy;bitwise_left_shift	AB_OK	3	3	VALUE
w26:67	0	COMPOSITIONAL	sub	floor_divide	AB_OK	3	3	VALUE
w27:126	1	SIBLING_DEPENDENT	reciprocal	hardtanh	AB_OK	3	3	NONFINITE
w27:15	0	COMPOSITIONAL	log	mean;_native_batch_norm_legit	AB_OK	3	3	VALUE
w27:176	0	COMPOSITIONAL	round	bitwise_left_shift	AB_OK	3	3	VALUE
w27:178	3	COMPOSITIONAL	atan	remainder	AB_OK	3	3	VALUE
w27:193	3	SIBLING_DEPENDENT	maximum	mean	AB_OK	3	3	ZEROED
w27:293	0	SIBLING_DEPENDENT	fmod	permute_copy	AB_OK	3	3	ZEROED
w27:445	2	SIBLING_DEPENDENT	argmax	transpose_copy	AB_OK	3	3	ZEROED
w27:460	0	SIBLING_DEPENDENT	expm1	unsqueeze_copy	AB_OK	3	3	ZEROED
w27:477	1	COMPOSITIONAL	narrow_copy	native_group_norm;pow	AB_OK	3	3	NONFINITE
w27:493	1	SIBLING_DEPENDENT	logical_and	trunc	AB_OK	3	3	ZEROED
w2:750	0	SIBLING_DEPENDENT	squeeze_copy	lift_fresh_copy	AB_OK	3	3	ZEROED
w27:612	1	COMPOSITIONAL	abs	bitwise_left_shift	AB_OK	3	3	VALUE
w27:641	1	COMPOSITIONAL	tan	elu;div	AB_OK	3	3	VALUE
w27:689	0	COMPOSITIONAL	gelu	slice_copy;maximum;slice_copy;_to_copy;prod;slice_copy;slice_copy	AB_OK	3	3	VALUE
w28:196	3	COMPOSITIONAL	any	prod	AB_OK	3	3	VALUE
w28:227	2	SIBLING_DEPENDENT	split_copy	split_copy	AB_OK	3	3	ZEROED
w28:338	1	SIBLING_DEPENDENT	constant_pad_nd	trunc	AB_OK	3	3	ZEROED
w28:376	1	COMPOSITIONAL	mean	bitwise_left_shift;abs;squeeze_copy;tanh	AB_OK	3	3	VALUE
w28:40	2	SIBLING_DEPENDENT	flip	ceil	AB_OK	3	3	ZEROED
w28:427	1	COMPOSITIONAL	log	div;remainder	AB_OK	3	3	VALUE
w29:122	2	COMPOSITIONAL	copy	_to_copy;slice_copy;_to_copy;slice_copy;asinh;pow	AB_OK	3	3	ALIAS:n6
w29:240	2	COMPOSITIONAL	fmod	native_group_norm	AB_OK	3	3	VALUE
w29:337	0	COMPOSITIONAL	_native_batch_norm_legit	mm;addmm	AB_OK	3	3	VALUE
w29:594	2	SIBLING_DEPENDENT	bitwise_or	div	AB_OK	3	3	VALUE
w29:596	2	COMPOSITIONAL	min	bitwise_or;slice_copy;bitwise_left_shift;_to_copy;div;slice_copy;slice_copy	AB_OK	3	3	VALUE
w29:743	1	COMPOSITIONAL	div	_to_copy;broadcast_to	AB_OK	3	3	SCALE:0.500
w30:150	0	COMPOSITIONAL	atan	pow;bitwise_right_shift	AB_OK	3	3	VALUE
w30:233	0	COMPOSITIONAL	pow	select_scatter	AB_OK	3	3	VALUE
w30:359	2	COMPOSITIONAL	floor_divide	_to_copy;broadcast_to;prod	AB_OK	3	3	NONFINITE
w30:385	0	COMPOSITIONAL	unsqueeze_copy	remainder;bitwise_left_shift	AB_OK	3	3	VALUE
w30:39	0	SIBLING_DEPENDENT	unbind_copy	pow	AB_OK	3	3	ZEROED
w30:56	2	COMPOSITIONAL	leaky_relu	native_group_norm	AB_OK	3	3	VALUE
w30:584	1	SIBLING_DEPENDENT	fmod	select_scatter	AB_OK	3	3	ZEROED
w30:616	1	COMPOSITIONAL	bitwise_xor	bitwise_left_shift	AB_OK	3	3	VALUE
w30:646	0	COMPOSITIONAL	asin	floor_divide	AB_OK	3	3	VALUE
w3:115	1	SIBLING_DEPENDENT	sub	unbind_copy	AB_OK	3	3	VALUE
w31:158	2	SIBLING_DEPENDENT	acosh	mean	AB_OK	3	3	NONFINITE
w31:177	0	COMPOSITIONAL	mul	bitwise_left_shift	AB_OK	3	3	VALUE
w31:348	1	COMPOSITIONAL	native_group_norm	tanh	AB_OK	3	3	NONFINITE
w31:551	1	SIBLING_DEPENDENT	squeeze_copy	div	AB_OK	3	3	ZEROED
w31:605	0	COMPOSITIONAL	div	native_layer_norm	AB_OK	3	3	VALUE
w31:681	3	SIBLING_DEPENDENT	sign	slice_scatter	AB_OK	3	3	NONFINITE
w31:694	1	COMPOSITIONAL	unsqueeze_copy	bitwise_left_shift	AB_OK	3	3	VALUE
w3:174	0	COMPOSITIONAL	expm1	copy	AB_OK	3	3	ZEROED
w3:219	0	COMPOSITIONAL	lift_fresh_copy	bitwise_left_shift	AB_OK	3	3	VALUE
w32:411	0	COMPOSITIONAL	diagonal_copy	ceil;remainder;sub	AB_OK	3	3	VALUE
w32:577	1	SIBLING_DEPENDENT	permute_copy	sinh	AB_OK	3	3	ZEROED
w32:617	0	COMPOSITIONAL	ERR		DEV:TIMEOUT	0	3	
w33:310	1	COMPOSITIONAL	scatter	_to_copy;pixel_shuffle;slice_copy;slice_copy;mul;clamp	AB_OK	3	3	ZEROED
w33:368	0	SIBLING_DEPENDENT	prod	squeeze_copy	AB_OK	3	3	ZEROED
w3:339	0	SIBLING_DEPENDENT	max	sigmoid	AB_OK	3	3	ZEROED
w33:509	0	COMPOSITIONAL	bitwise_left_shift	bitwise_left_shift	AB_OK	3	3	VALUE
w33:731	4	COMPOSITIONAL	fmod	prod	AB_OK	3	3	VALUE
w33:738	2	SIBLING_DEPENDENT	detach_copy	alias_copy	AB_OK	3	3	ZEROED
w3:401	0	SIBLING_DEPENDENT	trunc	expand_copy	AB_OK	3	3	ZEROED
w34:124	1	COMPOSITIONAL	tril	native_group_norm	AB_OK	3	3	NONFINITE
w34:126	0	SIBLING_DEPENDENT	prod	lift_fresh_copy	AB_OK	3	3	ZEROED
w34:155	0	SIBLING_DEPENDENT	prod	div	AB_OK	3	3	ZEROED
w3:423	0	COMPOSITIONAL	div	sum	AB_OK	3	3	SCALE:0.727
w34:335	1	COMPOSITIONAL	fmod	trunc;bitwise_left_shift	AB_OK	3	3	NONFINITE
w3:450	0	COMPOSITIONAL	bitwise_right_shift	bitwise_left_shift	AB_OK	3	3	VALUE
w34:571	1	SIBLING_DEPENDENT	amin	clone	AB_OK	3	3	ZEROED
w3:465	0	COMPOSITIONAL	min	neg;bitwise_left_shift	AB_OK	3	3	VALUE
w34:697	3	COMPOSITIONAL	remainder	sum	AB_OK	3	3	VALUE
w34:764	4	SIBLING_DEPENDENT	floor_divide	unsqueeze_copy	AB_OK	3	3	VALUE
w35:212	3	COMPOSITIONAL	t_copy	sum	AB_OK	3	3	VALUE
w35:295	3	COMPOSITIONAL	split_copy	prod	AB_OK	3	3	VALUE
w3:545	3	SIBLING_DEPENDENT	max	max	AB_OK	3	3	ZEROED
w35:582	0	SIBLING_DEPENDENT	cosh	cosh	AB_OK	3	3	ZEROED
w35:585	3	SIBLING_DEPENDENT	constant_pad_nd	prod	AB_OK	3	3	ZEROED
w35:654	0	COMPOSITIONAL	logical_xor	_to_copy;native_group_norm;broadcast_to	AB_OK	3	3	VALUE
w35:661	3	SIBLING_DEPENDENT	prod	expand_copy	AB_OK	3	3	ZEROED
w35:66	1	SIBLING_DEPENDENT	logical_or	roll	AB_OK	3	3	ZEROED
w3:570	0	SIBLING_DEPENDENT	copy	constant_pad_nd	AB_OK	3	3	ZEROED
w35:9	1	SIBLING_DEPENDENT	prod	constant_pad_nd	AB_OK	3	3	NONFINITE
w36:147	0	COMPOSITIONAL	max	fill;mul	AB_OK	3	3	ZEROED
w3:619	1	SIBLING_DEPENDENT	max_pool2d_with_indices_backward	reflection_pad2d	AB_OK	3	3	VALUE
w36:316	3	SIBLING_DEPENDENT	index	detach_copy;bitwise_or	AB_OK	3	3	ZEROED
w36:416	0	SIBLING_DEPENDENT	acos	log10	AB_OK	3	3	NONFINITE
w36:581	4	COMPOSITIONAL	pow	remainder	AB_OK	3	3	VALUE
w36:723	0	SIBLING_DEPENDENT	bitwise_and	atanh;log10	AB_OK	3	3	ZEROED
w37:113	2	SIBLING_DEPENDENT	div	log10	AB_OK	3	3	ZEROED
w37:192	0	SIBLING_DEPENDENT	isnan	split_with_sizes_copy	AB_OK	3	3	VALUE
w37:235	1	COMPOSITIONAL	log10	bitwise_left_shift	AB_OK	3	3	VALUE
w37:260	0	SIBLING_DEPENDENT	fmod	constant_pad_nd	AB_OK	3	3	NONFINITE
w37:33	0	COMPOSITIONAL	neg	trunc;_native_batch_norm_legit	AB_OK	3	3	ZEROED
w37:375	2	COMPOSITIONAL	sin	native_group_norm	AB_OK	3	3	VALUE
w37:551	2	SIBLING_DEPENDENT	fmod	slice_scatter	AB_OK	3	3	ZEROED
w37:595	0	SIBLING_DEPENDENT	rsub	unbind_copy	AB_OK	3	3	SCALE:0.250
w37:604	0	COMPOSITIONAL	repeat	bitwise_right_shift;round;where	AB_OK	3	3	ZEROED
w37:71	0	SIBLING_DEPENDENT	transpose_copy	var_mean	AB_OK	3	3	NONFINITE
w3:781	1	COMPOSITIONAL	floor_divide	native_layer_norm;cumsum	AB_OK	3	3	VALUE
w37:95	0	COMPOSITIONAL	prod	native_group_norm	AB_OK	3	3	VALUE
w38:399	0	COMPOSITIONAL	log	var;native_group_norm;cosh	AB_OK	3	3	NONFINITE
w38:438	0	SIBLING_DEPENDENT	narrow_copy	abs	AB_OK	3	3	ZEROED
w38:477	0	COMPOSITIONAL	remainder	native_group_norm	AB_OK	3	3	NONFINITE
w38:488	3	COMPOSITIONAL	min	_native_batch_norm_legit	AB_OK	3	3	NONFINITE
w38:506	0	SIBLING_DEPENDENT	div	prod	AB_OK	3	3	ZEROED
w38:544	1	SIBLING_DEPENDENT	expand_copy	copy	AB_OK	3	3	ZEROED
w38:744	0	SIBLING_DEPENDENT	fmod	prod	AB_OK	3	3	NONFINITE
w38:82	0	COMPOSITIONAL	slice_scatter	floor_divide;_to_copy;constant_pad_nd	AB_OK	3	3	VALUE
w39:106	1	COMPOSITIONAL	min	_native_batch_norm_legit;div	AB_OK	3	3	VALUE
w39:122	1	SIBLING_DEPENDENT	cos	_softmax	AB_OK	3	3	NONFINITE
w39:187	4	COMPOSITIONAL	bitwise_or	remainder	AB_OK	3	3	VALUE
w39:25	0	COMPOSITIONAL	div	floor_divide;clamp	AB_OK	3	3	NONFINITE
w39:443	0	SIBLING_DEPENDENT	ERR		DEV:TIMEOUT	0	3	
w39:508	0	SIBLING_DEPENDENT	repeat	mul	AB_OK	3	3	ZEROED
w39:585	0	SIBLING_DEPENDENT	div	lt	AB_OK	3	3	VALUE
w40:2	0	COMPOSITIONAL	var_mean	max;sin;broadcast_to;expand_copy;minimum	AB_OK	3	3	ZEROED
w40:44	4	COMPOSITIONAL	native_layer_norm	unfold_copy;div	AB_OK	3	3	NONFINITE
w40:88	1	COMPOSITIONAL	expand_copy	reciprocal;remainder	AB_OK	3	3	VALUE
w41:314	0	SIBLING_DEPENDENT	pow	argmax	AB_OK	3	3	NONFINITE
w41:359	1	SIBLING_DEPENDENT	prod	constant_pad_nd	AB_OK	3	3	ZEROED
w41:425	2	COMPOSITIONAL	split_with_sizes_copy	bitwise_left_shift	AB_OK	3	3	VALUE
w42:106	1	COMPOSITIONAL	fmod	_to_copy;sum;broadcast_to	AB_OK	3	3	VALUE
w42:13	1	COMPOSITIONAL	div	pow	AB_OK	3	3	NONFINITE
w42:163	2	COMPOSITIONAL	sqrt	bitwise_left_shift	AB_OK	3	3	NONFINITE
w4:218	4	SIBLING_DEPENDENT	prod	topk	AB_OK	3	3	VALUE
w42:274	0	SIBLING_DEPENDENT	prod	acosh	AB_OK	3	3	VALUE
w4:230	2	SIBLING_DEPENDENT	log2	log2	AB_OK	3	3	NONFINITE
w42:33	0	COMPOSITIONAL	unfold_copy	fill	AB_OK	3	3	ZEROED
w42:370	3	COMPOSITIONAL	log2	addmm;_to_copy	AB_OK	3	3	VALUE
w42:438	2	COMPOSITIONAL	maximum	_native_batch_norm_legit;acos	AB_OK	3	3	NONFINITE
w42:452	1	COMPOSITIONAL	exp	remainder	AB_OK	3	3	VALUE
w42:462	0	COMPOSITIONAL	amax	bitwise_not;sum	AB_OK	3	3	VALUE
w42:524	0	SIBLING_DEPENDENT	sinh	log2	AB_OK	3	3	NONFINITE
w43:103	1	SIBLING_DEPENDENT	copy	expand_copy	AB_OK	3	3	NONFINITE
w43:185	0	SIBLING_DEPENDENT	amax	t_copy	AB_OK	3	3	ZEROED
w43:247	0	COMPOSITIONAL	sin	asinh	AB_OK	3	3	VALUE
w43:252	3	COMPOSITIONAL	squeeze_copy	floor_divide;exp	AB_OK	3	3	ALIAS:n2
w43:279	0	SIBLING_DEPENDENT	index	pow	AB_OK	3	3	NONFINITE
w43:395	1	SIBLING_DEPENDENT	log	min	AB_OK	3	3	NONFINITE
w43:401	1	COMPOSITIONAL	acos	_native_batch_norm_legit	AB_OK	3	3	NONFINITE
w43:41	1	SIBLING_DEPENDENT	logit	div	AB_OK	3	3	VALUE
w43:420	2	SIBLING_DEPENDENT	argmax	trunc	AB_OK	3	3	ZEROED
w4:345	0	SIBLING_DEPENDENT	abs	sin	AB_OK	3	3	ZEROED
w43:562	1	COMPOSITIONAL	prod	slice_scatter	AB_OK	3	3	ZEROED
w43:605	0	COMPOSITIONAL	maximum	view_copy	B_NOREPRO	0	3	?
w43:684	1	COMPOSITIONAL	div	_log_softmax;remainder;rsub	AB_OK	3	3	VALUE
w43:70	1	COMPOSITIONAL	rsqrt	atanh	AB_OK	3	3	VALUE
w43:753	0	COMPOSITIONAL	_pdist_forward	native_group_norm	AB_OK	3	3	VALUE
w4:391	0	COMPOSITIONAL	ne	trunc;native_group_norm	AB_OK	3	3	ALIAS:n1
w4:420	1	COMPOSITIONAL	bitwise_xor	prod	AB_OK	3	3	VALUE
w44:280	2	SIBLING_DEPENDENT	erf	pow	AB_OK	3	3	ZEROED
w44:373	1	COMPOSITIONAL	max	mul	B_NOREPRO	0	3	?
w44:451	0	SIBLING_DEPENDENT	max_pool2d_with_indices_backward	fmod;log2	AB_OK	3	3	NONFINITE
w44:603	2	SIBLING_DEPENDENT	min	alias_copy	AB_OK	3	3	ZEROED
w44:698	1	SIBLING_DEPENDENT	var	unbind_copy	AB_OK	3	3	NONFINITE
w44:702	1	SIBLING_DEPENDENT	clamp	log10	AB_OK	3	3	VALUE
w4:474	0	COMPOSITIONAL	fmod	minimum	B_NOREPRO	0	3	?
w4:5	0	COMPOSITIONAL	div	broadcast_to;_to_copy	AB_OK	3	3	SCALE:1.500
w4:516	1	COMPOSITIONAL	trunc	bitwise_left_shift	AB_OK	3	3	VALUE
w45:187	0	SIBLING_DEPENDENT	narrow_copy	mul	AB_OK	3	3	ZEROED
w45:323	2	COMPOSITIONAL	rsub	bitwise_left_shift	AB_OK	3	3	VALUE
w45:336	0	COMPOSITIONAL	pixel_shuffle	remainder	AB_OK	3	3	VALUE
w45:385	1	SIBLING_DEPENDENT	abs	narrow_copy	AB_OK	3	3	VALUE
w4:560	1	SIBLING_DEPENDENT	floor_divide	roll	AB_OK	3	3	VALUE
w4:561	1	SIBLING_DEPENDENT	min	expand_copy	AB_OK	3	3	NONFINITE
w45:70	1	COMPOSITIONAL	glu	squeeze_copy;gelu;masked_scatter;select_scatter;detach_copy	B_NOREPRO	0	3	?
w45:95	0	COMPOSITIONAL	fmod	elu;permute_copy	AB_OK	3	3	VALUE
w46:224	0	COMPOSITIONAL	remainder	atan	AB_OK	3	3	VALUE
w46:357	1	SIBLING_DEPENDENT	atan	prod;acos	AB_OK	3	3	ZEROED
w4:636	2	SIBLING_DEPENDENT	asin	asin	AB_OK	3	3	NONFINITE
w46:527	1	SIBLING_DEPENDENT	max	abs	AB_OK	3	3	ZEROED
w46:531	1	COMPOSITIONAL	argmax	bitwise_left_shift;relu	B_NOREPRO	0	3	?
w46:683	1	SIBLING_DEPENDENT	prod	mul	AB_OK	3	3	ZEROED
w46:69	0	COMPOSITIONAL	pow	bitwise_left_shift;var_mean	AB_OK	3	3	VALUE
w4:689	2	COMPOSITIONAL	log2	remainder	AB_OK	3	3	NONFINITE
w4:693	2	COMPOSITIONAL	pow	bitwise_left_shift	AB_OK	3	3	NONFINITE
w4:705	2	COMPOSITIONAL	repeat	bitwise_left_shift;asinh;sigmoid	AB_OK	3	3	VALUE
w47:320	0	COMPOSITIONAL	sign	bitwise_left_shift	AB_OK	3	3	VALUE
w47:349	1	COMPOSITIONAL	sqrt	div	B_NOREPRO	0	3	?
w47:429	0	SIBLING_DEPENDENT	replication_pad1d	sqrt	AB_OK	3	3	ZEROED
w47:469	0	SIBLING_DEPENDENT	permute_copy	squeeze_copy	AB_OK	3	3	NONFINITE
w47:580	0	SIBLING_DEPENDENT	log10	narrow_copy	AB_OK	3	3	NONFINITE
w47:757	3	SIBLING_DEPENDENT	div	lift_fresh_copy	AB_OK	3	3	ZEROED
w47:758	1	SIBLING_DEPENDENT	abs	squeeze_copy	AB_OK	3	3	ZEROED
w48:107	0	COMPOSITIONAL	div	view_copy;_to_copy	AB_OK	3	3	NONFINITE
w48:140	0	SIBLING_DEPENDENT	maximum	logical_and	AB_OK	3	3	VALUE
w48:208	0	SIBLING_DEPENDENT	flip	permute_copy	AB_OK	3	3	NONFINITE
w48:216	0	COMPOSITIONAL	remainder	native_layer_norm	AB_OK	3	3	VALUE
w48:223	1	SIBLING_DEPENDENT	prod	constant_pad_nd	AB_OK	3	3	NONFINITE
w48:274	0	COMPOSITIONAL	hardtanh	native_group_norm	AB_OK	3	3	VALUE
w48:439	0	SIBLING_DEPENDENT	div	fmod	AB_OK	3	3	ZEROED
w48:634	0	COMPOSITIONAL	t_copy	asinh	AB_OK	3	3	VALUE
w49:123	2	COMPOSITIONAL	flip	floor_divide	AB_OK	3	3	VALUE
w49:131	0	SIBLING_DEPENDENT	view_copy	ceil	AB_OK	3	3	ZEROED
w49:26	1	SIBLING_DEPENDENT	sum	fill	AB_OK	3	3	ZEROED
w49:398	0	SIBLING_DEPENDENT	scatter	prod	AB_OK	3	3	ZEROED
w49:485	0	COMPOSITIONAL	transpose_copy	_to_copy	AB_OK	3	3	VALUE
w49:644	0	COMPOSITIONAL	logical_and	remainder;fmod;argmin	AB_OK	3	3	ZEROED
w49:677	3	SIBLING_DEPENDENT	sin	var_mean	AB_OK	3	3	ZEROED
w49:702	1	SIBLING_DEPENDENT	narrow_copy	lift_fresh_copy	AB_OK	3	3	ZEROED
w49:72	0	SIBLING_DEPENDENT	pow	t_copy	AB_OK	3	3	ZEROED
w49:772	0	SIBLING_DEPENDENT	max	squeeze_copy	AB_OK	3	3	ZEROED
w50:276	1	SIBLING_DEPENDENT	native_group_norm	ge	AB_OK	3	3	NONFINITE
w50:310	3	COMPOSITIONAL	sum	amin	AB_OK	3	3	VALUE
w50:318	0	COMPOSITIONAL	index_put	sum;index	AB_OK	3	3	VALUE
w50:476	2	SIBLING_DEPENDENT	flip	t_copy	AB_OK	3	3	ZEROED
w50:536	0	SIBLING_DEPENDENT	neg	div	B_NOREPRO	0	3	?
w51:149	1	SIBLING_DEPENDENT	mean	mean	AB_OK	3	3	ZEROED
w5:115	1	COMPOSITIONAL	remainder	remainder	AB_OK	3	3	VALUE
w51:17	1	COMPOSITIONAL	slice_copy	_native_batch_norm_legit	AB_OK	3	3	NONFINITE
w51:206	0	COMPOSITIONAL	expand_copy	bitwise_left_shift;remainder;mul	AB_OK	3	3	VALUE
w51:208	1	COMPOSITIONAL	div	bitwise_left_shift;replication_pad3d	AB_OK	3	3	VALUE
w51:262	0	COMPOSITIONAL	fmod	remainder;expand_copy	AB_OK	3	3	VALUE
w51:269	3	SIBLING_DEPENDENT	constant_pad_nd	squeeze_copy	AB_OK	3	3	ZEROED
w51:393	0	SIBLING_DEPENDENT	sum	transpose_copy	AB_OK	3	3	VALUE
w5:141	3	SIBLING_DEPENDENT	argmax	lift_fresh_copy	AB_OK	3	3	ZEROED
w51:43	0	SIBLING_DEPENDENT	eq	le	AB_OK	3	3	ZEROED
w51:439	0	COMPOSITIONAL	roll	bitwise_right_shift;bitwise_left_shift	AB_OK	3	3	VALUE
w51:447	0	SIBLING_DEPENDENT	min	copy	AB_OK	3	3	ZEROED
w51:538	1	COMPOSITIONAL	div	broadcast_to	B_NOREPRO	0	3	?
w51:57	0	SIBLING_DEPENDENT	scatter_add	tanh;relu	AB_OK	3	3	ZEROED
w51:739	0	COMPOSITIONAL	mul	bitwise_left_shift	AB_OK	3	3	NONFINITE
w5:205	0	COMPOSITIONAL	maximum	remainder;slice_copy	B_NOREPRO	0	3	?
w52:127	0	SIBLING_DEPENDENT	lift_fresh_copy	split_with_sizes_copy	AB_OK	3	3	ZEROED
w52:165	0	SIBLING_DEPENDENT	mul	floor_divide	AB_OK	3	3	ZEROED
w52:273	2	COMPOSITIONAL	bitwise_xor	sum	AB_OK	3	3	VALUE
w52:291	0	SIBLING_DEPENDENT	leaky_relu	mul	AB_OK	3	3	ZEROED
w52:442	0	SIBLING_DEPENDENT	pow	var_mean	AB_OK	3	3	ZEROED
w52:559	1	SIBLING_DEPENDENT	flip	view_copy	AB_OK	3	3	ZEROED
w5:258	1	SIBLING_DEPENDENT	exp	topk	AB_OK	3	3	VALUE
w52:695	2	COMPOSITIONAL	split_with_sizes_copy	bitwise_left_shift	AB_OK	3	3	VALUE
w5:270	0	COMPOSITIONAL	split_copy	remainder	AB_OK	3	3	VALUE
w52:767	3	SIBLING_DEPENDENT	prod	detach_copy	AB_OK	3	3	NONFINITE
w52:88	0	COMPOSITIONAL	pow	native_group_norm	AB_OK	3	3	NONFINITE
w5:302	1	SIBLING_DEPENDENT	roll	permute_copy	AB_OK	3	3	ZEROED
w53:247	4	SIBLING_DEPENDENT	ERR		DEV:TIMEOUT	0	3	
w53:300	0	COMPOSITIONAL	mul	bitwise_left_shift;logical_not	AB_OK	3	3	VALUE
w5:340	1	COMPOSITIONAL	div	select_scatter	AB_OK	3	3	NONFINITE
w53:416	3	SIBLING_DEPENDENT	max	squeeze_copy	AB_OK	3	3	ZEROED
w5:342	0	COMPOSITIONAL	pixel_unshuffle	bitwise_left_shift	AB_OK	3	3	VALUE
w53:528	2	COMPOSITIONAL	cos	pow	AB_OK	3	3	VALUE
w53:529	0	COMPOSITIONAL	asin	ceil;remainder	AB_OK	3	3	NONFINITE
w53:531	0	COMPOSITIONAL	erf	bitwise_left_shift	AB_OK	3	3	ALIAS:L0
w53:684	0	SIBLING_DEPENDENT	fmod	logical_or	AB_OK	3	3	ZEROED
w53:750	0	SIBLING_DEPENDENT	split_copy	amin	AB_OK	3	3	ZEROED
w5:396	0	COMPOSITIONAL	sigmoid	remainder;logical_not;bitwise_right_shift;index_put	AB_OK	3	3	VALUE
w54:123	0	COMPOSITIONAL	prod	native_group_norm	AB_OK	3	3	VALUE
w5:415	4	SIBLING_DEPENDENT	max	transpose_copy	AB_OK	3	3	NONFINITE
w54:221	1	SIBLING_DEPENDENT	slice_copy	lift_fresh_copy	AB_OK	3	3	ZEROED
w54:229	1	COMPOSITIONAL	flip	fill;pixel_shuffle	AB_OK	3	3	ZEROED
w54:294	3	SIBLING_DEPENDENT	fmod	clone	AB_OK	3	3	ZEROED
w54:378	1	SIBLING_DEPENDENT	sign	prod	AB_OK	3	3	NONFINITE
w54:567	0	SIBLING_DEPENDENT	index	index	AB_OK	3	3	NONFINITE
w55:125	0	COMPOSITIONAL	tan	cosh	AB_OK	3	3	VALUE
w55:183	1	SIBLING_DEPENDENT	transpose_copy	split_with_sizes_copy	AB_OK	3	3	ZEROED
w55:355	0	COMPOSITIONAL	max	ceil;native_layer_norm	AB_OK	3	3	VALUE
w55:372	1	COMPOSITIONAL	div	broadcast_to;_to_copy	AB_OK	3	3	NONFINITE
w55:44	0	SIBLING_DEPENDENT	asinh	unbind_copy	AB_OK	3	3	NONFINITE
w55:549	0	COMPOSITIONAL	ge	remainder	AB_OK	3	3	VALUE
w5:559	1	COMPOSITIONAL	remainder	sigmoid	AB_OK	3	3	SCALE:1.325
w55:603	0	SIBLING_DEPENDENT	relu	relu	AB_OK	3	3	ZEROED
w55:621	3	COMPOSITIONAL	replication_pad3d	sum	AB_OK	3	3	VALUE
w55:767	0	COMPOSITIONAL	slice_copy	split_copy;bitwise_left_shift	AB_OK	3	3	VALUE
w56:121	2	COMPOSITIONAL	logical_xor	_to_copy;slice_copy;_to_copy;constant_pad_nd	AB_OK	3	3	ZEROED
w56:227	2	COMPOSITIONAL	sign	remainder	AB_OK	3	3	ALIAS:n3
w56:535	4	SIBLING_DEPENDENT	roll	constant_pad_nd	AB_OK	3	3	ZEROED
w56:575	1	SIBLING_DEPENDENT	masked_scatter	transpose_copy	AB_OK	3	3	ZEROED
w56:670	2	SIBLING_DEPENDENT	trunc	transpose_copy	AB_OK	3	3	NONFINITE
w56:739	2	COMPOSITIONAL	ne	bitwise_left_shift	AB_OK	3	3	VALUE
w5:687	3	SIBLING_DEPENDENT	mul	div;split_with_sizes_copy	AB_OK	3	3	ZEROED
w57:135	0	SIBLING_DEPENDENT	asin	sin;rsqrt	AB_OK	3	3	NONFINITE
w57:268	2	COMPOSITIONAL	any	bitwise_left_shift	AB_OK	3	3	VALUE
w57:285	0	COMPOSITIONAL	bitwise_left_shift	clamp;bitwise_left_shift	AB_OK	3	3	ALIAS:L0
w57:301	0	SIBLING_DEPENDENT	abs	clone	AB_OK	3	3	ZEROED
w57:332	2	SIBLING_DEPENDENT	masked_scatter	alias_copy	AB_OK	3	3	ZEROED
w57:374	1	COMPOSITIONAL	fmod	ne;bitwise_not;remainder	AB_OK	3	3	VALUE
w57:59	1	SIBLING_DEPENDENT	log2	mean	AB_OK	3	3	VALUE
w57:613	0	COMPOSITIONAL	where	broadcast_to;fill;_to_copy	AB_OK	3	3	ZEROED
w57:719	3	COMPOSITIONAL	floor_divide	addmm;clone	AB_OK	3	3	VALUE
w57:87	2	SIBLING_DEPENDENT	prod	permute_copy	AB_OK	3	3	ZEROED
w58:205	2	COMPOSITIONAL	pow	select_scatter	AB_OK	3	3	VALUE
w58:331	0	SIBLING_DEPENDENT	min	transpose_copy	AB_OK	3	3	ALIAS:n10
w58:560	2	COMPOSITIONAL	slice_copy	bitwise_left_shift	AB_OK	3	3	VALUE
w58:581	0	SIBLING_DEPENDENT	log2	permute_copy	AB_OK	3	3	NONFINITE
w58:69	0	COMPOSITIONAL	permute_copy	erf;remainder	AB_OK	3	3	VALUE
w58:774	1	SIBLING_DEPENDENT	prod	clone	AB_OK	3	3	ZEROED
w58:87	1	COMPOSITIONAL	view_copy	view_copy;_to_copy	AB_OK	3	3	VALUE
w59:389	0	COMPOSITIONAL	maximum	remainder	AB_OK	3	3	SCALE:-0.250
w59:476	4	SIBLING_DEPENDENT	max	clone	AB_OK	3	3	ZEROED
w59:536	0	COMPOSITIONAL	tan	bitwise_left_shift;sqrt;view_copy;expand_copy	AB_OK	3	3	NONFINITE
w59:561	1	COMPOSITIONAL	sigmoid	remainder	AB_OK	3	3	VALUE
w59:696	0	COMPOSITIONAL	sin	native_group_norm	AB_OK	3	3	NONFINITE
w59:736	0	SIBLING_DEPENDENT	log	log10	AB_OK	3	3	NONFINITE
w59:83	1	COMPOSITIONAL	cumsum	bitwise_left_shift	AB_OK	3	3	NONFINITE
w60:143	0	COMPOSITIONAL	exp	bitwise_left_shift;var	AB_OK	3	3	NONFINITE
w60:184	0	SIBLING_DEPENDENT	logical_xor	pow	AB_OK	3	3	VALUE
w60:212	0	COMPOSITIONAL	asinh	remainder;fmod	AB_OK	3	3	VALUE
w60:387	0	SIBLING_DEPENDENT	gelu	unbind_copy	AB_OK	3	3	ZEROED
w60:389	1	COMPOSITIONAL	le	view_copy;cos;_to_copy;bitwise_left_shift	AB_OK	3	3	ZEROED
w60:39	1	COMPOSITIONAL	squeeze_copy	prod;unsqueeze_copy	AB_OK	3	3	VALUE
w60:462	2	COMPOSITIONAL	rsqrt	floor_divide	AB_OK	3	3	NONFINITE
w60:656	2	SIBLING_DEPENDENT	masked_scatter	expand_copy	AB_OK	3	3	VALUE
w60:659	0	SIBLING_DEPENDENT	clone	alias_copy	AB_OK	3	3	ZEROED
w60:740	0	SIBLING_DEPENDENT	div	div	AB_OK	3	3	ZEROED
w6:101	1	COMPOSITIONAL	fmod	broadcast_to;_to_copy;asinh	AB_OK	3	3	VALUE
w61:101	0	COMPOSITIONAL	masked_scatter	broadcast_to;_to_copy;var_mean	AB_OK	3	3	VALUE
w61:13	0	SIBLING_DEPENDENT	view_copy	alias_copy	AB_OK	3	3	NONFINITE
w6:114	1	SIBLING_DEPENDENT	expand_copy	gt	AB_OK	3	3	NONFINITE
w61:311	2	SIBLING_DEPENDENT	sinh	pow	AB_OK	3	3	ZEROED
w61:353	0	COMPOSITIONAL	unfold_copy	native_group_norm	AB_OK	3	3	VALUE
w61:424	0	COMPOSITIONAL	atanh	bitwise_left_shift	AB_OK	3	3	NONFINITE
w61:451	0	COMPOSITIONAL	atanh	bitwise_left_shift	AB_OK	3	3	NONFINITE
w61:456	3	SIBLING_DEPENDENT	logical_or	squeeze_copy	AB_OK	3	3	VALUE
w61:468	1	COMPOSITIONAL	gt	constant_pad_nd;_to_copy;clamp;index_select;tanh;squeeze_copy	AB_OK	3	3	ZEROED
w61:48	1	COMPOSITIONAL	remainder	mul;remainder	AB_OK	3	3	VALUE
w61:49	2	SIBLING_DEPENDENT	gelu	view_copy	AB_OK	3	3	ZEROED
w61:506	3	COMPOSITIONAL	tan	t_copy;native_group_norm;abs	AB_OK	3	3	VALUE
w61:512	0	SIBLING_DEPENDENT	logical_and	split_with_sizes_copy	AB_OK	3	3	ZEROED
w6:159	0	COMPOSITIONAL	var	native_group_norm;elu	AB_OK	3	3	VALUE
w61:595	0	COMPOSITIONAL	gather	_to_copy;slice_copy;clamp;squeeze_copy;mul	AB_OK	3	3	ZEROED
w61:627	0	SIBLING_DEPENDENT	ceil	bitwise_left_shift	AB_OK	3	3	NONFINITE
w61:667	0	COMPOSITIONAL	fmod	bitwise_left_shift	AB_OK	3	3	NONFINITE
w61:682	0	COMPOSITIONAL	ne	bitwise_left_shift;lt	AB_OK	3	3	VALUE
w61:683	0	SIBLING_DEPENDENT	logical_and	alias_copy	AB_OK	3	3	ZEROED
w61:723	2	SIBLING_DEPENDENT	pow	copy	AB_OK	3	3	NONFINITE
w61:753	0	SIBLING_DEPENDENT	fmod	argmin	AB_OK	3	3	ZEROED
w6:20	3	SIBLING_DEPENDENT	prod	permute_copy	AB_OK	3	3	ZEROED
w62:112	3	SIBLING_DEPENDENT	atanh	scatter	AB_OK	3	3	NONFINITE
w62:202	0	SIBLING_DEPENDENT	asinh	slice_copy;ge	AB_OK	3	3	ZEROED
w62:307	0	SIBLING_DEPENDENT	gt	fmod	AB_OK	3	3	ZEROED
w6:237	0	COMPOSITIONAL	fmod	minimum;native_group_norm;pow	AB_OK	3	3	NONFINITE
w62:425	0	COMPOSITIONAL	abs	sum;broadcast_to;remainder;_to_copy	AB_OK	3	3	SCALE:0.500
w62:5	2	SIBLING_DEPENDENT	prod	constant_pad_nd	AB_OK	3	3	ZEROED
w62:643	0	COMPOSITIONAL	sigmoid	bitwise_left_shift	AB_OK	3	3	ZEROED
w6:268	1	COMPOSITIONAL	slice_copy	_native_batch_norm_legit	AB_OK	3	3	NONFINITE
w62:771	2	COMPOSITIONAL	slice_copy	var	AB_OK	3	3	NONFINITE
w63:150	2	SIBLING_DEPENDENT	logical_not	amin	AB_OK	3	3	ALIAS:n0
w6:320	0	COMPOSITIONAL	fmod	bitwise_left_shift	AB_OK	3	3	NONFINITE
w63:310	2	SIBLING_DEPENDENT	_softmax	max	AB_OK	3	3	VALUE
w6:341	0	SIBLING_DEPENDENT	detach_copy	remainder	AB_OK	3	3	ZEROED
w63:424	1	SIBLING_DEPENDENT	argmin	unbind_copy	AB_OK	3	3	ZEROED
w63:527	0	SIBLING_DEPENDENT	fmod	pixel_shuffle	AB_OK	3	3	ZEROED
w63:541	2	SIBLING_DEPENDENT	trunc	constant_pad_nd	AB_OK	3	3	ZEROED
w6:357	0	SIBLING_DEPENDENT	min	alias_copy	AB_OK	3	3	ZEROED
w63:609	2	SIBLING_DEPENDENT	fmod	transpose_copy	AB_OK	3	3	NONFINITE
w63:747	0	COMPOSITIONAL	rsub	detach_copy;clamp;view_copy;atan2	AB_OK	3	3	VALUE
w64:211	0	COMPOSITIONAL	logit	bitwise_left_shift	AB_OK	3	3	VALUE
w64:223	3	SIBLING_DEPENDENT	clamp	alias_copy	AB_OK	3	3	ZEROED
w64:248	1	SIBLING_DEPENDENT	trunc	lift_fresh_copy	AB_OK	3	3	ZEROED
w64:269	0	COMPOSITIONAL	bitwise_or	sum	AB_OK	3	3	VALUE
w64:291	2	SIBLING_DEPENDENT	min	constant_pad_nd	AB_OK	3	3	ZEROED
w64:397	0	SIBLING_DEPENDENT	logical_and	pow	AB_OK	3	3	ZEROED
w64:581	0	SIBLING_DEPENDENT	remainder	leaky_relu	AB_OK	3	3	ZEROED
w6:461	2	SIBLING_DEPENDENT	max	clone	AB_OK	3	3	NONFINITE
w6:46	4	SIBLING_DEPENDENT	lt	expand_copy	AB_OK	3	3	ZEROED
w6:469	1	SIBLING_DEPENDENT	slice_scatter	fmod	AB_OK	3	3	VALUE
w64:737	0	COMPOSITIONAL	trunc	fill	AB_OK	3	3	ZEROED
w64:745	0	SIBLING_DEPENDENT	permute_copy	constant_pad_nd	AB_OK	3	3	ZEROED
w6:504	1	SIBLING_DEPENDENT	trunc	copy	AB_OK	3	3	NONFINITE
w65:110	3	COMPOSITIONAL	bitwise_or	sum	AB_OK	3	3	ALIAS:L1
w65:269	1	SIBLING_DEPENDENT	detach_copy	lift_fresh_copy	AB_OK	3	3	ZEROED
w65:370	0	COMPOSITIONAL	max	native_group_norm	AB_OK	3	3	VALUE
w65:460	0	SIBLING_DEPENDENT	constant_pad_nd	squeeze_copy	AB_OK	3	3	NONFINITE
w65:531	1	COMPOSITIONAL	bitwise_or	sum;bitwise_left_shift;argmax	AB_OK	3	3	VALUE
w65:6	1	COMPOSITIONAL	logical_xor	scatter;clone;constant_pad_nd;tan;_to_copy;clamp;expm1	B_NOREPRO	0	3	?
w65:644	1	SIBLING_DEPENDENT	logical_not	unsqueeze_copy	AB_OK	3	3	VALUE
w65:686	1	COMPOSITIONAL	maximum	broadcast_to;_to_copy;native_group_norm	AB_OK	3	3	VALUE
w65:70	1	COMPOSITIONAL	clamp	bitwise_left_shift	AB_OK	3	3	VALUE
w65:767	0	COMPOSITIONAL	abs	trunc;fill	AB_OK	3	3	ZEROED
w65:98	3	SIBLING_DEPENDENT	prod	pixel_unshuffle	AB_OK	3	3	ZEROED
w66:138	1	SIBLING_DEPENDENT	fmod	lift_fresh_copy	AB_OK	3	3	ZEROED
w66:273	0	SIBLING_DEPENDENT	mul	ceil	AB_OK	3	3	ALIAS:n7
w66:39	0	SIBLING_DEPENDENT	hardtanh	fill	AB_OK	3	3	SCALE:17.847
w66:412	1	COMPOSITIONAL	_adaptive_avg_pool2d	native_group_norm	AB_OK	3	3	VALUE
w66:461	0	COMPOSITIONAL	fmod	remainder;fmod;sigmoid	AB_OK	3	3	VALUE
w66:723	1	SIBLING_DEPENDENT	log10	clone	AB_OK	3	3	NONFINITE
w66:735	1	SIBLING_DEPENDENT	prod	view_copy	AB_OK	3	3	ZEROED
w6:678	2	COMPOSITIONAL	div	sum	AB_OK	3	3	VALUE
w67:144	3	SIBLING_DEPENDENT	view_copy	relu	AB_OK	3	3	ZEROED
w67:196	1	SIBLING_DEPENDENT	min	view_copy	AB_OK	3	3	ZEROED
w67:220	2	COMPOSITIONAL	floor	_to_copy;broadcast_to;bitwise_and	AB_OK	3	3	VALUE
w67:225	0	COMPOSITIONAL	unsqueeze_copy	bitwise_left_shift	AB_OK	3	3	VALUE
w6:724	0	COMPOSITIONAL	_log_softmax	asinh	AB_OK	3	3	VALUE
w67:269	0	COMPOSITIONAL	pixel_shuffle	_native_batch_norm_legit;broadcast_to	AB_OK	3	3	VALUE
w67:428	1	COMPOSITIONAL	ne	slice_scatter;le	AB_OK	3	3	ZEROED
w67:486	0	COMPOSITIONAL	log1p	bitwise_left_shift	AB_OK	3	3	NONFINITE
w67:656	0	COMPOSITIONAL	mul	mean;native_layer_norm	AB_OK	3	3	VALUE
w67:687	1	SIBLING_DEPENDENT	log10	transpose_copy	AB_OK	3	3	NONFINITE
w68:107	1	COMPOSITIONAL	logit	view_copy;native_layer_norm;sin;convolution	B_NOREPRO	0	3	?
w68:139	1	SIBLING_DEPENDENT	logit	logit	AB_OK	3	3	NONFINITE
w68:140	3	SIBLING_DEPENDENT	prod	constant_pad_nd	AB_OK	3	3	NONFINITE
w68:192	2	SIBLING_DEPENDENT	log2	where	AB_OK	3	3	NONFINITE
w68:356	0	COMPOSITIONAL	max	native_group_norm	AB_OK	3	3	VALUE
w68:446	0	COMPOSITIONAL	amax	cos;maximum;_softmax;reciprocal;abs;var	AB_OK	3	3	VALUE
w68:60	1	COMPOSITIONAL	mul	prod;fill	AB_OK	3	3	ZEROED
w68:67	0	SIBLING_DEPENDENT	view_copy	view_copy	AB_OK	3	3	ZEROED
w69:197	4	COMPOSITIONAL	acos	native_layer_norm	AB_OK	3	3	VALUE
w69:316	0	SIBLING_DEPENDENT	atanh	atanh	AB_OK	3	3	NONFINITE
w69:418	0	SIBLING_DEPENDENT	sinh	argmax	AB_OK	3	3	ZEROED
w69:603	3	SIBLING_DEPENDENT	t_copy	transpose_copy	AB_OK	3	3	ZEROED
w69:654	0	SIBLING_DEPENDENT	add	unbind_copy	AB_OK	3	3	VALUE
w69:672	2	COMPOSITIONAL	minimum	remainder	AB_OK	3	3	ALIAS:n0
w69:691	2	COMPOSITIONAL	atan2	elu	AB_OK	3	3	VALUE
w69:705	0	SIBLING_DEPENDENT	acos	var_mean	AB_OK	3	3	NONFINITE
w69:97	0	COMPOSITIONAL	elu	bitwise_left_shift	AB_OK	3	3	NONFINITE
w70:133	2	SIBLING_DEPENDENT	squeeze_copy	slice_scatter	AB_OK	3	3	ZEROED
w70:246	0	COMPOSITIONAL	hardtanh	broadcast_to;_to_copy;_native_batch_norm_legit	AB_OK	3	3	NONFINITE
w70:25	3	SIBLING_DEPENDENT	fmod	clone	AB_OK	3	3	NONFINITE
w70:398	2	SIBLING_DEPENDENT	log10	squeeze_copy	AB_OK	3	3	ALIAS:n2
w70:461	3	SIBLING_DEPENDENT	sign	log	AB_OK	3	3	VALUE
w70:55	0	COMPOSITIONAL	atanh	remainder	AB_OK	3	3	VALUE
w70:615	2	COMPOSITIONAL	eq	min;view_copy;bitwise_left_shift	AB_OK	3	3	ALIAS:n1
w70:639	1	SIBLING_DEPENDENT	squeeze_copy	detach_copy	AB_OK	3	3	NONFINITE
w70:67	2	SIBLING_DEPENDENT	fmod	argmax	AB_OK	3	3	ZEROED
w70:715	2	SIBLING_DEPENDENT	maximum	remainder	AB_OK	3	3	SCALE:124.005
w70:750	3	COMPOSITIONAL	sum	select_scatter	AB_OK	3	3	VALUE
w70:779	0	COMPOSITIONAL	pow	native_layer_norm;fmod	AB_OK	3	3	VALUE
w71:109	0	COMPOSITIONAL	expm1	bitwise_left_shift	AB_OK	3	3	NONFINITE
w71:149	3	COMPOSITIONAL	floor_divide	_native_batch_norm_legit	AB_OK	3	3	VALUE
w71:21	1	SIBLING_DEPENDENT	abs	abs	AB_OK	3	3	ZEROED
w71:287	1	SIBLING_DEPENDENT	asin	ge	AB_OK	3	3	NONFINITE
w71:313	1	COMPOSITIONAL	atan2	squeeze_copy;bitwise_left_shift;abs	AB_OK	3	3	VALUE
w71:48	3	SIBLING_DEPENDENT	min	alias_copy	AB_OK	3	3	ZEROED
w71:499	1	COMPOSITIONAL	var_mean	floor_divide	AB_OK	3	3	VALUE
w71:511	0	SIBLING_DEPENDENT	lt	hardtanh	AB_OK	3	3	VALUE
w71:685	0	SIBLING_DEPENDENT	logical_xor	split_with_sizes_copy	AB_OK	3	3	SCALE:0.000
w71:78	2	SIBLING_DEPENDENT	abs	abs	AB_OK	3	3	ZEROED
w72:121	3	COMPOSITIONAL	floor_divide	_to_copy;slice_copy	AB_OK	3	3	NONFINITE
w72:16	1	SIBLING_DEPENDENT	ceil	maximum	AB_OK	3	3	ZEROED
w72:210	3	COMPOSITIONAL	tanh	native_layer_norm	AB_OK	3	3	VALUE
w72:343	2	SIBLING_DEPENDENT	transpose_copy	alias_copy	AB_OK	3	3	ZEROED
w72:64	3	SIBLING_DEPENDENT	expm1	log10	AB_OK	3	3	ZEROED
w72:736	1	SIBLING_DEPENDENT	fmod	clone	AB_OK	3	3	ZEROED
w72:8	1	SIBLING_DEPENDENT	log10	constant_pad_nd	AB_OK	3	3	VALUE
w7:307	0	SIBLING_DEPENDENT	clone	detach_copy	AB_OK	3	3	ZEROED
w73:102	3	COMPOSITIONAL	sin	floor_divide	AB_OK	3	3	ALIAS:n3
w73:147	1	SIBLING_DEPENDENT	remainder	pow	AB_OK	3	3	NONFINITE
w7:326	0	SIBLING_DEPENDENT	squeeze_copy	remainder	AB_OK	3	3	ZEROED
w73:314	0	SIBLING_DEPENDENT	remainder	view_copy	AB_OK	3	3	ZEROED
w73:393	0	COMPOSITIONAL	isnan	native_group_norm	AB_OK	3	3	VALUE
w73:453	3	SIBLING_DEPENDENT	max	squeeze_copy	AB_OK	3	3	ZEROED
w73:603	1	COMPOSITIONAL	asinh	view_copy;round;_to_copy;expand_copy	AB_OK	3	3	VALUE
w73:739	0	SIBLING_DEPENDENT	hardtanh	abs	AB_OK	3	3	ZEROED
w7:421	1	SIBLING_DEPENDENT	fmod	expand_copy	AB_OK	3	3	NONFINITE
w7:43	1	SIBLING_DEPENDENT	abs	unbind_copy	AB_OK	3	3	ZEROED
w74:357	0	COMPOSITIONAL	slice_copy	_to_copy;broadcast_to	AB_OK	3	3	VALUE
w74:450	3	COMPOSITIONAL	abs	fmod	AB_OK	3	3	ZEROED
w74:560	2	COMPOSITIONAL	div	broadcast_to;_to_copy	AB_OK	3	3	SCALE:0.750
w75:226	1	COMPOSITIONAL	floor_divide	elu;asinh	AB_OK	3	3	VALUE
w75:25	0	SIBLING_DEPENDENT	flip	view_copy	AB_OK	3	3	ZEROED
w75:313	0	COMPOSITIONAL	logical_and	alias_copy;bitwise_left_shift	AB_OK	3	3	VALUE
w75:435	2	SIBLING_DEPENDENT	log10	squeeze_copy	AB_OK	3	3	VALUE
w75:625	0	COMPOSITIONAL	native_layer_norm	exp;remainder	AB_OK	3	3	SCALE:-1.000
w75:714	3	COMPOSITIONAL	remainder	remainder;squeeze_copy	AB_OK	3	3	VALUE
w75:81	2	SIBLING_DEPENDENT	ERR		DEV:TIMEOUT	0	3	
w7:612	1	SIBLING_DEPENDENT	select_scatter	fill	AB_OK	3	3	VALUE
w76:576	0	SIBLING_DEPENDENT	flip	fmod	AB_OK	3	3	ZEROED
w76:605	1	COMPOSITIONAL	div	slice_copy;split_with_sizes_copy;slice_copy;floor_divide;_to_copy	AB_OK	3	3	NONFINITE
w76:649	0	SIBLING_DEPENDENT	sqrt	logical_and	AB_OK	3	3	NONFINITE
w76:75	3	SIBLING_DEPENDENT	flip	detach_copy	AB_OK	3	3	ZEROED
w76:754	0	COMPOSITIONAL	exp	remainder	AB_OK	3	3	VALUE
w76:777	1	COMPOSITIONAL	minimum	view_copy;unbind_copy;ne	AB_OK	3	3	ZEROED
w77:21	1	SIBLING_DEPENDENT	atanh	atanh	AB_OK	3	3	ZEROED
w77:241	0	SIBLING_DEPENDENT	max	isinf	AB_OK	3	3	NONFINITE
w77:382	1	SIBLING_DEPENDENT	logical_or	squeeze_copy	AB_OK	3	3	ZEROED
w77:456	1	COMPOSITIONAL	abs	atan2;remainder;lift_fresh_copy	AB_OK	3	3	SCALE:2.000
w77:521	1	SIBLING_DEPENDENT	atanh	unbind_copy	AB_OK	3	3	VALUE
w77:565	3	SIBLING_DEPENDENT	div	constant_pad_nd	AB_OK	3	3	ZEROED
w77:631	0	COMPOSITIONAL	unfold_copy	floor_divide	AB_OK	3	3	VALUE
w77:654	1	COMPOSITIONAL	bitwise_or	bitwise_left_shift;logical_or	AB_OK	3	3	ALIAS:L0
w77:95	0	SIBLING_DEPENDENT	tanh	atan2	AB_OK	3	3	NONFINITE
w78:130	1	SIBLING_DEPENDENT	scatter	max	AB_OK	3	3	NONFINITE
w78:168	1	COMPOSITIONAL	remainder	clone;floor_divide	AB_OK	3	3	ZEROED
w78:31	1	SIBLING_DEPENDENT	clone	unbind_copy	AB_OK	3	3	ZEROED
w78:432	3	COMPOSITIONAL	slice_scatter	sum;_to_copy	AB_OK	3	3	VALUE
w78:513	0	SIBLING_DEPENDENT	ERR		DEV:TIMEOUT	0	3	
w78:58	0	SIBLING_DEPENDENT	repeat	tan	AB_OK	3	3	ZEROED
w78:645	2	SIBLING_DEPENDENT	maximum	maximum	AB_OK	3	3	ZEROED
w78:662	1	SIBLING_DEPENDENT	topk	floor_divide	AB_OK	3	3	ZEROED
w79:176	2	COMPOSITIONAL	sub	broadcast_to;squeeze_copy;_to_copy;ne;bitwise_and;prod	AB_OK	3	3	VALUE
w79:184	0	COMPOSITIONAL	div	bitwise_left_shift;cumsum;clone	AB_OK	3	3	VALUE
w79:400	0	COMPOSITIONAL	remainder	bitwise_left_shift;_log_softmax	AB_OK	3	3	NONFINITE
w79:415	1	COMPOSITIONAL	transpose_copy	expm1;bitwise_left_shift;ceil	AB_OK	3	3	VALUE
w79:547	2	SIBLING_DEPENDENT	permute_copy	expand_copy	AB_OK	3	3	ZEROED
w79:631	2	COMPOSITIONAL	tan	bitwise_left_shift	AB_OK	3	3	VALUE
w79:70	3	COMPOSITIONAL	rsqrt	addmm	AB_OK	3	3	VALUE
w79:720	2	COMPOSITIONAL	elu	floor_divide	AB_OK	3	3	VALUE
w80:146	1	COMPOSITIONAL	div	broadcast_to;_to_copy	AB_OK	3	3	NONFINITE
w80:271	3	COMPOSITIONAL	prod	atanh;squeeze_copy;var;log1p	AB_OK	3	3	VALUE
w80:52	1	COMPOSITIONAL	floor	bitwise_left_shift	AB_OK	3	3	VALUE
w80:543	3	COMPOSITIONAL	bitwise_or	prod	AB_OK	3	3	SCALE:1.083
w80:596	0	COMPOSITIONAL	div	_to_copy;native_group_norm	B_NOREPRO	0	3	?
w81:202	0	SIBLING_DEPENDENT	pow	div	AB_OK	3	3	ZEROED
w81:228	0	COMPOSITIONAL	pow	asinh	AB_OK	3	3	VALUE
w81:230	2	SIBLING_DEPENDENT	min	permute_copy	AB_OK	3	3	ZEROED
w81:300	2	COMPOSITIONAL	unfold_copy	floor;native_group_norm	AB_OK	3	3	VALUE
w81:334	1	SIBLING_DEPENDENT	fmod	squeeze_copy	AB_OK	3	3	ZEROED
w81:429	1	SIBLING_DEPENDENT	log2	t_copy	AB_OK	3	3	VALUE
w81:764	0	COMPOSITIONAL	unbind_copy	bitwise_and;bitwise_left_shift	AB_OK	3	3	NONFINITE
w8:209	0	COMPOSITIONAL	view_copy	bitwise_left_shift;gt;exp;amax	AB_OK	3	3	ALIAS:n2
w82:146	2	SIBLING_DEPENDENT	ne	div;clone	AB_OK	3	3	ALIAS:n4
w82:482	0	SIBLING_DEPENDENT	sin	log10	AB_OK	3	3	ZEROED
w82:494	0	COMPOSITIONAL	ERR		DEV:TIMEOUT	0	3	
w82:57	0	SIBLING_DEPENDENT	fmod	flip	AB_OK	3	3	ZEROED
w82:606	2	COMPOSITIONAL	floor_divide	remainder	AB_OK	3	3	NONFINITE
w82:66	2	SIBLING_DEPENDENT	ERR		DEV:TIMEOUT	0	3	
w82:757	0	SIBLING_DEPENDENT	logical_xor	tan	B_NOREPRO	0	3	?
w83:141	0	COMPOSITIONAL	min	bitwise_left_shift	AB_OK	3	3	VALUE
w83:181	0	COMPOSITIONAL	floor_divide	log1p	AB_OK	3	3	VALUE
w83:215	0	SIBLING_DEPENDENT	cumsum	alias_copy	AB_OK	3	3	ZEROED
w83:344	1	COMPOSITIONAL	bitwise_and	remainder	AB_OK	3	3	VALUE
w83:376	1	COMPOSITIONAL	log10	remainder	AB_OK	3	3	NONFINITE
w83:586	0	SIBLING_DEPENDENT	slice_copy	lift_fresh_copy	AB_OK	3	3	NONFINITE
w83:736	1	COMPOSITIONAL	floor_divide	native_group_norm	AB_OK	3	3	VALUE
w8:376	1	COMPOSITIONAL	floor_divide	native_group_norm	AB_OK	3	3	VALUE
w8:381	1	COMPOSITIONAL	div	_to_copy;native_layer_norm;broadcast_to	AB_OK	3	3	NONFINITE
w84:104	0	COMPOSITIONAL	index_select	clamp;lift_fresh_copy;slice_copy;gt;_to_copy	AB_OK	3	3	ZEROED
w84:144	0	SIBLING_DEPENDENT	log	squeeze_copy	AB_OK	3	3	NONFINITE
w84:182	1	COMPOSITIONAL	cos	asin;rsub;detach_copy	AB_OK	3	3	VALUE
w84:210	1	COMPOSITIONAL	squeeze_copy	sum;clamp	AB_OK	3	3	VALUE
w8:435	0	SIBLING_DEPENDENT	div	transpose_copy;repeat	AB_OK	3	3	VALUE
w84:353	0	COMPOSITIONAL	unfold_copy	bitwise_left_shift;exp	AB_OK	3	3	ZEROED
w84:447	4	COMPOSITIONAL	max	sum	AB_OK	3	3	VALUE
w84:515	2	SIBLING_DEPENDENT	squeeze_copy	lift_fresh_copy	AB_OK	3	3	ZEROED
w84:669	1	SIBLING_DEPENDENT	acos	alias_copy	AB_OK	3	3	NONFINITE
w84:694	0	SIBLING_DEPENDENT	asinh	sin	AB_OK	3	3	VALUE
w84:720	1	SIBLING_DEPENDENT	permute_copy	t_copy	AB_OK	3	3	NONFINITE
w8:52	0	SIBLING_DEPENDENT	rsqrt	rsqrt	AB_OK	3	3	NONFINITE
w85:219	3	SIBLING_DEPENDENT	log10	lift_fresh_copy	AB_OK	3	3	VALUE
w85:22	3	SIBLING_DEPENDENT	tan	fill	AB_OK	3	3	ZEROED
w85:282	0	COMPOSITIONAL	where	bitwise_left_shift	AB_OK	3	3	VALUE
w85:286	1	SIBLING_DEPENDENT	ne	clone	AB_OK	3	3	VALUE
w85:389	1	COMPOSITIONAL	select_scatter	bitwise_left_shift;_softmax	AB_OK	3	3	VALUE
w85:444	3	COMPOSITIONAL	bitwise_and	prod	AB_OK	3	3	VALUE
w85:709	1	COMPOSITIONAL	glu	remainder	AB_OK	3	3	NONFINITE
w85:89	0	SIBLING_DEPENDENT	max	expand_copy	AB_OK	3	3	ZEROED
w86:125	1	COMPOSITIONAL	minimum	native_group_norm;tril	AB_OK	3	3	VALUE
w86:22	0	COMPOSITIONAL	acosh	native_group_norm;pow;cosh	AB_OK	3	3	VALUE
w86:232	3	SIBLING_DEPENDENT	replication_pad2d	transpose_copy	AB_OK	3	3	ZEROED
w86:564	1	SIBLING_DEPENDENT	constant_pad_nd	squeeze_copy	AB_OK	3	3	NONFINITE
w86:679	0	COMPOSITIONAL	pow	fill	AB_OK	3	3	ZEROED
w87:107	1	SIBLING_DEPENDENT	abs	var_mean;sub	AB_OK	3	3	ZEROED
w87:153	1	COMPOSITIONAL	mul	bitwise_left_shift;sum	AB_OK	3	3	VALUE
w87:247	1	SIBLING_DEPENDENT	transpose_copy	split_with_sizes_copy	AB_OK	3	3	NONFINITE
w87:250	1	COMPOSITIONAL	roll	view_copy;fill;sigmoid	AB_OK	3	3	ZEROED
w87:385	1	SIBLING_DEPENDENT	remainder	unbind_copy	AB_OK	3	3	ZEROED
w87:488	2	SIBLING_DEPENDENT	index	lift_fresh_copy	AB_OK	3	3	ZEROED
w87:490	0	SIBLING_DEPENDENT	acosh	squeeze_copy	AB_OK	3	3	NONFINITE
w87:531	1	COMPOSITIONAL	slice_scatter	prod;log1p;broadcast_to;_to_copy	AB_OK	3	3	VALUE
w87:573	0	SIBLING_DEPENDENT	max_pool2d_with_indices_backward	log2;masked_fill	AB_OK	3	3	VALUE
w87:603	3	SIBLING_DEPENDENT	min	gt	AB_OK	3	3	VALUE
w87:615	0	COMPOSITIONAL	min	bitwise_left_shift	AB_OK	3	3	VALUE
w88:13	0	COMPOSITIONAL	maximum	min;squeeze_copy;fill	AB_OK	3	3	ZEROED
w88:299	0	COMPOSITIONAL	select_copy	bitwise_left_shift	AB_OK	3	3	VALUE
w88:351	0	COMPOSITIONAL	diagonal_copy	bitwise_left_shift	AB_OK	3	3	VALUE
w88:570	0	SIBLING_DEPENDENT	constant_pad_nd	view_copy	AB_OK	3	3	ZEROED
w88:642	0	SIBLING_DEPENDENT	clamp	abs	AB_OK	3	3	ZEROED
w88:86	2	COMPOSITIONAL	acosh	native_layer_norm	AB_OK	3	3	NONFINITE
w89:137	1	SIBLING_DEPENDENT	remainder	pow	AB_OK	3	3	ZEROED
w89:159	1	COMPOSITIONAL	ne	fill;view_copy;_to_copy	AB_OK	3	3	VALUE
w89:190	1	SIBLING_DEPENDENT	maximum	transpose_copy	AB_OK	3	3	VALUE
w89:195	0	COMPOSITIONAL	lift_fresh_copy	index;native_group_norm	AB_OK	3	3	VALUE
w89:283	3	COMPOSITIONAL	atanh	alias_copy;div	AB_OK	3	3	NONFINITE
w89:291	1	COMPOSITIONAL	neg	prod	AB_OK	3	3	VALUE
w89:301	2	COMPOSITIONAL	bitwise_xor	_to_copy;broadcast_to	AB_OK	3	3	VALUE
w89:35	0	COMPOSITIONAL	t_copy	bitwise_left_shift	AB_OK	3	3	VALUE
w89:380	2	SIBLING_DEPENDENT	rsqrt	roll	AB_OK	3	3	NONFINITE
w8:94	2	SIBLING_DEPENDENT	detach_copy	amin	AB_OK	3	3	ZEROED
w89:431	2	SIBLING_DEPENDENT	div	split_with_sizes_copy	AB_OK	3	3	ZEROED
w89:442	1	SIBLING_DEPENDENT	sign	squeeze_copy	AB_OK	3	3	NONFINITE
w89:496	3	SIBLING_DEPENDENT	elu	atanh	AB_OK	3	3	NONFINITE
w89:578	0	COMPOSITIONAL	rsqrt	remainder	AB_OK	3	3	NONFINITE
w89:644	0	COMPOSITIONAL	unbind_copy	native_group_norm	AB_OK	3	3	VALUE
w89:649	1	COMPOSITIONAL	sub	broadcast_to;_to_copy	AB_OK	3	3	VALUE
w89:66	1	SIBLING_DEPENDENT	ERR		DEV:TIMEOUT	0	3	
w89:779	0	SIBLING_DEPENDENT	clamp	split_copy	AB_OK	3	3	NONFINITE
w90:492	0	COMPOSITIONAL	squeeze_copy	pow	AB_OK	3	3	VALUE
w90:725	1	SIBLING_DEPENDENT	select_scatter	neg;replication_pad1d	AB_OK	3	3	VALUE
w90:95	2	SIBLING_DEPENDENT	prod	squeeze_copy	AB_OK	3	3	ZEROED
w91:103	0	SIBLING_DEPENDENT	logical_xor	transpose_copy	AB_OK	3	3	VALUE
w91:249	1	COMPOSITIONAL	log2	broadcast_to;native_layer_norm;_to_copy	AB_OK	3	3	VALUE
w91:350	1	SIBLING_DEPENDENT	log2	clone	AB_OK	3	3	NONFINITE
w91:426	3	COMPOSITIONAL	div	_to_copy;mul;sum;broadcast_to	AB_OK	3	3	NONFINITE
w91:541	0	COMPOSITIONAL	rsub	bitwise_left_shift	AB_OK	3	3	VALUE
w9:18	2	SIBLING_DEPENDENT	replication_pad1d	split_with_sizes_copy	AB_OK	3	3	ZEROED
w92:360	2	COMPOSITIONAL	transpose_copy	mul;bitwise_left_shift	AB_OK	3	3	VALUE
w92:375	2	COMPOSITIONAL	clamp	bitwise_left_shift;abs	AB_OK	3	3	VALUE
w92:427	3	COMPOSITIONAL	min	native_group_norm	AB_OK	3	3	VALUE
w9:251	4	SIBLING_DEPENDENT	roll	amax	AB_OK	3	3	ZEROED
w92:717	0	COMPOSITIONAL	ERR		DEV:TIMEOUT	0	3	
w9:301	0	COMPOSITIONAL	atan	log1p;remainder;slice_copy;floor_divide	AB_OK	3	3	VALUE
w93:111	1	SIBLING_DEPENDENT	unfold_copy	acosh	AB_OK	3	3	ZEROED
w93:202	2	COMPOSITIONAL	mul	fmod;_to_copy;select_scatter;broadcast_to	AB_OK	3	3	VALUE
w93:212	0	COMPOSITIONAL	alias_copy	remainder	AB_OK	3	3	ALIAS:L0
w93:230	2	COMPOSITIONAL	detach_copy	cumsum	AB_OK	3	3	VALUE
w93:305	3	SIBLING_DEPENDENT	minimum	clamp	AB_OK	3	3	VALUE
w93:40	0	SIBLING_DEPENDENT	tanh	mul	AB_OK	3	3	ZEROED
w9:340	1	COMPOSITIONAL	logit	bitwise_left_shift;constant_pad_nd	AB_OK	3	3	VALUE
w93:430	0	COMPOSITIONAL	sum	bitwise_left_shift	AB_OK	3	3	VALUE
w93:501	0	COMPOSITIONAL	argmin	remainder	AB_OK	3	3	ZEROED
w93:520	0	SIBLING_DEPENDENT	div	masked_fill	AB_OK	3	3	ZEROED
w9:354	2	COMPOSITIONAL	sign	_native_batch_norm_legit;_to_copy	AB_OK	3	3	ZEROED
w93:72	0	SIBLING_DEPENDENT	atan2	clone	AB_OK	3	3	ZEROED
w93:746	1	COMPOSITIONAL	atan2	broadcast_to;_to_copy	AB_OK	3	3	VALUE
w9:394	0	SIBLING_DEPENDENT	fmod	transpose_copy	AB_OK	3	3	ZEROED
w94:203	0	SIBLING_DEPENDENT	div	transpose_copy	AB_OK	3	3	NONFINITE
w94:231	0	COMPOSITIONAL	pow	split_with_sizes_copy;reciprocal;native_group_norm;lift_fresh_copy	AB_OK	3	3	VALUE
w94:418	0	COMPOSITIONAL	unsqueeze_copy	_to_copy;remainder	AB_OK	3	3	ALIAS:n0
w94:681	0	SIBLING_DEPENDENT	alias_copy	permute_copy	AB_OK	3	3	NONFINITE
w94:71	0	SIBLING_DEPENDENT	flip	div	AB_OK	3	3	NONFINITE
w94:724	0	COMPOSITIONAL	mean	remainder	AB_OK	3	3	VALUE
w9:474	1	SIBLING_DEPENDENT	prod	squeeze_copy	AB_OK	3	3	ZEROED
w9:478	1	COMPOSITIONAL	pixel_shuffle	remainder	AB_OK	3	3	VALUE
w95:135	0	SIBLING_DEPENDENT	max	clone	AB_OK	3	3	ZEROED
w95:15	0	COMPOSITIONAL	split_with_sizes_copy	bitwise_left_shift	AB_OK	3	3	NONFINITE
w95:158	2	COMPOSITIONAL	argmax	select_scatter	AB_OK	3	3	VALUE
w95:174	2	SIBLING_DEPENDENT	narrow_copy	constant_pad_nd	AB_OK	3	3	NONFINITE
w95:261	0	COMPOSITIONAL	ne	bitwise_left_shift;permute_copy	AB_OK	3	3	VALUE
w95:30	0	COMPOSITIONAL	sqrt	bitwise_left_shift;view_copy	AB_OK	3	3	NONFINITE
w95:4	0	SIBLING_DEPENDENT	rsqrt	div	AB_OK	3	3	NONFINITE
w95:446	1	SIBLING_DEPENDENT	mean	expand_copy	AB_OK	3	3	ZEROED
w95:533	0	SIBLING_DEPENDENT	masked_scatter	permute_copy	AB_OK	3	3	NONFINITE
w95:641	0	SIBLING_DEPENDENT	slice_copy	permute_copy	AB_OK	3	3	NONFINITE
w95:696	1	COMPOSITIONAL	log1p	round;bitwise_left_shift	AB_OK	3	3	NONFINITE
w96:163	3	SIBLING_DEPENDENT	transpose_copy	split_with_sizes_copy	AB_OK	3	3	ZEROED
w96:165	1	SIBLING_DEPENDENT	min	fmod	AB_OK	3	3	NONFINITE
w96:24	3	COMPOSITIONAL	sin	pow	AB_OK	3	3	VALUE
w96:387	0	SIBLING_DEPENDENT	mul	eq;max	AB_OK	3	3	ZEROED
w97:357	0	COMPOSITIONAL	unsqueeze_copy	native_group_norm	AB_OK	3	3	VALUE
w97:358	0	SIBLING_DEPENDENT	log2	clone	AB_OK	3	3	NONFINITE
w97:383	1	COMPOSITIONAL	_softmax	native_group_norm	AB_OK	3	3	NONFINITE
w97:413	3	SIBLING_DEPENDENT	min	transpose_copy	AB_OK	3	3	ZEROED
w97:415	1	COMPOSITIONAL	log	remainder;var	AB_OK	3	3	VALUE
w97:48	0	COMPOSITIONAL	gt	native_group_norm	AB_OK	3	3	ZEROED
w97:760	0	SIBLING_DEPENDENT	ERR		DEV:TIMEOUT	0	3	
w98:147	4	SIBLING_DEPENDENT	prod	clone	AB_OK	3	3	ZEROED
w98:215	1	COMPOSITIONAL	floor_divide	_to_copy;broadcast_to	AB_OK	3	3	VALUE
w98:404	1	COMPOSITIONAL	floor_divide	view_copy;_to_copy	AB_OK	3	3	VALUE
w98:41	2	COMPOSITIONAL	_softmax	floor_divide;rsqrt	AB_OK	3	3	NONFINITE
w98:464	0	SIBLING_DEPENDENT	ceil	sqrt	AB_OK	3	3	ZEROED
w98:507	0	SIBLING_DEPENDENT	t_copy	amax	AB_OK	3	3	ZEROED
w98:569	1	SIBLING_DEPENDENT	lift_fresh_copy	remainder	AB_OK	3	3	NONFINITE
w98:638	1	SIBLING_DEPENDENT	div	sum	AB_OK	3	3	SCALE:1.438
w98:671	0	COMPOSITIONAL	native_group_norm	native_group_norm	AB_OK	3	3	VALUE
w99:126	3	SIBLING_DEPENDENT	tanh	tanh	AB_OK	3	3	NONFINITE
w99:145	0	SIBLING_DEPENDENT	amin	var	AB_OK	3	3	ZEROED
w99:148	1	COMPOSITIONAL	rsqrt	bitwise_left_shift	AB_OK	3	3	VALUE
w99:149	1	SIBLING_DEPENDENT	log	logit	AB_OK	3	3	VALUE
w99:218	1	COMPOSITIONAL	alias_copy	native_group_norm;native_group_norm	AB_OK	3	3	NONFINITE
w99:261	0	SIBLING_DEPENDENT	bitwise_xor	index	AB_OK	3	3	VALUE
w99:297	0	SIBLING_DEPENDENT	pow	t_copy	AB_OK	3	3	ZEROED
w99:308	2	COMPOSITIONAL	gt	bitwise_left_shift	AB_OK	3	3	VALUE
w9:94	1	COMPOSITIONAL	elu	transpose_copy;_softmax;bitwise_left_shift;rsub	AB_OK	3	3	VALUE
w99:467	1	COMPOSITIONAL	asin	sign;floor_divide;_softmax	AB_OK	3	3	VALUE
w99:488	1	SIBLING_DEPENDENT	ERR		DEV:TIMEOUT	0	3	
w99:523	0	COMPOSITIONAL	fmod	unsqueeze_copy;native_group_norm	AB_OK	3	3	NONFINITE
w99:534	2	COMPOSITIONAL	rsqrt	native_group_norm	AB_OK	3	3	NONFINITE
w99:613	2	SIBLING_DEPENDENT	remainder	unbind_copy	AB_OK	3	3	ZEROED
w99:619	0	SIBLING_DEPENDENT	glu	acosh	AB_OK	3	3	ZEROED
w99:723	3	SIBLING_DEPENDENT	clamp	transpose_copy	AB_OK	3	3	ZEROED
