job	out	verdict	bucket	rec_mech	mech	test	vacuous	shared	port	xnn	eq_port	eq_xnn	A_deleg	B_deleg	deleg_full	A_n_ok	B_n_div	dtype	shape	numel	rel_pt	rel_sc	n_match	tgt_op	trigger_ops	detail	file
w93:212	0	COMPOSITIONAL	SCALE_ALIAS	ALIAS:L0	CLOBBER_EXACT:L0	t6		SHARED	MISMATCH	MISMATCH	True	True	0	0	7	2	3	int64	(4, 1, 2, 4)	32			1	alias_copy	remainder	byte-identical to another live tensor	w93_212__0.pt
w65:110	3	COMPOSITIONAL	SCALE_ALIAS	ALIAS:L1	CLOBBER_EXACT:L1	t6	VACUOUS(n=1,matches=1)	SHARED	MISMATCH	MISMATCH	True	True	1	3	12	2	3	int16	()	1			1	bitwise_or	sum	byte-identical to another live tensor	w65_110__3.pt
w20:329	1	COMPOSITIONAL	SCALE_ALIAS	ALIAS:L2	CLOBBER_EXACT:L2	t6		VGF_ONLY	OK	OK	False	False	0	4	7	2	3	float16	(2, 4, 4, 4)	128			1	scatter_add	slice_copy;split_with_sizes_copy;_to_copy;clamp;slice_copy;replication_pad3d	byte-identical to another live tensor	w20_329__1.pt
w117:560	0	COMPOSITIONAL	SCALE_ALIAS	ALIAS:L3	CLOBBER_EXACT:L3	t6	VACUOUS(n=1,matches=1)	SHARED	MISMATCH	MISMATCH	True	True	0	0	1	2	3	bool	()	1			1	any	bitwise_left_shift	byte-identical to another live tensor	w117_560__0.pt
w115:211	0	SIBLING_DEPENDENT	SCALE_ALIAS	SCALE:0.200	CLOBBER_EXACT:n1	t6	VACUOUS(n=4,matches=2)	VGF_ONLY	OK	OK	False	False	3	4	9	2	3	float32	(4,)	4			2	mul	slice_scatter	byte-identical to another live tensor	w115_211__0.pt
w117:596	0	SIBLING_DEPENDENT	SCALE_ALIAS	ALIAS:n1	CLOBBER_EXACT:n1	t6	VACUOUS(n=4,matches=3)	VGF_ONLY	OK	OK	False	False	0	1	5	2	3	float16	(1, 1, 2, 1, 2)	4			3	slice_copy	pow	byte-identical to another live tensor	w117_596__0.pt
w13:110	0	SIBLING_DEPENDENT	SCALE_ALIAS	ALIAS:n2	CLOBBER_EXACT:n2	t6	VACUOUS(n=1,matches=1)	VGF_ONLY	OK	OK	False	False	1	5	10	2	3	float16	()	1			1	mean	constant_pad_nd	byte-identical to another live tensor	w13_110__0.pt
w56:227	2	COMPOSITIONAL	SCALE_ALIAS	ALIAS:n3	CLOBBER_EXACT:n3	t6	VACUOUS(n=1,matches=2)	SHARED	MISMATCH	MISMATCH	True	True	0	0	1	2	3	int64	()	1			2	sign	remainder	byte-identical to another live tensor	w56_227__2.pt
w82:146	2	SIBLING_DEPENDENT	SCALE_ALIAS	ALIAS:n4	CLOBBER_EXACT:n4	t6	VACUOUS(n=1,matches=5)	VGF_ONLY	OK	OK	False	False	2	8	11	2	3	bool	()	1			5	ne	div;clone	byte-identical to another live tensor	w82_146__2.pt
w29:122	2	COMPOSITIONAL	SCALE_ALIAS	ALIAS:n6	CLOBBER_EXACT:n6	t6	VACUOUS(n=1,matches=1)	VGF_ONLY	OK	OK	False	False	0	1	3	2	3	uint8	(1,)	1			1	copy	_to_copy;slice_copy;_to_copy;slice_copy;asinh;pow	byte-identical to another live tensor	w29_122__2.pt
w66:39	0	SIBLING_DEPENDENT	SCALE_ALIAS	SCALE:17.847	CLOBBER_EXACT:n6	t6	VACUOUS(n=2,matches=1)	VGF_ONLY	OK	OK	False	False	4	3	5	2	3	float16	(2,)	2			1	hardtanh	fill	byte-identical to another live tensor	w66_39__0.pt
w66:273	0	SIBLING_DEPENDENT	SCALE_ALIAS	ALIAS:n7	CLOBBER_EXACT:n7	t6		VGF_ONLY	OK	OK	False	False	5	7	7	2	3	float32	(3, 4, 3, 3, 3)	324			1	mul	ceil	byte-identical to another live tensor	w66_273__0.pt
w23:9	0	COMPOSITIONAL	SCALE_ALIAS	ALIAS:L0	CLOBBER_NEAR:L0	t6		SHARED	MISMATCH	MISMATCH	True	True	0	0	4	2	3	int64	(3, 3, 2)	18			1	hardtanh	remainder	near-equal to another live tensor	w23_9__0.pt
w25:146	0	COMPOSITIONAL	SCALE_ALIAS	SCALE:0.167	CLOBBER_NEAR:L0	t6		SHARED	MISMATCH	MISMATCH	True	True	0	0	7	2	3	int64	(2, 1, 4, 2)	16			1	abs	remainder	near-equal to another live tensor	w25_146__0.pt
w53:531	0	COMPOSITIONAL	SCALE_ALIAS	ALIAS:L0	CLOBBER_NEAR:L0	t6		SHARED	MISMATCH	MISMATCH	True	True	1	1	4	2	3	float16	(4, 4, 1, 1)	16			1	erf	bitwise_left_shift	near-equal to another live tensor	w53_531__0.pt
w57:285	0	COMPOSITIONAL	SCALE_ALIAS	ALIAS:L0	CLOBBER_NEAR:L0	t6		SHARED	MISMATCH	MISMATCH	True	True	0	0	3	2	3	float32	(2, 3, 4, 4, 4)	384			1	bitwise_left_shift	clamp;bitwise_left_shift	near-equal to another live tensor	w57_285__0.pt
w77:654	1	COMPOSITIONAL	SCALE_ALIAS	ALIAS:L0	CLOBBER_NEAR:L0	t6	VACUOUS(n=2,matches=2)	SHARED	MISMATCH	MISMATCH	True	True	0	0	1	2	3	int64	(2,)	2			2	bitwise_or	bitwise_left_shift;logical_or	near-equal to another live tensor	w77_654__1.pt
w126:715	5	COMPOSITIONAL	SCALE_ALIAS	ALIAS:L4	CLOBBER_NEAR:L4	t6	VACUOUS(n=2,matches=1)	SHARED	MISMATCH	MISMATCH	True	True	0	0	1	2	3	float32	(1, 2)	2			1	bitwise_xor	select_scatter	near-equal to another live tensor	w126_715__5.pt
w18:435	1	COMPOSITIONAL	SCALE_ALIAS	ALIAS:n0	CLOBBER_NEAR:n0	t6	VACUOUS(n=1,matches=3)	SHARED	MISMATCH	MISMATCH	True	True	0	0	5	2	3	int64	()	1			3	sign	bitwise_left_shift	near-equal to another live tensor	w18_435__1.pt
w59:389	0	COMPOSITIONAL	SCALE_ALIAS	SCALE:-0.250	CLOBBER_NEAR:n0	t6	VACUOUS(n=2,matches=6)	SHARED	MISMATCH	MISMATCH	True	True	1	1	3	2	3	float32	(2,)	2			6	maximum	remainder	near-equal to another live tensor	w59_389__0.pt
w63:150	2	SIBLING_DEPENDENT	SCALE_ALIAS	ALIAS:n0	CLOBBER_NEAR:n0	t6	VACUOUS(n=1,matches=3)	VGF_ONLY	OK	OK	False	False	3	2	2	2	3	int32	()	1			3	logical_not	amin	near-equal to another live tensor	w63_150__2.pt
w69:672	2	COMPOSITIONAL	SCALE_ALIAS	ALIAS:n0	CLOBBER_NEAR:n0	t6	VACUOUS(n=4,matches=5)	SHARED	MISMATCH	MISMATCH	True	True	1	1	7	2	3	float32	(4,)	4			5	minimum	remainder	near-equal to another live tensor	w69_672__2.pt
w71:685	0	SIBLING_DEPENDENT	SCALE_ALIAS	SCALE:0.000	CLOBBER_NEAR:n0	t6	VACUOUS(n=384,matches=2)	VGF_ONLY	OK	OK	False	False	1	3	4	2	3	bool	(2, 4, 4, 4, 3)	384			2	logical_xor	split_with_sizes_copy	near-equal to another live tensor	w71_685__0.pt
w94:418	0	COMPOSITIONAL	SCALE_ALIAS	ALIAS:n0	CLOBBER_NEAR:n0	t6	VACUOUS(n=1,matches=1)	SHARED	MISMATCH	MISMATCH	True	True	2	2	9	2	3	float16	(1, 1)	1			1	unsqueeze_copy	_to_copy;remainder	near-equal to another live tensor	w94_418__0.pt
w117:20	0	COMPOSITIONAL	SCALE_ALIAS	SCALE:-0.333	CLOBBER_NEAR:n1	t6	VACUOUS(n=2,matches=1)	SHARED	MISMATCH	MISMATCH	True	True	2	4	5	2	3	float32	(2,)	2			1	mul	_to_copy;slice_copy;remainder	near-equal to another live tensor	w117_20__0.pt
w4:391	0	COMPOSITIONAL	SCALE_ALIAS	ALIAS:n1	CLOBBER_NEAR:n1	t6		INCONCL	EXC:RuntimeError:method->execute() failed with error 0x12	EXC:RuntimeError:method->execute() failed with error 0x12	None	None	1	2	8	2	3	uint8	(2, 4)	8			1	ne	trunc;native_group_norm	near-equal to another live tensor	w4_391__0.pt
w58:331	0	SIBLING_DEPENDENT	SCALE_ALIAS	ALIAS:n10	CLOBBER_NEAR:n10	t6		VGF_ONLY	OK	OK	False	False	1	3	3	2	3	int64	(2, 3, 4, 4)	96			1	min	transpose_copy	near-equal to another live tensor	w58_331__0.pt
w113:165	0	COMPOSITIONAL	SCALE_ALIAS	ALIAS:n2	CLOBBER_NEAR:n2	t6	VACUOUS(n=1,matches=1)	SHARED	MISMATCH	MISMATCH	True	True	0	1	4	2	3	uint8	()	1			1	alias_copy	sum	near-equal to another live tensor	w113_165__0.pt
w43:252	3	COMPOSITIONAL	SCALE_ALIAS	ALIAS:n2	CLOBBER_NEAR:n2	t6	VACUOUS(n=1,matches=1)	VGF_ONLY	OK	OK	False	False	0	5	8	2	3	float16	()	1			1	squeeze_copy	floor_divide;exp	near-equal to another live tensor	w43_252__3.pt
w8:209	0	COMPOSITIONAL	SCALE_ALIAS	ALIAS:n2	CLOBBER_NEAR:n2	t6	VACUOUS(n=1,matches=1)	SHARED	MISMATCH	MISMATCH	True	True	0	4	4	2	3	uint8	()	1			1	view_copy	bitwise_left_shift;gt;exp;amax	near-equal to another live tensor	w8_209__0.pt
w73:102	3	COMPOSITIONAL	SCALE_ALIAS	ALIAS:n3	CLOBBER_NEAR:n3	t6	VACUOUS(n=2,matches=1)	VGF_ONLY	OK	OK	False	False	1	5	5	2	3	float16	(2,)	2			1	sin	floor_divide	near-equal to another live tensor	w73_102__3.pt
w103:698	0	COMPOSITIONAL	SCALE_ALIAS	SCALE:-7720456580759552.000	EXTREME_MAGNITUDE	t2		SHARED	MISMATCH	MISMATCH	True	True	0	0	2	2	3	int64	(1, 1, 3)	3				gather	sub;bitwise_left_shift	|ref|max=56 |dev|max=4.323e+17	w103_698__0.pt
w4:5	0	COMPOSITIONAL	SCALE_ALIAS	SCALE:1.500	INT_WRONG_VALUE	t9		VGF_ONLY	OK	OK	False	False	1	3	11	2	3	int16	(2, 2, 2, 2)	16	0.5	0.5		div	broadcast_to;_to_copy	max|delta|=1 |ref|max=2; ratio=1.5 consistent but VACUOUS (n_ratio=16, ref degenerate)	w4_5__0.pt
w62:425	0	COMPOSITIONAL	SCALE_ALIAS	SCALE:0.500	INT_WRONG_VALUE	t9		SHARED	MISMATCH	MISMATCH	True	True	0	0	2	2	3	int64	(4,)	4	0.5	0.5		abs	sum;broadcast_to;remainder;_to_copy	max|delta|=3 |ref|max=6; ratio=0.5 consistent but VACUOUS (n_ratio=4, ref degenerate)	w62_425__0.pt
w80:543	3	COMPOSITIONAL	SCALE_ALIAS	SCALE:1.083	INT_WRONG_VALUE	t9		SHARED	MISMATCH	MISMATCH	False	False	1	2	7	2	3	uint8	(2, 4, 1, 3, 4)	96	0.1111	0.1111		bitwise_or	prod	max|delta|=1 |ref|max=9; ratio=1.083 consistent but VACUOUS (n_ratio=96, ref degenerate)	w80_543__3.pt
w70:398	2	SIBLING_DEPENDENT	SCALE_ALIAS	ALIAS:n2	NONFINITE	t1b		VGF_ONLY	OK	OK	False	False	4	6	7	2	3	float16	()	1				log10	squeeze_copy	pos0 ref=nan dev=-inf	w70_398__2.pt
w105:478	4	COMPOSITIONAL	SCALE_ALIAS	SCALE:-6.945	NUMERIC	t9		SHARED	MISMATCH	MISMATCH	True	True	0	3	1	2	3	float32	(2, 2)	4	4.825e+11	8		remainder	select_scatter	max|delta|=8 |ref|max=1; ratio=-6.945 consistent but VACUOUS (n_ratio=2)	w105_478__4.pt
w12:91	2	COMPOSITIONAL	SCALE_ALIAS	SCALE:0.711	NUMERIC	t9		INCONCL	EXC:RuntimeError:method->execute() failed with error 0x12	EXC:RuntimeError:method->execute() failed with error 0x12	None	None	1	3	9	2	3	float32	(2,)	2	0.2893	0.2893		mul	native_group_norm;amin	max|delta|=0.4776 |ref|max=1.651; ratio=0.7107 consistent but VACUOUS (n_ratio=2)	w12_91__2.pt
w19:324	1	COMPOSITIONAL	SCALE_ALIAS	SCALE:0.943	NUMERIC	t9		SHARED	MISMATCH	MISMATCH	True	True	1	3	8	2	3	float32	(3, 4, 2, 4, 4)	384	0.05738	0.05738		maximum	broadcast_to;_to_copy;sum	max|delta|=14 |ref|max=244; ratio=0.9426 consistent but VACUOUS (n_ratio=384, ref degenerate)	w19_324__1.pt
w26:379	3	COMPOSITIONAL	SCALE_ALIAS	SCALE:3.078	NUMERIC	t9		VGF_ONLY	OK	OK	False	False	1	6	11	2	3	float16	(2,)	2	2.078	2.078		cos	index;squeeze_copy;elu	max|delta|=0.124 |ref|max=0.05969; ratio=3.078 consistent but VACUOUS (n_ratio=2, ref degenerate)	w26_379__3.pt
w37:595	0	SIBLING_DEPENDENT	SCALE_ALIAS	SCALE:0.250	NUMERIC	t9		VGF_ONLY	OK	OK	False	False	4	6	12	2	3	float32	(2,)	2	0.75	0.75		rsub	unbind_copy	max|delta|=6 |ref|max=8; ratio=0.25 consistent but VACUOUS (n_ratio=2, ref degenerate)	w37_595__0.pt
w3:423	0	COMPOSITIONAL	SCALE_ALIAS	SCALE:0.727	NUMERIC	t9		SHARED	MISMATCH	MISMATCH	False	False	3	5	10	2	3	float16	(2, 2, 1, 1, 1)	4	0.2729	0.2729		div	sum	max|delta|=0.03412 |ref|max=0.125; ratio=0.7271 consistent but VACUOUS (n_ratio=4)	w3_423__0.pt
w5:559	1	COMPOSITIONAL	SCALE_ALIAS	SCALE:1.325	NUMERIC	t9		SHARED	OK	MISMATCH	False	False	1	2	7	2	3	float16	(2,)	2	0.3247	0.3247		remainder	sigmoid	max|delta|=0.00383 |ref|max=0.0118; ratio=1.325 consistent but VACUOUS (n_ratio=2, ref degenerate)	w5_559__1.pt
w77:456	1	COMPOSITIONAL	SCALE_ALIAS	SCALE:2.000	NUMERIC	t9		VGF_ONLY	OK	OK	False	False	1	3	6	2	3	float16	(2,)	2	1	1		abs	atan2;remainder;lift_fresh_copy	max|delta|=0.7852 |ref|max=0.7852; ratio=2 consistent but VACUOUS (n_ratio=2, ref degenerate)	w77_456__1.pt
w98:638	1	SIBLING_DEPENDENT	SCALE_ALIAS	SCALE:1.438	NUMERIC	t9		VGF_ONLY	OK	OK	False	False	4	2	2	2	3	float32	(2,)	2	0.4382	0.4382		div	sum	max|delta|=0.03809 |ref|max=0.08691; ratio=1.438 consistent but VACUOUS (n_ratio=2, ref degenerate)	w98_638__1.pt
w70:615	2	COMPOSITIONAL	SCALE_ALIAS	ALIAS:n1	PARTIAL_ZERO	t5		SHARED	MISMATCH	MISMATCH	True	True	0	0	2	2	3	uint8	(4,)	4				eq	min;view_copy;bitwise_left_shift	3/4 zeroed, rest match	w70_615__2.pt
w29:743	1	COMPOSITIONAL	SCALE_ALIAS	SCALE:0.500	SCALE:0.5	t8		VGF_ONLY	OK	OK	False	False	3	5	10	2	3	float16	(2, 4, 1, 2, 4)	64				div	_to_copy;broadcast_to	n_ratio=64 std/|mean|=0	w29_743__1.pt
w74:560	2	COMPOSITIONAL	SCALE_ALIAS	SCALE:0.750	SCALE:0.75	t8		VGF_ONLY	OK	OK	False	False	3	5	18	2	3	float32	(3, 2, 2, 4, 4)	192				div	broadcast_to;_to_copy	n_ratio=192 std/|mean|=0.000195	w74_560__2.pt
w70:715	2	SIBLING_DEPENDENT	SCALE_ALIAS	SCALE:124.005	SCALE:124	t8		SHARED	MISMATCH	OK	True	False	2	3	3	2	3	float32	(2, 2, 4, 3, 3)	144				maximum	remainder	n_ratio=16 std/|mean|=6.35e-08	w70_715__2.pt
w114:621	2	COMPOSITIONAL	SCALE_ALIAS	SCALE:4221213.000	SCALE:4.221e+06	t8		VGF_ONLY	OK	OK	False	False	0	1	7	2	3	int32	(2, 4, 4, 3)	96				bitwise_right_shift	cumsum	n_ratio=24 std/|mean|=0.00735	w114_621__2.pt
w75:625	0	COMPOSITIONAL	SCALE_ALIAS	SCALE:-1.000	SHIFTED	t7		SHARED	MISMATCH	MISMATCH	True	True	1	2	3	2	3	float16	(2,)	2				native_layer_norm	exp;remainder	same multiset, 2/2 positions differ shift+1	w75_625__0.pt
w101:432	0	COMPOSITIONAL	VALUE	VALUE	EXTREME_MAGNITUDE	t2		SHARED	MISMATCH	MISMATCH	True	True	1	1	9	2	3	float32	(2,)	2				div	bitwise_left_shift	|ref|max=12 |dev|max=1.729e+18	w101_432__0.pt
w30:616	1	COMPOSITIONAL	VALUE	VALUE	EXTREME_MAGNITUDE	t2		SHARED	MISMATCH	MISMATCH	True	True	0	0	4	2	3	int64	(2,)	2				bitwise_xor	bitwise_left_shift	|ref|max=0 |dev|max=9.223e+18 ==2^63	w30_616__1.pt
w52:695	2	COMPOSITIONAL	VALUE	VALUE	EXTREME_MAGNITUDE	t2		SHARED	MISMATCH	MISMATCH	True	True	0	0	1	2	3	int64	(2,)	2				split_with_sizes_copy	bitwise_left_shift	|ref|max=0 |dev|max=7.206e+16 ==2^56	w52_695__2.pt
w5:342	0	COMPOSITIONAL	VALUE	VALUE	EXTREME_MAGNITUDE	t2		SHARED	MISMATCH	MISMATCH	True	True	0	0	2	2	3	int64	(2, 4, 16, 1, 1)	128				pixel_unshuffle	bitwise_left_shift	|ref|max=0 |dev|max=2.306e+18 ==2^61	w5_342__0.pt
w80:52	1	COMPOSITIONAL	VALUE	VALUE	EXTREME_MAGNITUDE	t2		SHARED	MISMATCH	MISMATCH	True	True	1	1	8	2	3	float32	(2,)	2				floor	bitwise_left_shift	|ref|max=0 |dev|max=9.223e+18 ==2^63	w80_52__1.pt
w89:35	0	COMPOSITIONAL	VALUE	VALUE	EXTREME_MAGNITUDE	t2		SHARED	MISMATCH	MISMATCH	True	True	0	0	3	2	3	int64	(2,)	2				t_copy	bitwise_left_shift	|ref|max=0 |dev|max=4.323e+17	w89_35__0.pt
w92:375	2	COMPOSITIONAL	VALUE	VALUE	EXTREME_MAGNITUDE	t2		SHARED	MISMATCH	MISMATCH	True	True	0	0	1	2	3	int64	(2, 3, 4, 4, 3)	288				clamp	bitwise_left_shift;abs	|ref|max=0 |dev|max=1.153e+18 ==2^60	w92_375__2.pt
w106:425	0	COMPOSITIONAL	VALUE	VALUE	INT_WRONG_VALUE	t9		SHARED	MISMATCH	MISMATCH	True	True	0	0	3	2	3	uint8	(1, 1, 1, 1, 2)	2	41.5	41.5		masked_fill	sum	max|delta|=249 |ref|max=6	w106_425__0.pt
w106:512	1	COMPOSITIONAL	VALUE	VALUE	INT_WRONG_VALUE	t9		SHARED	MISMATCH	MISMATCH	True	True	0	0	1	2	3	int64	(2, 2, 4, 4)	64	4	1.333		tril	remainder	max|delta|=4 |ref|max=3	w106_512__1.pt
w32:411	0	COMPOSITIONAL	VALUE	VALUE	INT_WRONG_VALUE	t9		SHARED	MISMATCH	MISMATCH	True	True	0	0	3	2	3	int64	(3, 1, 4, 3)	36	5	1.25		diagonal_copy	ceil;remainder;sub	max|delta|=5 |ref|max=4	w32_411__0.pt
w35:212	3	COMPOSITIONAL	VALUE	VALUE	INT_WRONG_VALUE	t9		SHARED	MISMATCH	MISMATCH	True	True	0	1	2	2	3	uint8	(1,)	1	0.5	0.5		t_copy	sum	max|delta|=1 |ref|max=2	w35_212__3.pt
w3:115	1	SIBLING_DEPENDENT	VALUE	VALUE	INT_WRONG_VALUE	t9		VGF_ONLY	OK	OK	False	False	2	3	9	2	3	int64	(1,)	1	1	1		sub	unbind_copy	max|delta|=3 |ref|max=3	w3_115__1.pt
w70:750	3	COMPOSITIONAL	VALUE	VALUE	INT_WRONG_VALUE	t9		SHARED	MISMATCH	MISMATCH	True	True	0	4	6	2	3	int16	()	1	0.9922	0.9922		sum	select_scatter	max|delta|=256 |ref|max=258	w70_750__3.pt
w83:344	1	COMPOSITIONAL	VALUE	VALUE	INT_WRONG_VALUE	t9		SHARED	MISMATCH	MISMATCH	True	True	0	0	2	2	3	int64	(2, 3, 2)	12	1.6e+13	4		bitwise_and	remainder	max|delta|=16 |ref|max=4	w83_344__1.pt
w124:426	2	SIBLING_DEPENDENT	VALUE	VALUE	NONFINITE	t1b		VGF_ONLY	OK	OK	False	False	4	7	8	2	3	float16	()	1				min	atan2	pos0 ref=nan dev=-inf	w124_426__2.pt
w127:717	0	SIBLING_DEPENDENT	VALUE	VALUE	NONFINITE	t1b		SHARED	MISMATCH	MISMATCH	True	True	3	1	1	2	3	float32	()	1				floor_divide	mul	pos0 ref=nan dev=inf	w127_717__0.pt
w39:585	0	SIBLING_DEPENDENT	VALUE	VALUE	NONFINITE	t1b		VGF_ONLY	OK	OK	False	False	3	9	12	2	3	float32	(2, 2, 3, 3, 4)	144				div	lt	pos38 ref=inf dev=nan	w39_585__0.pt
w77:521	1	SIBLING_DEPENDENT	VALUE	VALUE	NONFINITE	t1b		INCONCL	EXC:RuntimeError:method->execute() failed with error 0x12	EXC:RuntimeError:method->execute() failed with error 0x12	None	None	7	7	9	2	3	float16	(2,)	2				atanh	unbind_copy	pos0 ref=nan dev=inf	w77_521__1.pt
w85:219	3	SIBLING_DEPENDENT	VALUE	VALUE	NONFINITE	t1b		VGF_ONLY	OK	SKIP	False	None	3	4	8	2	3	float16	(2,)	2				log10	lift_fresh_copy	pos0 ref=nan dev=-inf	w85_219__3.pt
w26:67	0	COMPOSITIONAL	VALUE	VALUE	NUMERIC	t9		VGF_ONLY	OK	OK	False	False	3	4	13	2	3	float16	(4,)	4	0.2166	0.2166		sub	floor_divide	max|delta|=1 |ref|max=4.617	w26_67__0.pt
w2:380	0	COMPOSITIONAL	VALUE	VALUE	NUMERIC	t9		INCONCL	EXC:RuntimeError:method->execute() failed with error 0x12	EXC:RuntimeError:method->execute() failed with error 0x12	None	None	1	2	8	2	3	float16	(3, 2)	6	0.04432	0.0362		div	_log_softmax	max|delta|=0.07812 |ref|max=2.158	w2_380__0.pt
w48:634	0	COMPOSITIONAL	VALUE	VALUE	NUMERIC	t9		VGF_ONLY	OK	OK	False	False	0	3	10	2	3	float16	(2,)	2	0.1116	0.1116		t_copy	asinh	max|delta|=0.377 |ref|max=3.377	w48_634__0.pt
w5:396	0	COMPOSITIONAL	VALUE	VALUE	NUMERIC	t9		SHARED	MISMATCH	MISMATCH	True	True	1	1	3	2	3	float16	(3,)	3	0.316	0.316		sigmoid	remainder;logical_not;bitwise_right_shift;index_put	max|delta|=0.231 |ref|max=0.731	w5_396__0.pt
w61:506	3	COMPOSITIONAL	VALUE	VALUE	NUMERIC	t9		VGF_ONLY	OK	OK	False	False	2	6	10	2	3	float32	(3, 2)	6	0.01558	0.01289		tan	t_copy;native_group_norm;abs	max|delta|=0.07812 |ref|max=6.059	w61_506__3.pt
w63:310	2	SIBLING_DEPENDENT	VALUE	VALUE	NUMERIC	t9		VGF_ONLY	OK	OK	False	False	4	7	10	2	3	float16	(2,)	2	1.96	0.3984		_softmax	max	max|delta|=0.3311 |ref|max=0.8311	w63_310__2.pt
w69:691	2	COMPOSITIONAL	VALUE	VALUE	NUMERIC	t9		VGF_ONLY	OK	OK	False	False	1	2	5	2	3	float32	(2,)	2	2	2		atan2	elu	max|delta|=6.281 |ref|max=3.141	w69_691__2.pt
w87:603	3	SIBLING_DEPENDENT	VALUE	VALUE	NUMERIC	t9		INCONCL	EXC:RuntimeError:method->execute() failed with error 0x12	EXC:RuntimeError:method->execute() failed with error 0x12	None	None	2	4	4	2	3	float16	()	1	0.0155	0.0155		min	gt	max|delta|=1 |ref|max=64.5	w87_603__3.pt
w92:427	3	COMPOSITIONAL	VALUE	VALUE	NUMERIC	t9		INCONCL	EXC:RuntimeError:method->execute() failed with error 0x12	EXC:RuntimeError:method->execute() failed with error 0x12	None	None	1	2	12	2	3	float32	()	1	0.7529	0.7529		min	native_group_norm	max|delta|=0.7529 |ref|max=1	w92_427__3.pt
w97:357	0	COMPOSITIONAL	VALUE	VALUE	NUMERIC	t9		INCONCL	EXC:RuntimeError:method->execute() failed with error 0x12	EXC:RuntimeError:method->execute() failed with error 0x12	None	None	2	3	10	2	3	float16	(1, 4, 4, 4)	64	11.35	0.3443		unsqueeze_copy	native_group_norm	max|delta|=0.8582 |ref|max=2.492	w97_357__0.pt
w98:671	0	COMPOSITIONAL	VALUE	VALUE	NUMERIC	t9		INCONCL	EXC:RuntimeError:method->execute() failed with error 0x12	EXC:RuntimeError:method->execute() failed with error 0x12	None	None	1	2	4	2	3	float16	(2, 4)	8	1.047	1.047		native_group_norm	native_group_norm	max|delta|=1.047 |ref|max=1	w98_671__0.pt
w99:467	1	COMPOSITIONAL	VALUE	VALUE	NUMERIC	t9		VGF_ONLY	OK	OK	False	False	2	5	8	2	3	float16	(2,)	2	0.5662	0.5662		asin	sign;floor_divide;_softmax	max|delta|=0.2964 |ref|max=0.5234	w99_467__1.pt
w127:357	1	SIBLING_DEPENDENT	VALUE	VALUE	PARTIAL_ZERO	t5		VGF_ONLY	OK	OK	False	False	5	7	18	2	3	float16	(2, 2, 4, 3)	48				gt	transpose_copy	14/48 zeroed, rest match	w127_357__1.pt
w85:286	1	SIBLING_DEPENDENT	VALUE	VALUE	PARTIAL_ZERO	t5		VGF_ONLY	OK	SKIP	False	None	2	3	6	2	3	int64	(2, 2, 4, 4)	64				ne	clone	5/64 zeroed, rest match	w85_286__1.pt
w89:190	1	SIBLING_DEPENDENT	VALUE	VALUE	PARTIAL_ZERO	t5		VGF_ONLY	OK	OK	False	False	3	5	10	2	3	float32	(2,)	2				maximum	transpose_copy	1/2 zeroed, rest match	w89_190__1.pt
w90:492	0	COMPOSITIONAL	VALUE	VALUE	PARTIAL_ZERO	t5		VGF_ONLY	OK	OK	False	False	0	3	10	2	3	float32	(3,)	3				squeeze_copy	pow	2/3 zeroed, rest match	w90_492__0.pt
w11:82	0	COMPOSITIONAL	VALUE	VALUE	REF_ZERO_DEV_NONZERO	t4b		SHARED	MISMATCH	MISMATCH	True	True	1	1	1	2	3	float16	(2,)	2				tan	split_with_sizes_copy;bitwise_left_shift	ref all~0, |dev|max=84.75	w11_82__0.pt
w11:92	4	COMPOSITIONAL	VALUE	VALUE	REF_ZERO_DEV_NONZERO	t4b		VGF_ONLY	OK	OK	False	False	1	2	10	2	3	float32	(6,)	6				repeat	remainder	ref all~0, |dev|max=0.4825	w11_92__4.pt
w13:255	1	SIBLING_DEPENDENT	VALUE	VALUE	REF_ZERO_DEV_NONZERO	t4b		VGF_ONLY	OK	OK	False	False	4	3	5	2	3	float32	()	1				unbind_copy	remainder	ref all~0, |dev|max=1.119	w13_255__1.pt
w17:612	0	COMPOSITIONAL	VALUE	VALUE	REF_ZERO_DEV_NONZERO	t4b		SHARED	MISMATCH	MISMATCH	True	True	1	1	1	2	3	float32	(4,)	4				hardtanh	bitwise_left_shift	ref all~0, |dev|max=2	w17_612__0.pt
w2:408	1	COMPOSITIONAL	VALUE	VALUE	REF_ZERO_DEV_NONZERO	t4b		SHARED	MISMATCH	MISMATCH	True	True	0	0	2	2	3	float32	(2, 3, 1, 3, 1)	18				sin	bitwise_left_shift	ref all~0, |dev|max=0.9999	w2_408__1.pt
w55:621	3	COMPOSITIONAL	VALUE	VALUE	REF_ZERO_DEV_NONZERO	t4b		SHARED	MISMATCH	MISMATCH	True	True	0	2	8	2	3	int32	(1, 1, 1, 1, 1)	1				replication_pad3d	sum	ref all~0, |dev|max=72	w55_621__3.pt
w85:444	3	COMPOSITIONAL	VALUE	VALUE	REF_ZERO_DEV_NONZERO	t4b		SHARED	MISMATCH	MISMATCH	True	True	0	0	1	2	3	uint8	(4,)	4				bitwise_and	prod	ref all~0, |dev|max=8	w85_444__3.pt
