status	job	reason	graph
SKIP	w0:103	executor ExecutorchRuntimeException: [ExecuTorch Error 0x14] Operator missing: Execution failed for method: forward	n0*=_fft_r2c(L0,·,·,·)
MISMATCH	w0:14	out[0] max|delta|=2.147e+09 (rtol=0.0 atol=0.0)	n0*=bitwise_left_shift.Tensor_Scalar_out(L0,·,·)
MISMATCH	w0:142	out[0] non-finite mismatch (nan/inf positions differ)	n0*=mm.out(L0,L1,·)
MISMATCH	w0:145	out[0] max|delta|=2.530e+02 (rtol=0.0 atol=0.0)	n0*=bitwise_and.Scalar_out(L0,·,·)
MISMATCH	w0:146	out[0] non-finite mismatch (nan/inf positions differ)	n0*=_log_softmax.out(L0,·,·,·)
MISMATCH	w0:166	out[0] max|delta|=1.441e+17 (rtol=0.0 atol=0.0)	n0*=bitwise_left_shift.Tensor_Scalar(L0,·)
MISMATCH	w0:17	out[0] max|delta|=2.147e+09 (rtol=0.0 atol=0.0)	n0*=bitwise_left_shift.Tensor_out(L0,L1,·)
MISMATCH	w0:206	out[0] max|delta|=1.158e+00 (rtol=0.01 atol=0.001)	n0*=replication_pad3d.out(L0,·,·)
SKIP	w0:218	executor ExecutorchInvalidArgumentException: [ExecuTorch Error 0x12] Invalid argument: Execution failed for method: forward	n0*=native_group_norm(L0,·,·,·,·,·,·,·)
MISMATCH	w0:227	out[0] non-finite mismatch (nan/inf positions differ)	n0*=cos.out(L0,·)
MISMATCH	w0:237	out[0] max|delta|=1.158e+00 (rtol=0.01 atol=0.001)	n0*=replication_pad2d.out(L0,·,·)
MISMATCH	w0:24	out[0] non-finite mismatch (nan/inf positions differ)	n0*=logit.out(L0,·,·)
MISMATCH	w0:245	out[0] max|delta|=1.611e+09 (rtol=0.0 atol=0.0)	n0*=bitwise_left_shift.Tensor_out(L0,L1,·)
MISMATCH	w0:252	out[0] non-finite mismatch (nan/inf positions differ)	n0*=logit.out(L0,·,·)
SKIP	w0:264	executor ExecutorchRuntimeException: [ExecuTorch Error 0x1] Internal error: Execution failed for method: forward	n0*=copy(L0,L1,·)
MISMATCH	w0:272	out[0] max|delta|=2.550e+02 (rtol=0.0 atol=0.0)	n0*=bitwise_or.Scalar_out(L0,·,·)
MISMATCH	w0:277	out[0] non-finite mismatch (nan/inf positions differ)	n0*=logit(L0,·)
MISMATCH	w0:278	out[0] non-finite mismatch (nan/inf positions differ)	n0*=gelu.out(L0,·,·)
MISMATCH	w0:279	out[0] max|delta|=5.552e+00 (rtol=0.01 atol=0.001)	n0*=rsub.Scalar(L0,·,·)
MISMATCH	w0:295	out[0] max|delta|=7.842e-01 (rtol=0.01 atol=0.001)	n0*=atan.out(L0,·)
MISMATCH	w0:298	out[0] max|delta|=3.680e+04 (rtol=0.01 atol=0.001)	n0*=_native_batch_norm_legit.no_stats(L0,·,·,·,·,·)
SKIP	w0:300	executor ExecutorchInvalidArgumentException: [ExecuTorch Error 0x12] Invalid argument: Execution failed for method: forward	n0*=native_group_norm(L0,·,·,·,·,·,·,·)
SKIP	w0:303	executor ExecutorchInvalidArgumentException: [ExecuTorch Error 0x12] Invalid argument: Execution failed for method: forward	n0*=_pdist_forward(L0,·)
MISMATCH	w0:310	out[0] non-finite mismatch (nan/inf positions differ)	n0*=sin.out(L0,·)
MISMATCH	w0:316	out[0] non-finite mismatch (nan/inf positions differ)	n0*=log.out(L0,·)
SKIP	w0:331	executor ExecutorchRuntimeException: [ExecuTorch Error 0x14] Operator missing: Execution failed for method: forward	n0*=_fft_r2c(L0,·,·,·)
SKIP	w0:36	executor ExecutorchRuntimeException: [ExecuTorch Error 0x1] Internal error: Execution failed for method: forward	n0*=copy(L0,L1,·)
SKIP	w0:360	executor IllegalArgumentException: unsupported input dtype code 24 on Android	n0*=linear.out(L0,L1,·,·)
MISMATCH	w0:370	out[0] non-finite mismatch (nan/inf positions differ)	n0*=mm.out(L0,L1,·)
MISMATCH	w0:375	out[0] non-finite mismatch (nan/inf positions differ)	n0*=elu.out(L0,·,·,·,·)
MISMATCH	w0:391	out[0] max|delta|=3.000e+00 (rtol=0.01 atol=0.001)	n0*=max.unary_out(L0,·)
MISMATCH	w0:394	out[0] max|delta|=5.765e+17 (rtol=0.0 atol=0.0)	n0*=bitwise_left_shift.Tensor_Scalar(L0,·)
CRASH	w0:409	executor process died (native abort)	n0*=split_with_sizes_copy(L0,·,·)
SKIP	w0:446	executor ExecutorchInvalidArgumentException: [ExecuTorch Error 0x12] Invalid argument: Execution failed for method: forward	n0*=native_group_norm(L0,·,·,·,·,·,·,·)
MISMATCH	w0:465	out[0] max|delta|=1.882e-01 (rtol=0.01 atol=0.001)	n0*=replication_pad2d.out(L0,·,·)
MISMATCH	w0:473	out[0] max|delta|=1.611e+09 (rtol=0.01 atol=0.001)	n0*=bitwise_left_shift.Tensor_out(L0,L1,·)
MISMATCH	w0:480	out[0] non-finite mismatch (nan/inf positions differ)	n0*=logit.out(L0,·,·)
SKIP	w0:485	executor ExecutorchInvalidArgumentException: [ExecuTorch Error 0x12] Invalid argument: Execution failed for method: forward	n0*=scatter.src_out(L0,·,L1,L2,·)
MISMATCH	w0:49	out[0] non-finite mismatch (nan/inf positions differ)	n0*=logit(L0,·)
MISMATCH	w0:50	out[0] non-finite mismatch (nan/inf positions differ)	n0*=gelu.out(L0,·,·)
MISMATCH	w0:505	out[0] non-finite mismatch (nan/inf positions differ)	n0*=logit(L0,·)
MISMATCH	w0:506	out[0] non-finite mismatch (nan/inf positions differ)	n0*=gelu.out(L0,·,·)
MISMATCH	w0:507	out[0] max|delta|=2.000e+01 (rtol=0.0 atol=0.0)	n0*=rsub.Scalar(L0,·,·)
MISMATCH	w0:51	out[0] max|delta|=2.327e+00 (rtol=0.01 atol=0.001)	n0*=rsub.Scalar(L0,·,·)
MISMATCH	w0:515	out[0] max|delta|=1.000e+00 (rtol=0.0 atol=0.0)	n0*=select_scatter(L0,L1,·,·)
MISMATCH	w0:523	out[0] max|delta|=7.837e-01 (rtol=0.01 atol=0.001)	n0*=atan.out(L0,·)
MISMATCH	w0:526	out[0] max|delta|=3.680e+04 (rtol=0.01 atol=0.001)	n0*=_native_batch_norm_legit.no_stats(L0,·,·,·,·,·)
SKIP	w0:528	executor ExecutorchInvalidArgumentException: [ExecuTorch Error 0x12] Invalid argument: Execution failed for method: forward	n0*=native_group_norm(L0,·,·,·,·,·,·,·)
SKIP	w0:531	executor ExecutorchInvalidArgumentException: [ExecuTorch Error 0x12] Invalid argument: Execution failed for method: forward	n0*=_pdist_forward(L0,·)
MISMATCH	w0:538	out[0] non-finite mismatch (nan/inf positions differ)	n0*=sin.out(L0,·)
MISMATCH	w0:544	out[0] non-finite mismatch (nan/inf positions differ)	n0*=log.out(L0,·)
SKIP	w0:559	executor ExecutorchRuntimeException: [ExecuTorch Error 0x14] Operator missing: Execution failed for method: forward	n0*=_fft_r2c(L0,·,·,·)
MISMATCH	w0:570	out[0] non-finite mismatch (nan/inf positions differ)	n0*=rsqrt.out(L0,·)
MISMATCH	w0:618	out[0] non-finite mismatch (nan/inf positions differ)	n0*=pow.Tensor_Tensor_out(L0,L1,·)
MISMATCH	w0:622	out[0] max|delta|=6.711e+07 (rtol=0.0 atol=0.0)	n0*=bitwise_left_shift.Tensor_Scalar(L0,·)
SKIP	w0:624	executor ExecutorchInvalidArgumentException: [ExecuTorch Error 0x12] Invalid argument: Execution failed for method: forward	n0*=scatter_add.out(L0,·,L1,L2,·)
MISMATCH	w0:634	out[0] non-finite mismatch (nan/inf positions differ)	n0*=exp.out(L0,·)
MISMATCH	w0:664	out[0] max|delta|=1.000e+00 (rtol=0.0 atol=0.0)	n0*=any.all_out(L0,·)
MISMATCH	w0:666	out[0] non-finite mismatch (nan/inf positions differ)	n0*=grid_sampler_2d(L0,L1,·,·,·)
SKIP	w0:669	executor ExecutorchInvalidArgumentException: [ExecuTorch Error 0x12] Invalid argument: Execution failed for method: forward	n0*=convolution(L0,L1,·,·,·,·,·,·,·)
MISMATCH	w0:67	out[0] max|delta|=7.842e-01 (rtol=0.01 atol=0.001)	n0*=atan.out(L0,·)
SKIP	w0:674	executor ExecutorchInvalidArgumentException: [ExecuTorch Error 0x12] Invalid argument: Execution failed for method: forward	n0*=native_group_norm(L0,·,·,·,·,·,·,·)
MISMATCH	w0:683	out[0] non-finite mismatch (nan/inf positions differ)	n0*=cos.out(L0,·)
MISMATCH	w0:693	out[0] max|delta|=1.110e+00 (rtol=0.01 atol=0.001)	n0*=replication_pad2d.out(L0,·,·)
MISMATCH	w0:70	out[0] max|delta|=3.680e+04 (rtol=0.01 atol=0.001)	n0*=_native_batch_norm_legit.no_stats(L0,·,·,·,·,·)
MISMATCH	w0:701	out[0] max|delta|=9.223e+18 (rtol=0.01 atol=0.001)	n0*=bitwise_left_shift.Tensor_out(L0,L1,·)
MISMATCH	w0:708	out[0] non-finite mismatch (nan/inf positions differ)	n0*=logit.out(L0,·,·)
SKIP	w0:713	executor ExecutorchInvalidArgumentException: [ExecuTorch Error 0x12] Invalid argument: Execution failed for method: forward	n0*=scatter.src_out(L0,·,L1,L2,·)
MISMATCH	w0:72	out[0] non-finite mismatch (nan/inf positions differ)	n0*=native_group_norm(L0,·,·,·,·,·,·,·)
MISMATCH	w0:720	out[0] max|delta|=1.672e+00 (rtol=0.01 atol=0.001)	n0*=copy(L0,L1,·)
MISMATCH	w0:728	out[0] max|delta|=2.530e+02 (rtol=0.0 atol=0.0)	n0*=bitwise_or.Scalar_out(L0,·,·)
MISMATCH	w0:733	out[0] non-finite mismatch (nan/inf positions differ)	n0*=logit(L0,·)
MISMATCH	w0:734	out[0] non-finite mismatch (nan/inf positions differ)	n0*=gelu.out(L0,·,·)
MISMATCH	w0:735	out[0] max|delta|=2.527e+00 (rtol=0.01 atol=0.001)	n0*=rsub.Scalar(L0,·,·)
MISMATCH	w0:751	out[0] max|delta|=7.842e-01 (rtol=0.01 atol=0.001)	n0*=atan.out(L0,·)
SKIP	w0:756	executor ExecutorchInvalidArgumentException: [ExecuTorch Error 0x12] Invalid argument: Execution failed for method: forward	n0*=native_group_norm(L0,·,·,·,·,·,·,·)
SKIP	w0:759	executor ExecutorchInvalidArgumentException: [ExecuTorch Error 0x12] Invalid argument: Execution failed for method: forward	n0*=_pdist_forward(L0,·)
MISMATCH	w0:772	out[0] non-finite mismatch (nan/inf positions differ)	n0*=log.out(L0,·)
MISMATCH	w0:82	out[0] non-finite mismatch (nan/inf positions differ)	n0*=sin.out(L0,·)
MISMATCH	w0:88	out[0] non-finite mismatch (nan/inf positions differ)	n0*=log.out(L0,·)
CRASH	w0:95	executor process died (native abort)	n0*=max_pool2d_with_indices_backward.grad_input(L0,L1,·,·,·,·,·,L2,L3)
MISMATCH	w1:101	out[0] max|delta|=1.000e+00 (rtol=0.0 atol=0.0)	n0*=select_scatter(L0,L1,·,·)
MISMATCH	w1:114	out[0] non-finite mismatch (nan/inf positions differ)	n0*=native_group_norm(L0,·,·,·,·,·,·,·)
SKIP	w1:117	executor ExecutorchInvalidArgumentException: [ExecuTorch Error 0x12] Invalid argument: Execution failed for method: forward	n0*=_pdist_forward(L0,·)
MISMATCH	w1:124	out[0] non-finite mismatch (nan/inf positions differ)	n0*=sin.out(L0,·)
MISMATCH	w1:130	out[0] non-finite mismatch (nan/inf positions differ)	n0*=log.out(L0,·)
SKIP	w1:145	executor ExecutorchRuntimeException: [ExecuTorch Error 0x14] Operator missing: Execution failed for method: forward	n0*=_fft_r2c(L0,·,·,·)
MISMATCH	w1:156	out[0] non-finite mismatch (nan/inf positions differ)	n0*=rsqrt.out(L0,·)
MISMATCH	w1:179	out[0] max|delta|=2.000e+00 (rtol=0.01 atol=0.001)	n0*=min.unary_out(L0,·)
MISMATCH	w1:184	out[0] non-finite mismatch (nan/inf positions differ)	n0*=mm.out(L0,L1,·)
MISMATCH	w1:188	out[0] non-finite mismatch (nan/inf positions differ)	n0*=_log_softmax.out(L0,·,·,·)
MISMATCH	w1:189	out[0] non-finite mismatch (nan/inf positions differ)	n0*=elu.out(L0,·,·,·,·)
MISMATCH	w1:20	out[0] max|delta|=2.527e+00 (rtol=0.01 atol=0.001)	n0*=replication_pad3d.out(L0,·,·)
MISMATCH	w1:201	out[0] max|delta|=5.000e+00 (rtol=0.0 atol=0.0)	n0*=remainder.Scalar(L0,·)
MISMATCH	w1:204	out[0] non-finite mismatch (nan/inf positions differ)	n0*=pow.Tensor_Tensor_out(L0,L1,·)
SKIP	w1:216	executor ExecutorchInvalidArgumentException: [ExecuTorch Error 0x12] Invalid argument: Execution failed for method: forward	n0*=expand_copy(L0,·,·)
MISMATCH	w1:220	out[0] non-finite mismatch (nan/inf positions differ)	n0*=exp.out(L0,·)
CRASH	w1:223	executor process died (native abort)	n0*=split_with_sizes_copy(L0,·,·)
MISMATCH	w1:248	out[0] max|delta|=1.169e+00 (rtol=0.01 atol=0.001)	n0*=replication_pad3d.out(L0,·,·)
SKIP	w1:260	executor ExecutorchInvalidArgumentException: [ExecuTorch Error 0x12] Invalid argument: Execution failed for method: forward	n0*=native_group_norm(L0,·,·,·,·,·,·,·)
MISMATCH	w1:279	out[0] max|delta|=2.549e+00 (rtol=0.01 atol=0.001)	n0*=replication_pad2d.out(L0,·,·)
MISMATCH	w1:284	out[0] max|delta|=9.223e+18 (rtol=0.01 atol=0.001)	n0*=bitwise_left_shift.Tensor_Scalar_out(L0,·,·)
MISMATCH	w1:286	out[0] max|delta|=5.000e+00 (rtol=0.01 atol=0.001)	n0*=bitwise_xor.Scalar_out(L0,·,·)
MISMATCH	w1:287	out[0] non-finite mismatch (nan/inf positions differ)	n0*=bitwise_left_shift.Tensor_out(L0,L1,·)
MISMATCH	w1:294	out[0] non-finite mismatch (nan/inf positions differ)	n0*=logit.out(L0,·,·)
SKIP	w1:306	executor ExecutorchRuntimeException: [ExecuTorch Error 0x1] Internal error: Execution failed for method: forward	n0*=copy(L0,L1,·)
MISMATCH	w1:319	out[0] non-finite mismatch (nan/inf positions differ)	n0*=logit(L0,·)
SKIP	w1:32	executor ExecutorchInvalidArgumentException: [ExecuTorch Error 0x12] Invalid argument: Execution failed for method: forward	n0*=native_group_norm(L0,·,·,·,·,·,·,·)
MISMATCH	w1:320	out[0] non-finite mismatch (nan/inf positions differ)	n0*=gelu.out(L0,·,·)
MISMATCH	w1:321	out[0] max|delta|=7.580e+00 (rtol=0.01 atol=0.001)	n0*=rsub.Scalar(L0,·,·)
MISMATCH	w1:322	out[0] non-finite mismatch (nan/inf positions differ)	n0*=bmm.out(L0,L1,·)
MISMATCH	w1:333	out[0] max|delta|=4.000e+00 (rtol=0.01 atol=0.001)	n0*=remainder.Tensor_out(L0,L1,·)
MISMATCH	w1:337	out[0] max|delta|=7.842e-01 (rtol=0.01 atol=0.001)	n0*=atan.out(L0,·)
SKIP	w1:342	executor ExecutorchInvalidArgumentException: [ExecuTorch Error 0x12] Invalid argument: Execution failed for method: forward	n0*=native_group_norm(L0,·,·,·,·,·,·,·)
SKIP	w1:345	executor ExecutorchInvalidArgumentException: [ExecuTorch Error 0x12] Invalid argument: Execution failed for method: forward	n0*=_pdist_forward(L0,·)
MISMATCH	w1:352	out[0] non-finite mismatch (nan/inf positions differ)	n0*=sin.out(L0,·)
SKIP	w1:373	executor ExecutorchRuntimeException: [ExecuTorch Error 0x14] Operator missing: Execution failed for method: forward	n0*=_fft_r2c(L0,·,·,·)
MISMATCH	w1:384	out[0] non-finite mismatch (nan/inf positions differ)	n0*=rsqrt.out(L0,·)
MISMATCH	w1:39	out[0] non-finite mismatch (nan/inf positions differ)	n0*=amin.out(L0,·,·,·)
MISMATCH	w1:407	out[0] max|delta|=2.000e+00 (rtol=0.01 atol=0.001)	n0*=min.unary_out(L0,·)
MISMATCH	w1:412	out[0] non-finite mismatch (nan/inf positions differ)	n0*=mm.out(L0,L1,·)
MISMATCH	w1:417	out[0] non-finite mismatch (nan/inf positions differ)	n0*=elu.out(L0,·,·,·,·)
MISMATCH	w1:419	out[0] non-finite mismatch (nan/inf positions differ)	n0*=addmm.out(L0,L1,L2,·,·,·)
MISMATCH	w1:427	out[0] non-finite mismatch (nan/inf positions differ)	n0*=sub.out(L0,L1,·,·)
MISMATCH	w1:432	out[0] non-finite mismatch (nan/inf positions differ)	n0*=pow.Tensor_Tensor_out(L0,L1,·)
MISMATCH	w1:436	out[0] max|delta|=9.223e+18 (rtol=0.0 atol=0.0)	n0*=bitwise_left_shift.Tensor_Scalar(L0,·)
SKIP	w1:438	executor ExecutorchInvalidArgumentException: [ExecuTorch Error 0x12] Invalid argument: Execution failed for method: forward	n0*=scatter_add.out(L0,·,L1,L2,·)
MISMATCH	w1:448	out[0] non-finite mismatch (nan/inf positions differ)	n0*=exp.out(L0,·)
MISMATCH	w1:450	out[0] max|delta|=2.550e+02 (rtol=0.0 atol=0.0)	n0*=prod(L0,·)
MISMATCH	w1:497	out[0] non-finite mismatch (nan/inf positions differ)	n0*=cos.out(L0,·)
MISMATCH	w1:512	out[0] max|delta|=3.459e+18 (rtol=0.0 atol=0.0)	n0*=bitwise_left_shift.Tensor_Scalar_out(L0,·,·)
MISMATCH	w1:515	out[0] non-finite mismatch (nan/inf positions differ)	n0*=bitwise_left_shift.Tensor_out(L0,L1,·)
MISMATCH	w1:521	out[0] max|delta|=1.000e+00 (rtol=0.0 atol=0.0)	n0*=sum.IntList_out(L0,·,·,·,·)
MISMATCH	w1:522	out[0] non-finite mismatch (nan/inf positions differ)	n0*=logit.out(L0,·,·)
MISMATCH	w1:542	out[0] max|delta|=2.550e+02 (rtol=0.0 atol=0.0)	n0*=bitwise_or.Scalar_out(L0,·,·)
MISMATCH	w1:547	out[0] non-finite mismatch (nan/inf positions differ)	n0*=logit(L0,·)
MISMATCH	w1:548	out[0] non-finite mismatch (nan/inf positions differ)	n0*=gelu.out(L0,·,·)
MISMATCH	w1:549	out[0] max|delta|=2.400e+01 (rtol=0.01 atol=0.001)	n0*=rsub.Scalar(L0,·,·)
MISMATCH	w1:568	out[0] max|delta|=3.680e+04 (rtol=0.01 atol=0.001)	n0*=_native_batch_norm_legit.no_stats(L0,·,·,·,·,·)
SKIP	w1:570	executor ExecutorchInvalidArgumentException: [ExecuTorch Error 0x12] Invalid argument: Execution failed for method: forward	n0*=native_group_norm(L0,·,·,·,·,·,·,·)
SKIP	w1:573	executor ExecutorchInvalidArgumentException: [ExecuTorch Error 0x12] Invalid argument: Execution failed for method: forward	n0*=_pdist_forward(L0,·)
MISMATCH	w1:580	out[0] non-finite mismatch (nan/inf positions differ)	n0*=sin.out(L0,·)
MISMATCH	w1:586	out[0] non-finite mismatch (nan/inf positions differ)	n0*=log.out(L0,·)
SKIP	w1:595	executor ExecutorchInvalidArgumentException: [ExecuTorch Error 0x12] Invalid argument: Execution failed for method: forward	n0*=reflection_pad2d.out(L0,·,·)
SKIP	w1:601	executor ExecutorchRuntimeException: [ExecuTorch Error 0x14] Operator missing: Execution failed for method: forward	n0*=_fft_r2c(L0,·,·,·)
SKIP	w1:630	executor IllegalArgumentException: unsupported input dtype code 24 on Android	n0*=linear.out(L0,L1,·,·)
MISMATCH	w1:640	out[0] non-finite mismatch (nan/inf positions differ)	n0*=mm.out(L0,L1,·)
MISMATCH	w1:645	out[0] non-finite mismatch (nan/inf positions differ)	n0*=elu.out(L0,·,·,·,·)
MISMATCH	w1:66	out[0] non-finite mismatch (nan/inf positions differ)	n0*=logit.out(L0,·,·)
MISMATCH	w1:660	out[0] non-finite mismatch (nan/inf positions differ)	n0*=pow.Tensor_Tensor_out(L0,L1,·)
MISMATCH	w1:664	out[0] max|delta|=2.306e+18 (rtol=0.0 atol=0.0)	n0*=bitwise_left_shift.Tensor_Scalar(L0,·)
MISMATCH	w1:676	out[0] non-finite mismatch (nan/inf positions differ)	n0*=exp.out(L0,·)
CRASH	w1:679	executor process died (native abort)	n0*=split_with_sizes_copy(L0,·,·)
MISMATCH	w1:704	out[0] max|delta|=1.562e+00 (rtol=0.01 atol=0.001)	n0*=replication_pad3d.out(L0,·,·)
SKIP	w1:716	executor ExecutorchInvalidArgumentException: [ExecuTorch Error 0x12] Invalid argument: Execution failed for method: forward	n0*=native_group_norm(L0,·,·,·,·,·,·,·)
MISMATCH	w1:725	out[0] non-finite mismatch (nan/inf positions differ)	n0*=cos.out(L0,·)
MISMATCH	w1:743	out[0] max|delta|=6.918e+18 (rtol=0.0 atol=0.0)	n0*=bitwise_left_shift.Tensor_out(L0,L1,·)
MISMATCH	w1:750	out[0] non-finite mismatch (nan/inf positions differ)	n0*=logit.out(L0,·,·)
MISMATCH	w1:760	out[0] max|delta|=3.000e+00 (rtol=0.0 atol=0.0)	n0*=topk.values(L0,·,·,·,·,L1,L2)
SKIP	w1:762	executor ExecutorchRuntimeException: [ExecuTorch Error 0x1] Internal error: Execution failed for method: forward	n0*=copy(L0,L1,·)
MISMATCH	w1:775	out[0] non-finite mismatch (nan/inf positions differ)	n0*=logit(L0,·)
MISMATCH	w1:777	out[0] max|delta|=5.139e+00 (rtol=0.01 atol=0.001)	n0*=rsub.Scalar(L0,·,·)
SKIP	w1:78	executor ExecutorchRuntimeException: [ExecuTorch Error 0x1] Internal error: Execution failed for method: forward	n0*=copy(L0,L1,·)
MISMATCH	w1:91	out[0] non-finite mismatch (nan/inf positions differ)	n0*=logit(L0,·)
MISMATCH	w1:92	out[0] non-finite mismatch (nan/inf positions differ)	n0*=gelu.out(L0,·,·)
MISMATCH	w10:0	out[0] max|delta|=9.808e+00 (rtol=0.01 atol=0.001)	n0*=elu.out(L0,·,·,·,·)
MISMATCH	w10:105	out[0] non-finite mismatch (nan/inf positions differ)	n0*=logit.out(L0,·,·)
MISMATCH	w10:117	out[0] max|delta|=1.514e+00 (rtol=0.01 atol=0.001)	n0*=copy(L0,L1,·)
MISMATCH	w10:12	out[0] max|delta|=8.000e+00 (rtol=0.0 atol=0.0)	n0*=remainder.Scalar(L0,·)
MISMATCH	w10:130	out[0] max|delta|=1.252e-01 (rtol=0.01 atol=0.001)	n0*=logit(L0,·)
MISMATCH	w10:131	out[0] non-finite mismatch (nan/inf positions differ)	n0*=gelu.out(L0,·,·)
MISMATCH	w10:132	out[0] max|delta|=1.516e+01 (rtol=0.01 atol=0.001)	n0*=rsub.Scalar(L0,·,·)
SKIP	w10:135	executor ExecutorchInvalidArgumentException: [ExecuTorch Error 0x12] Invalid argument: Execution failed for method: forward	n0*=reflection_pad2d(L0,·)
MISMATCH	w10:140	out[0] max|delta|=1.000e+00 (rtol=0.0 atol=0.0)	n0*=select_scatter(L0,L1,·,·)
MISMATCH	w10:148	out[0] max|delta|=7.837e-01 (rtol=0.01 atol=0.001)	n0*=atan.out(L0,·)
SKIP	w10:153	executor ExecutorchInvalidArgumentException: [ExecuTorch Error 0x12] Invalid argument: Execution failed for method: forward	n0*=native_group_norm(L0,·,·,·,·,·,·,·)
SKIP	w10:156	executor ExecutorchInvalidArgumentException: [ExecuTorch Error 0x12] Invalid argument: Execution failed for method: forward	n0*=_pdist_forward(L0,·)
MISMATCH	w10:169	out[0] non-finite mismatch (nan/inf positions differ)	n0*=log.out(L0,·)
SKIP	w10:178	executor ExecutorchInvalidArgumentException: [ExecuTorch Error 0x12] Invalid argument: Execution failed for method: forward	n0*=reflection_pad2d.out(L0,·,·)
SKIP	w10:184	executor ExecutorchRuntimeException: [ExecuTorch Error 0x14] Operator missing: Execution failed for method: forward	n0*=_fft_r2c(L0,·,·,·)
SKIP	w10:21	executor ExecutorchInvalidArgumentException: [ExecuTorch Error 0x12] Invalid argument: Execution failed for method: forward	n0*=scatter_add.out(L0,·,L1,L2,·)
MISMATCH	w10:223	out[0] non-finite mismatch (nan/inf positions differ)	n0*=mm.out(L0,L1,·)
MISMATCH	w10:228	out[0] non-finite mismatch (nan/inf positions differ)	n0*=elu.out(L0,·,·,·,·)
CRASH	w10:262	executor process died (native abort)	n0*=split_with_sizes_copy(L0,·,·)
SKIP	w10:299	executor ExecutorchInvalidArgumentException: [ExecuTorch Error 0x12] Invalid argument: Execution failed for method: forward	n0*=native_group_norm(L0,·,·,·,·,·,·,·)
MISMATCH	w10:31	out[0] non-finite mismatch (nan/inf positions differ)	n0*=exp.out(L0,·)
MISMATCH	w10:326	out[0] max|delta|=6.918e+18 (rtol=0.01 atol=0.001)	n0*=bitwise_left_shift.Tensor_out(L0,L1,·)
MISMATCH	w10:333	out[0] non-finite mismatch (nan/inf positions differ)	n0*=logit.out(L0,·,·)
SKIP	w10:345	executor ExecutorchRuntimeException: [ExecuTorch Error 0x1] Internal error: Execution failed for method: forward	n0*=copy(L0,L1,·)
MISMATCH	w10:353	out[0] max|delta|=2.530e+02 (rtol=0.0 atol=0.0)	n0*=bitwise_or.Scalar_out(L0,·,·)
MISMATCH	w10:358	out[0] non-finite mismatch (nan/inf positions differ)	n0*=logit(L0,·)
MISMATCH	w10:359	out[0] non-finite mismatch (nan/inf positions differ)	n0*=gelu.out(L0,·,·)
MISMATCH	w10:360	out[0] max|delta|=2.056e+01 (rtol=0.01 atol=0.001)	n0*=rsub.Scalar(L0,·,·)
MISMATCH	w10:381	out[0] non-finite mismatch (nan/inf positions differ)	n0*=native_group_norm(L0,·,·,·,·,·,·,·)
MISMATCH	w10:391	out[0] non-finite mismatch (nan/inf positions differ)	n0*=sin.out(L0,·)
MISMATCH	w10:397	out[0] non-finite mismatch (nan/inf positions differ)	n0*=log.out(L0,·)
SKIP	w10:412	executor ExecutorchRuntimeException: [ExecuTorch Error 0x14] Operator missing: Execution failed for method: forward	n0*=_fft_r2c(L0,·,·,·)
MISMATCH	w10:451	out[0] non-finite mismatch (nan/inf positions differ)	n0*=mm.out(L0,L1,·)
MISMATCH	w10:466	out[0] max|delta|=2.259e+00 (rtol=0.01 atol=0.001)	n0*=sub.out(L0,L1,·,·)
MISMATCH	w10:475	out[0] max|delta|=2.882e+17 (rtol=0.0 atol=0.0)	n0*=bitwise_left_shift.Tensor_Scalar(L0,·)
MISMATCH	w10:487	out[0] non-finite mismatch (nan/inf positions differ)	n0*=exp.out(L0,·)
SKIP	w10:522	executor ExecutorchInvalidArgumentException: [ExecuTorch Error 0x12] Invalid argument: Execution failed for method: forward	n0*=convolution(L0,L1,·,·,·,·,·,·,·)
SKIP	w10:527	executor ExecutorchInvalidArgumentException: [ExecuTorch Error 0x12] Invalid argument: Execution failed for method: forward	n0*=native_group_norm(L0,·,·,·,·,·,·,·)
MISMATCH	w10:536	out[0] non-finite mismatch (nan/inf positions differ)	n0*=cos.out(L0,·)
MISMATCH	w10:560	out[0] max|delta|=9.223e+18 (rtol=0.0 atol=0.0)	n0*=sum.IntList_out(L0,·,·,·,·)
MISMATCH	w10:561	out[0] non-finite mismatch (nan/inf positions differ)	n0*=logit.out(L0,·,·)
CRASH	w10:573	executor process died (native abort)	n0*=copy(L0,L1,·)
MISMATCH	w10:586	out[0] non-finite mismatch (nan/inf positions differ)	n0*=logit(L0,·)
MISMATCH	w10:587	out[0] non-finite mismatch (nan/inf positions differ)	n0*=gelu.out(L0,·,·)
MISMATCH	w10:588	out[0] max|delta|=3.600e+01 (rtol=0.01 atol=0.001)	n0*=rsub.Scalar(L0,·,·)
SKIP	w10:591	executor ExecutorchInvalidArgumentException: [ExecuTorch Error 0x12] Invalid argument: Execution failed for method: forward	n0*=reflection_pad2d(L0,·)
MISMATCH	w10:604	out[0] max|delta|=7.837e-01 (rtol=0.01 atol=0.001)	n0*=atan.out(L0,·)
MISMATCH	w10:607	out[0] max|delta|=3.680e+04 (rtol=0.01 atol=0.001)	n0*=_native_batch_norm_legit.no_stats(L0,·,·,·,·,·)
SKIP	w10:609	executor ExecutorchInvalidArgumentException: [ExecuTorch Error 0x12] Invalid argument: Execution failed for method: forward	n0*=native_group_norm(L0,·,·,·,·,·,·,·)
MISMATCH	w10:619	out[0] non-finite mismatch (nan/inf positions differ)	n0*=sin.out(L0,·)
MISMATCH	w10:625	out[0] non-finite mismatch (nan/inf positions differ)	n0*=log.out(L0,·)
SKIP	w10:640	executor ExecutorchRuntimeException: [ExecuTorch Error 0x14] Operator missing: Execution failed for method: forward	n0*=_fft_r2c(L0,·,·,·)
MISMATCH	w10:651	out[0] non-finite mismatch (nan/inf positions differ)	n0*=rsqrt.out(L0,·)
SKIP	w10:66	executor ExecutorchInvalidArgumentException: [ExecuTorch Error 0x12] Invalid argument: Execution failed for method: forward	n0*=convolution(L0,L1,·,·,·,·,·,·,·)
MISMATCH	w10:664	out[0] max|delta|=1.280e+02 (rtol=0.0 atol=0.0)	n0*=bitwise_right_shift.Tensor_Scalar(L0,·)
MISMATCH	w10:679	out[0] non-finite mismatch (nan/inf positions differ)	n0*=mm.out(L0,L1,·)
MISMATCH	w10:699	out[0] non-finite mismatch (nan/inf positions differ)	n0*=pow.Tensor_Tensor_out(L0,L1,·)
SKIP	w10:71	executor ExecutorchInvalidArgumentException: [ExecuTorch Error 0x12] Invalid argument: Execution failed for method: forward	n0*=native_group_norm(L0,·,·,·,·,·,·,·)
SKIP	w10:711	executor ExecutorchInvalidArgumentException: [ExecuTorch Error 0x12] Invalid argument: Execution failed for method: forward	n0*=expand_copy(L0,·,·)
MISMATCH	w10:715	out[0] non-finite mismatch (nan/inf positions differ)	n0*=exp.out(L0,·)
SKIP	w10:736	executor ExecutorchInvalidArgumentException: [ExecuTorch Error 0x12] Invalid argument: Execution failed for method: forward	n0*=scatter.value_out(L0,·,L1,·,·)
MISMATCH	w10:743	out[0] max|delta|=1.158e+00 (rtol=0.01 atol=0.001)	n0*=replication_pad3d.out(L0,·,·)
SKIP	w10:755	executor ExecutorchInvalidArgumentException: [ExecuTorch Error 0x12] Invalid argument: Execution failed for method: forward	n0*=native_group_norm(L0,·,·,·,·,·,·,·)
MISMATCH	w10:764	out[0] non-finite mismatch (nan/inf positions differ)	n0*=cos.out(L0,·)
MISMATCH	w10:779	out[0] max|delta|=8.053e+08 (rtol=0.0 atol=0.0)	n0*=bitwise_left_shift.Tensor_Scalar_out(L0,·,·)
MISMATCH	w10:80	out[0] non-finite mismatch (nan/inf positions differ)	n0*=cos.out(L0,·)
MISMATCH	w10:85	out[0] max|delta|=1.000e+00 (rtol=0.0 atol=0.0)	n0*=roll(L0,·,·)
MISMATCH	w10:90	out[0] max|delta|=2.814e+00 (rtol=0.01 atol=0.001)	n0*=replication_pad2d.out(L0,·,·)
MISMATCH	w10:96	out[0] max|delta|=3.000e+00 (rtol=0.01 atol=0.001)	n0*=maximum.out(L0,L1,·)
MISMATCH	w10:98	out[0] max|delta|=6.918e+18 (rtol=0.01 atol=0.001)	n0*=bitwise_left_shift.Tensor_out(L0,L1,·)
MISMATCH	w100:101	out[0] non-finite mismatch (nan/inf positions differ)	n0*=log.out(L0,·)
SKIP	w100:116	executor ExecutorchRuntimeException: [ExecuTorch Error 0x14] Operator missing: Execution failed for method: forward	n0*=_fft_r2c(L0,·,·,·)
MISMATCH	w100:12	out[0] non-finite mismatch (nan/inf positions differ)	n0*=cos.out(L0,·)
MISMATCH	w100:140	out[0] max|delta|=6.400e+01 (rtol=0.0 atol=0.0)	n0*=bitwise_right_shift.Tensor_Scalar(L0,·)
MISMATCH	w100:155	out[0] non-finite mismatch (nan/inf positions differ)	n0*=mm.out(L0,L1,·)
MISMATCH	w100:158	out[0] max|delta|=2.530e+02 (rtol=0.0 atol=0.0)	n0*=bitwise_and.Scalar_out(L0,·,·)
MISMATCH	w100:159	out[0] non-finite mismatch (nan/inf positions differ)	n0*=_log_softmax.out(L0,·,·,·)
MISMATCH	w100:175	out[0] non-finite mismatch (nan/inf positions differ)	n0*=pow.Tensor_Tensor_out(L0,L1,·)
MISMATCH	w100:177	out[0] non-finite mismatch (nan/inf positions differ)	n0*=sqrt.out(L0,·)
MISMATCH	w100:191	out[0] non-finite mismatch (nan/inf positions differ)	n0*=exp.out(L0,·)
MISMATCH	w100:219	out[0] max|delta|=2.527e+00 (rtol=0.01 atol=0.001)	n0*=replication_pad3d.out(L0,·,·)
MISMATCH	w100:240	out[0] non-finite mismatch (nan/inf positions differ)	n0*=cos.out(L0,·)
MISMATCH	w100:258	out[0] max|delta|=9.223e+18 (rtol=0.01 atol=0.001)	n0*=bitwise_left_shift.Tensor_out(L0,L1,·)
MISMATCH	w100:265	out[0] non-finite mismatch (nan/inf positions differ)	n0*=logit.out(L0,·,·)
MISMATCH	w100:27	out[0] max|delta|=5.765e+17 (rtol=0.01 atol=0.001)	n0*=bitwise_left_shift.Tensor_Scalar_out(L0,·,·)
MISMATCH	w100:285	out[0] max|delta|=2.550e+02 (rtol=0.0 atol=0.0)	n0*=bitwise_or.Scalar_out(L0,·,·)
MISMATCH	w100:290	out[0] non-finite mismatch (nan/inf positions differ)	n0*=logit(L0,·)
MISMATCH	w100:292	out[0] max|delta|=2.021e+01 (rtol=0.01 atol=0.001)	n0*=rsub.Scalar(L0,·,·)
SKIP	w100:295	executor ExecutorchInvalidArgumentException: [ExecuTorch Error 0x12] Invalid argument: Execution failed for method: forward	n0*=reflection_pad2d(L0,·)
SKIP	w100:3	executor ExecutorchInvalidArgumentException: [ExecuTorch Error 0x12] Invalid argument: Execution failed for method: forward	n0*=native_group_norm(L0,·,·,·,·,·,·,·)
MISMATCH	w100:30	out[0] non-finite mismatch (nan/inf positions differ)	n0*=bitwise_left_shift.Tensor_out(L0,L1,·)
MISMATCH	w100:304	out[0] max|delta|=3.000e+00 (rtol=0.01 atol=0.001)	n0*=remainder.Tensor_out(L0,L1,·)
MISMATCH	w100:308	out[0] max|delta|=7.837e-01 (rtol=0.01 atol=0.001)	n0*=atan.out(L0,·)
SKIP	w100:313	executor ExecutorchInvalidArgumentException: [ExecuTorch Error 0x12] Invalid argument: Execution failed for method: forward	n0*=native_group_norm(L0,·,·,·,·,·,·,·)
SKIP	w100:316	executor ExecutorchInvalidArgumentException: [ExecuTorch Error 0x12] Invalid argument: Execution failed for method: forward	n0*=_pdist_forward(L0,·)
MISMATCH	w100:323	out[0] non-finite mismatch (nan/inf positions differ)	n0*=sin.out(L0,·)
SKIP	w100:33	executor ExecutorchRuntimeException: [ExecuTorch Error 0x1] Internal error: Execution failed for method: forward	n0*=hardtanh(L0,·,·)
SKIP	w100:344	executor ExecutorchRuntimeException: [ExecuTorch Error 0x14] Operator missing: Execution failed for method: forward	n0*=_fft_r2c(L0,·,·,·)
SKIP	w100:351	executor ExecutorchRuntimeException: [ExecuTorch Error 0x1] Internal error: Execution failed for method: forward	n0*=mean.out(L0,·,·,·,·)
SKIP	w100:356	executor ExecutorchRuntimeException: [ExecuTorch Error 0x1] Internal error: Execution failed for method: forward	n0*=repeat(L0,·)
MISMATCH	w100:37	out[0] non-finite mismatch (nan/inf positions differ)	n0*=logit.out(L0,·,·)
MISMATCH	w100:390	out[0] non-finite mismatch (nan/inf positions differ)	n0*=addmm.out(L0,L1,L2,·,·,·)
MISMATCH	w100:403	out[0] non-finite mismatch (nan/inf positions differ)	n0*=pow.Tensor_Tensor_out(L0,L1,·)
MISMATCH	w100:419	out[0] non-finite mismatch (nan/inf positions differ)	n0*=exp.out(L0,·)
CRASH	w100:422	executor process died (native abort)	n0*=split_with_sizes_copy(L0,·,·)
MISMATCH	w100:450	out[0] max|delta|=2.550e+02 (rtol=0.0 atol=0.0)	n0*=prod.int_out(L0,·,·,·,·)
SKIP	w100:459	executor ExecutorchInvalidArgumentException: [ExecuTorch Error 0x12] Invalid argument: Execution failed for method: forward	n0*=native_group_norm(L0,·,·,·,·,·,·,·)
MISMATCH	w100:486	out[0] max|delta|=9.223e+18 (rtol=0.01 atol=0.001)	n0*=bitwise_left_shift.Tensor_out(L0,L1,·)
SKIP	w100:49	executor ExecutorchRuntimeException: [ExecuTorch Error 0x1] Internal error: Execution failed for method: forward	n0*=copy(L0,L1,·)
MISMATCH	w100:493	out[0] non-finite mismatch (nan/inf positions differ)	n0*=logit.out(L0,·,·)
MISMATCH	w100:505	out[0] max|delta|=3.939e-01 (rtol=0.01 atol=0.001)	n0*=copy(L0,L1,·)
MISMATCH	w100:513	out[0] max|delta|=2.550e+02 (rtol=0.0 atol=0.0)	n0*=bitwise_or.Scalar_out(L0,·,·)
MISMATCH	w100:519	out[0] non-finite mismatch (nan/inf positions differ)	n0*=gelu.out(L0,·,·)
MISMATCH	w100:536	out[0] max|delta|=7.842e-01 (rtol=0.01 atol=0.001)	n0*=atan.out(L0,·)
SKIP	w100:541	executor ExecutorchInvalidArgumentException: [ExecuTorch Error 0x12] Invalid argument: Execution failed for method: forward	n0*=native_group_norm(L0,·,·,·,·,·,·,·)
SKIP	w100:544	executor ExecutorchInvalidArgumentException: [ExecuTorch Error 0x12] Invalid argument: Execution failed for method: forward	n0*=_pdist_forward(L0,·)
MISMATCH	w100:557	out[0] non-finite mismatch (nan/inf positions differ)	n0*=log.out(L0,·)
SKIP	w100:572	executor ExecutorchRuntimeException: [ExecuTorch Error 0x14] Operator missing: Execution failed for method: forward	n0*=_fft_r2c(L0,·,·,·)
MISMATCH	w100:596	out[0] max|delta|=1.280e+02 (rtol=0.0 atol=0.0)	n0*=bitwise_right_shift.Tensor_Scalar(L0,·)
MISMATCH	w100:611	out[0] non-finite mismatch (nan/inf positions differ)	n0*=mm.out(L0,L1,·)
MISMATCH	w100:615	out[0] non-finite mismatch (nan/inf positions differ)	n0*=_log_softmax.out(L0,·,·,·)
MISMATCH	w100:62	out[0] non-finite mismatch (nan/inf positions differ)	n0*=logit(L0,·)
MISMATCH	w100:63	out[0] non-finite mismatch (nan/inf positions differ)	n0*=gelu.out(L0,·,·)
MISMATCH	w100:632	out[0] max|delta|=3.000e+00 (rtol=0.01 atol=0.001)	n0*=max.unary_out(L0,·)
MISMATCH	w100:64	out[0] max|delta|=5.141e+00 (rtol=0.01 atol=0.001)	n0*=rsub.Scalar(L0,·,·)
MISMATCH	w100:646	out[0] max|delta|=9.223e+18 (rtol=0.0 atol=0.0)	n0*=pow.Scalar_out(·,L0,·)
MISMATCH	w100:647	out[0] non-finite mismatch (nan/inf positions differ)	n0*=exp.out(L0,·)
MISMATCH	w100:651	out[0] max|delta|=3.000e+00 (rtol=0.01 atol=0.001)	n0*=bitwise_xor.Tensor_out(L0,L1,·)
SKIP	w100:67	executor ExecutorchInvalidArgumentException: [ExecuTorch Error 0x12] Invalid argument: Execution failed for method: forward	n0*=reflection_pad2d(L0,·)
SKIP	w100:687	executor ExecutorchInvalidArgumentException: [ExecuTorch Error 0x12] Invalid argument: Execution failed for method: forward	n0*=native_group_norm(L0,·,·,·,·,·,·,·)
MISMATCH	w100:711	out[0] max|delta|=7.206e+16 (rtol=0.01 atol=0.001)	n0*=bitwise_left_shift.Tensor_Scalar_out(L0,·,·)
MISMATCH	w100:721	out[0] non-finite mismatch (nan/inf positions differ)	n0*=logit.out(L0,·,·)
MISMATCH	w100:731	out[0] max|delta|=4.000e+00 (rtol=0.0 atol=0.0)	n0*=topk.values(L0,·,·,·,·,L1,L2)
SKIP	w100:733	executor ExecutorchRuntimeException: [ExecuTorch Error 0x1] Internal error: Execution failed for method: forward	n0*=copy(L0,L1,·)
MISMATCH	w100:746	out[0] non-finite mismatch (nan/inf positions differ)	n0*=logit(L0,·)
MISMATCH	w100:748	out[0] max|delta|=4.442e+00 (rtol=0.01 atol=0.001)	n0*=rsub.Scalar(L0,·,·)
SKIP	w100:751	executor ExecutorchInvalidArgumentException: [ExecuTorch Error 0x12] Invalid argument: Execution failed for method: forward	n0*=reflection_pad2d(L0,·)
MISMATCH	w100:76	out[0] max|delta|=3.000e+00 (rtol=0.01 atol=0.001)	n0*=remainder.Tensor_out(L0,L1,·)
MISMATCH	w100:764	out[0] max|delta|=7.837e-01 (rtol=0.01 atol=0.001)	n0*=atan.out(L0,·)
SKIP	w100:769	executor ExecutorchInvalidArgumentException: [ExecuTorch Error 0x12] Invalid argument: Execution failed for method: forward	n0*=native_group_norm(L0,·,·,·,·,·,·,·)
MISMATCH	w100:779	out[0] non-finite mismatch (nan/inf positions differ)	n0*=sin.out(L0,·)
SKIP	w100:85	executor ExecutorchInvalidArgumentException: [ExecuTorch Error 0x12] Invalid argument: Execution failed for method: forward	n0*=native_group_norm(L0,·,·,·,·,·,·,·)
SKIP	w101:10	executor ExecutorchRuntimeException: [ExecuTorch Error 0x14] Operator missing: Execution failed for method: forward	n0*=_fft_r2c(L0,·,·,·)
SKIP	w101:106	executor ExecutorchInvalidArgumentException: [ExecuTorch Error 0x12] Invalid argument: Execution failed for method: forward	n0*=scatter.value_out(L0,·,L1,·,·)
MISMATCH	w101:113	out[0] max|delta|=1.169e+00 (rtol=0.01 atol=0.001)	n0*=replication_pad3d.out(L0,·,·)
SKIP	w101:125	executor ExecutorchInvalidArgumentException: [ExecuTorch Error 0x12] Invalid argument: Execution failed for method: forward	n0*=native_group_norm(L0,·,·,·,·,·,·,·)
MISMATCH	w101:134	out[0] non-finite mismatch (nan/inf positions differ)	n0*=cos.out(L0,·)
MISMATCH	w101:152	out[0] non-finite mismatch (nan/inf positions differ)	n0*=bitwise_left_shift.Tensor_out(L0,L1,·)
MISMATCH	w101:159	out[0] non-finite mismatch (nan/inf positions differ)	n0*=logit.out(L0,·,·)
SKIP	w101:164	executor ExecutorchInvalidArgumentException: [ExecuTorch Error 0x12] Invalid argument: Execution failed for method: forward	n0*=scatter.src_out(L0,·,L1,L2,·)
SKIP	w101:171	executor ExecutorchRuntimeException: [ExecuTorch Error 0x1] Internal error: Execution failed for method: forward	n0*=copy(L0,L1,·)
MISMATCH	w101:184	out[0] non-finite mismatch (nan/inf positions differ)	n0*=logit(L0,·)
MISMATCH	w101:185	out[0] non-finite mismatch (nan/inf positions differ)	n0*=gelu.out(L0,·,·)
MISMATCH	w101:186	out[0] max|delta|=5.820e+00 (rtol=0.01 atol=0.001)	n0*=rsub.Scalar(L0,·,·)
MISMATCH	w101:202	out[0] max|delta|=7.842e-01 (rtol=0.01 atol=0.001)	n0*=atan.out(L0,·)
SKIP	w101:207	executor ExecutorchInvalidArgumentException: [ExecuTorch Error 0x12] Invalid argument: Execution failed for method: forward	n0*=native_group_norm(L0,·,·,·,·,·,·,·)
MISMATCH	w101:21	out[0] non-finite mismatch (nan/inf positions differ)	n0*=rsqrt.out(L0,·)
SKIP	w101:210	executor ExecutorchInvalidArgumentException: [ExecuTorch Error 0x12] Invalid argument: Execution failed for method: forward	n0*=_pdist_forward(L0,·)
MISMATCH	w101:217	out[0] non-finite mismatch (nan/inf positions differ)	n0*=sin.out(L0,·)
MISMATCH	w101:223	out[0] non-finite mismatch (nan/inf positions differ)	n0*=log.out(L0,·)
SKIP	w101:238	executor ExecutorchRuntimeException: [ExecuTorch Error 0x14] Operator missing: Execution failed for method: forward	n0*=_fft_r2c(L0,·,·,·)
MISMATCH	w101:243	out[0] non-finite mismatch (nan/inf positions differ)	n0*=native_layer_norm(L0,·,·,·,·)
MISMATCH	w101:249	out[0] non-finite mismatch (nan/inf positions differ)	n0*=rsqrt.out(L0,·)
SKIP	w101:250	executor ExecutorchRuntimeException: [ExecuTorch Error 0x1] Internal error: Execution failed for method: forward	n0*=repeat(L0,·)
MISMATCH	w101:272	out[0] max|delta|=2.000e+00 (rtol=0.01 atol=0.001)	n0*=min.unary_out(L0,·)
MISMATCH	w101:277	out[0] non-finite mismatch (nan/inf positions differ)	n0*=mm.out(L0,L1,·)
MISMATCH	w101:297	out[0] non-finite mismatch (nan/inf positions differ)	n0*=pow.Tensor_Tensor_out(L0,L1,·)
MISMATCH	w101:313	out[0] non-finite mismatch (nan/inf positions differ)	n0*=exp.out(L0,·)
MISMATCH	w101:323	out[0] max|delta|=7.000e+00 (rtol=0.01 atol=0.001)	n0*=remainder.Scalar_out(L0,·,·)
MISMATCH	w101:353	out[0] non-finite mismatch (nan/inf positions differ)	n0*=native_group_norm(L0,·,·,·,·,·,·,·)
MISMATCH	w101:362	out[0] non-finite mismatch (nan/inf positions differ)	n0*=cos.out(L0,·)
MISMATCH	w101:379	out[0] max|delta|=2.450e+02 (rtol=0.0 atol=0.0)	n0*=bitwise_xor.Scalar_out(L0,·,·)
MISMATCH	w101:387	out[0] non-finite mismatch (nan/inf positions differ)	n0*=logit.out(L0,·,·)
SKIP	w101:399	executor ExecutorchRuntimeException: [ExecuTorch Error 0x1] Internal error: Execution failed for method: forward	n0*=copy(L0,L1,·)
MISMATCH	w101:412	out[0] non-finite mismatch (nan/inf positions differ)	n0*=logit(L0,·)
MISMATCH	w101:413	out[0] non-finite mismatch (nan/inf positions differ)	n0*=gelu.out(L0,·,·)
MISMATCH	w101:414	out[0] max|delta|=8.883e+00 (rtol=0.01 atol=0.001)	n0*=rsub.Scalar(L0,·,·)
MISMATCH	w101:430	out[0] max|delta|=7.842e-01 (rtol=0.01 atol=0.001)	n0*=atan.out(L0,·)
MISMATCH	w101:433	out[0] max|delta|=3.680e+04 (rtol=0.01 atol=0.001)	n0*=_native_batch_norm_legit.no_stats(L0,·,·,·,·,·)
SKIP	w101:435	executor ExecutorchInvalidArgumentException: [ExecuTorch Error 0x12] Invalid argument: Execution failed for method: forward	n0*=native_group_norm(L0,·,·,·,·,·,·,·)
SKIP	w101:438	executor ExecutorchInvalidArgumentException: [ExecuTorch Error 0x12] Invalid argument: Execution failed for method: forward	n0*=_pdist_forward(L0,·)
MISMATCH	w101:445	out[0] non-finite mismatch (nan/inf positions differ)	n0*=sin.out(L0,·)
SKIP	w101:466	executor ExecutorchRuntimeException: [ExecuTorch Error 0x14] Operator missing: Execution failed for method: forward	n0*=_fft_r2c(L0,·,·,·)
SKIP	w101:473	executor ExecutorchRuntimeException: [ExecuTorch Error 0x1] Internal error: Execution failed for method: forward	n0*=mean.out(L0,·,·,·,·)
MISMATCH	w101:477	out[0] non-finite mismatch (nan/inf positions differ)	n0*=rsqrt.out(L0,·)
SKIP	w101:478	executor ExecutorchRuntimeException: [ExecuTorch Error 0x1] Internal error: Execution failed for method: forward	n0*=repeat(L0,·)
MISMATCH	w101:510	out[0] non-finite mismatch (nan/inf positions differ)	n0*=elu.out(L0,·,·,·,·)
CRASH	w101:513	executor process died (native abort)	n0*=unfold_copy(L0,·,·,·)
MISMATCH	w101:520	out[0] max|delta|=3.521e+00 (rtol=0.01 atol=0.001)	n0*=sub.out(L0,L1,·,·)
MISMATCH	w101:529	out[0] max|delta|=4.323e+17 (rtol=0.0 atol=0.0)	n0*=bitwise_left_shift.Tensor_Scalar(L0,·)
MISMATCH	w101:53	out[0] non-finite mismatch (nan/inf positions differ)	n0*=_log_softmax.out(L0,·,·,·)
SKIP	w101:531	executor ExecutorchInvalidArgumentException: [ExecuTorch Error 0x12] Invalid argument: Execution failed for method: forward	n0*=scatter_add.out(L0,·,L1,L2,·)
MISMATCH	w101:54	out[0] max|delta|=7.380e+01 (rtol=0.01 atol=0.001)	n0*=elu.out(L0,·,·,·,·)
MISMATCH	w101:541	out[0] non-finite mismatch (nan/inf positions differ)	n0*=exp.out(L0,·)
MISMATCH	w101:545	out[0] max|delta|=2.490e+02 (rtol=0.0 atol=0.0)	n0*=bitwise_xor.Tensor_out(L0,L1,·)
MISMATCH	w101:569	out[0] max|delta|=1.798e+00 (rtol=0.01 atol=0.001)	n0*=replication_pad3d.out(L0,·,·)
MISMATCH	w101:572	out[0] max|delta|=2.520e+02 (rtol=0.0 atol=0.0)	n0*=prod.int_out(L0,·,·,·,·)
MISMATCH	w101:573	out[0] non-finite mismatch (nan/inf positions differ)	n0*=grid_sampler_2d(L0,L1,·,·,·)
SKIP	w101:581	executor ExecutorchInvalidArgumentException: [ExecuTorch Error 0x12] Invalid argument: Execution failed for method: forward	n0*=native_group_norm(L0,·,·,·,·,·,·,·)
MISMATCH	w101:590	out[0] non-finite mismatch (nan/inf positions differ)	n0*=cos.out(L0,·)
MISMATCH	w101:605	out[0] max|delta|=9.223e+18 (rtol=0.0 atol=0.0)	n0*=bitwise_left_shift.Tensor_Scalar_out(L0,·,·)
MISMATCH	w101:608	out[0] max|delta|=6.918e+18 (rtol=0.0 atol=0.0)	n0*=bitwise_left_shift.Tensor_out(L0,L1,·)
MISMATCH	w101:615	out[0] non-finite mismatch (nan/inf positions differ)	n0*=logit.out(L0,·,·)
MISMATCH	w101:627	out[0] max|delta|=6.028e-01 (rtol=0.01 atol=0.001)	n0*=copy(L0,L1,·)
MISMATCH	w101:64	out[0] max|delta|=1.331e-01 (rtol=0.01 atol=0.001)	n0*=sub.out(L0,L1,·,·)
MISMATCH	w101:640	out[0] non-finite mismatch (nan/inf positions differ)	n0*=logit(L0,·)
MISMATCH	w101:641	out[0] non-finite mismatch (nan/inf positions differ)	n0*=gelu.out(L0,·,·)
MISMATCH	w101:642	out[0] max|delta|=1.200e+01 (rtol=0.01 atol=0.001)	n0*=rsub.Scalar(L0,·,·)
SKIP	w101:645	executor ExecutorchInvalidArgumentException: [ExecuTorch Error 0x12] Invalid argument: Execution failed for method: forward	n0*=reflection_pad2d(L0,·)
MISMATCH	w101:658	out[0] max|delta|=7.842e-01 (rtol=0.01 atol=0.001)	n0*=atan.out(L0,·)
MISMATCH	w101:66	out[0] max|delta|=5.000e+00 (rtol=0.0 atol=0.0)	n0*=remainder.Scalar(L0,·)
SKIP	w101:663	executor ExecutorchInvalidArgumentException: [ExecuTorch Error 0x12] Invalid argument: Execution failed for method: forward	n0*=native_group_norm(L0,·,·,·,·,·,·,·)
SKIP	w101:666	executor ExecutorchInvalidArgumentException: [ExecuTorch Error 0x12] Invalid argument: Execution failed for method: forward	n0*=_pdist_forward(L0,·)
MISMATCH	w101:673	out[0] non-finite mismatch (nan/inf positions differ)	n0*=sin.out(L0,·)
MISMATCH	w101:679	out[0] non-finite mismatch (nan/inf positions differ)	n0*=log.out(L0,·)
MISMATCH	w101:69	out[0] non-finite mismatch (nan/inf positions differ)	n0*=pow.Tensor_Tensor_out(L0,L1,·)
SKIP	w101:694	executor ExecutorchRuntimeException: [ExecuTorch Error 0x14] Operator missing: Execution failed for method: forward	n0*=_fft_r2c(L0,·,·,·)
MISMATCH	w101:705	out[0] non-finite mismatch (nan/inf positions differ)	n0*=rsqrt.out(L0,·)
MISMATCH	w101:721	out[0] non-finite mismatch (nan/inf positions differ)	n0*=_softmax.out(L0,·,·,·)
MISMATCH	w101:73	out[0] max|delta|=2.882e+17 (rtol=0.0 atol=0.0)	n0*=bitwise_left_shift.Tensor_Scalar(L0,·)
MISMATCH	w101:733	out[0] non-finite mismatch (nan/inf positions differ)	n0*=mm.out(L0,L1,·)
MISMATCH	w101:738	out[0] non-finite mismatch (nan/inf positions differ)	n0*=elu.out(L0,·,·,·,·)
MISMATCH	w101:750	out[0] max|delta|=2.000e+00 (rtol=0.0 atol=0.0)	n0*=remainder.Scalar(L0,·)
MISMATCH	w101:753	out[0] non-finite mismatch (nan/inf positions differ)	n0*=pow.Tensor_Tensor_out(L0,L1,·)
MISMATCH	w101:757	out[0] max|delta|=2.882e+17 (rtol=0.0 atol=0.0)	n0*=bitwise_left_shift.Tensor_Scalar(L0,·)
MISMATCH	w101:769	out[0] non-finite mismatch (nan/inf positions differ)	n0*=exp.out(L0,·)
MISMATCH	w101:773	out[0] max|delta|=4.000e+00 (rtol=0.01 atol=0.001)	n0*=bitwise_xor.Tensor_out(L0,L1,·)
MISMATCH	w101:85	out[0] non-finite mismatch (nan/inf positions differ)	n0*=exp.out(L0,·)
MISMATCH	w101:87	out[0] max|delta|=1.000e+00 (rtol=0.0 atol=0.0)	n0*=prod(L0,·)
SKIP	w102:100	executor ExecutorchInvalidArgumentException: [ExecuTorch Error 0x12] Invalid argument: Execution failed for method: forward	n0*=_pdist_forward(L0,·)
MISMATCH	w102:113	out[0] non-finite mismatch (nan/inf positions differ)	n0*=log.out(L0,·)
SKIP	w102:122	executor ExecutorchInvalidArgumentException: [ExecuTorch Error 0x12] Invalid argument: Execution failed for method: forward	n0*=reflection_pad2d.out(L0,·,·)
SKIP	w102:128	executor ExecutorchRuntimeException: [ExecuTorch Error 0x14] Operator missing: Execution failed for method: forward	n0*=_fft_r2c(L0,·,·,·)
MISMATCH	w102:139	out[0] non-finite mismatch (nan/inf positions differ)	n0*=rsqrt.out(L0,·)
SKIP	w102:15	executor ExecutorchInvalidArgumentException: [ExecuTorch Error 0x12] Invalid argument: Execution failed for method: forward	n0*=native_group_norm(L0,·,·,·,·,·,·,·)
MISMATCH	w102:167	out[0] non-finite mismatch (nan/inf positions differ)	n0*=mm.out(L0,L1,·)
MISMATCH	w102:182	out[0] non-finite mismatch (nan/inf positions differ)	n0*=sub.out(L0,L1,·,·)
MISMATCH	w102:184	out[0] max|delta|=3.000e+00 (rtol=0.0 atol=0.0)	n0*=remainder.Scalar(L0,·)
MISMATCH	w102:191	out[0] max|delta|=1.441e+17 (rtol=0.0 atol=0.0)	n0*=bitwise_left_shift.Tensor_Scalar(L0,·)
MISMATCH	w102:203	out[0] non-finite mismatch (nan/inf positions differ)	n0*=exp.out(L0,·)
MISMATCH	w102:24	out[0] non-finite mismatch (nan/inf positions differ)	n0*=cos.out(L0,·)
SKIP	w102:243	executor ExecutorchInvalidArgumentException: [ExecuTorch Error 0x12] Invalid argument: Execution failed for method: forward	n0*=native_group_norm(L0,·,·,·,·,·,·,·)
MISMATCH	w102:252	out[0] non-finite mismatch (nan/inf positions differ)	n0*=cos.out(L0,·)
MISMATCH	w102:267	out[0] max|delta|=2.882e+17 (rtol=0.01 atol=0.001)	n0*=bitwise_left_shift.Tensor_Scalar_out(L0,·,·)
MISMATCH	w102:277	out[0] non-finite mismatch (nan/inf positions differ)	n0*=logit.out(L0,·,·)
SKIP	w102:282	executor ExecutorchInvalidArgumentException: [ExecuTorch Error 0x12] Invalid argument: Execution failed for method: forward	n0*=scatter.src_out(L0,·,L1,L2,·)
SKIP	w102:289	executor ExecutorchRuntimeException: [ExecuTorch Error 0x1] Internal error: Execution failed for method: forward	n0*=copy(L0,L1,·)
MISMATCH	w102:302	out[0] non-finite mismatch (nan/inf positions differ)	n0*=logit(L0,·)
MISMATCH	w102:304	out[0] max|delta|=6.000e+00 (rtol=0.0 atol=0.0)	n0*=rsub.Scalar(L0,·,·)
MISMATCH	w102:341	out[0] non-finite mismatch (nan/inf positions differ)	n0*=log.out(L0,·)
SKIP	w102:356	executor ExecutorchRuntimeException: [ExecuTorch Error 0x14] Operator missing: Execution failed for method: forward	n0*=_fft_r2c(L0,·,·,·)
MISMATCH	w102:367	out[0] non-finite mismatch (nan/inf positions differ)	n0*=rsqrt.out(L0,·)
MISMATCH	w102:383	out[0] non-finite mismatch (nan/inf positions differ)	n0*=_softmax.out(L0,·,·,·)
MISMATCH	w102:39	out[0] max|delta|=1.441e+17 (rtol=0.01 atol=0.001)	n0*=bitwise_left_shift.Tensor_Scalar_out(L0,·,·)
MISMATCH	w102:395	out[0] non-finite mismatch (nan/inf positions differ)	n0*=mm.out(L0,L1,·)
MISMATCH	w102:400	out[0] non-finite mismatch (nan/inf positions differ)	n0*=elu.out(L0,·,·,·,·)
MISMATCH	w102:410	out[0] max|delta|=1.645e+01 (rtol=0.01 atol=0.001)	n0*=sub.out(L0,L1,·,·)
MISMATCH	w102:42	out[0] non-finite mismatch (nan/inf positions differ)	n0*=bitwise_left_shift.Tensor_out(L0,L1,·)
SKIP	w102:421	executor ExecutorchInvalidArgumentException: [ExecuTorch Error 0x12] Invalid argument: Execution failed for method: forward	n0*=scatter_add.out(L0,·,L1,L2,·)
MISMATCH	w102:441	out[0] max|delta|=5.000e+00 (rtol=0.0 atol=0.0)	n0*=remainder.Scalar_out(L0,·,·)
MISMATCH	w102:471	out[0] non-finite mismatch (nan/inf positions differ)	n0*=native_group_norm(L0,·,·,·,·,·,·,·)
MISMATCH	w102:480	out[0] non-finite mismatch (nan/inf positions differ)	n0*=cos.out(L0,·)
MISMATCH	w102:49	out[0] non-finite mismatch (nan/inf positions differ)	n0*=logit.out(L0,·,·)
MISMATCH	w102:498	out[0] max|delta|=6.918e+18 (rtol=0.01 atol=0.001)	n0*=bitwise_left_shift.Tensor_out(L0,L1,·)
MISMATCH	w102:505	out[0] non-finite mismatch (nan/inf positions differ)	n0*=logit.out(L0,·,·)
MISMATCH	w102:517	out[0] max|delta|=1.644e+00 (rtol=0.01 atol=0.001)	n0*=copy(L0,L1,·)
MISMATCH	w102:530	out[0] non-finite mismatch (nan/inf positions differ)	n0*=logit(L0,·)
MISMATCH	w102:532	out[0] max|delta|=4.442e+00 (rtol=0.01 atol=0.001)	n0*=rsub.Scalar(L0,·,·)
SKIP	w102:535	executor ExecutorchInvalidArgumentException: [ExecuTorch Error 0x12] Invalid argument: Execution failed for method: forward	n0*=reflection_pad2d(L0,·)
MISMATCH	w102:540	out[0] max|delta|=1.000e+00 (rtol=0.0 atol=0.0)	n0*=select_scatter(L0,L1,·,·)
MISMATCH	w102:548	out[0] max|delta|=7.842e-01 (rtol=0.01 atol=0.001)	n0*=atan.out(L0,·)
MISMATCH	w102:551	out[0] max|delta|=3.999e-01 (rtol=0.01 atol=0.001)	n0*=_native_batch_norm_legit.no_stats(L0,·,·,·,·,·)
SKIP	w102:556	executor ExecutorchInvalidArgumentException: [ExecuTorch Error 0x12] Invalid argument: Execution failed for method: forward	n0*=_pdist_forward(L0,·)
MISMATCH	w102:563	out[0] non-finite mismatch (nan/inf positions differ)	n0*=sin.out(L0,·)
MISMATCH	w102:569	out[0] non-finite mismatch (nan/inf positions differ)	n0*=log.out(L0,·)
SKIP	w102:584	executor ExecutorchRuntimeException: [ExecuTorch Error 0x14] Operator missing: Execution failed for method: forward	n0*=_fft_r2c(L0,·,·,·)
MISMATCH	w102:627	out[0] non-finite mismatch (nan/inf positions differ)	n0*=_log_softmax.out(L0,·,·,·)
MISMATCH	w102:628	out[0] non-finite mismatch (nan/inf positions differ)	n0*=elu.out(L0,·,·,·,·)
MISMATCH	w102:643	out[0] non-finite mismatch (nan/inf positions differ)	n0*=pow.Tensor_Tensor_out(L0,L1,·)
MISMATCH	w102:647	out[0] max|delta|=7.206e+16 (rtol=0.0 atol=0.0)	n0*=bitwise_left_shift.Tensor_Scalar(L0,·)
SKIP	w102:649	executor ExecutorchInvalidArgumentException: [ExecuTorch Error 0x12] Invalid argument: Execution failed for method: forward	n0*=scatter_add.out(L0,·,L1,L2,·)
MISMATCH	w102:669	out[0] max|delta|=3.000e+00 (rtol=0.01 atol=0.001)	n0*=remainder.Scalar_out(L0,·,·)
SKIP	w102:699	executor ExecutorchInvalidArgumentException: [ExecuTorch Error 0x12] Invalid argument: Execution failed for method: forward	n0*=native_group_norm(L0,·,·,·,·,·,·,·)
MISMATCH	w102:7	out[0] non-finite mismatch (nan/inf positions differ)	n0*=grid_sampler_2d(L0,L1,·,·,·)
MISMATCH	w102:708	out[0] non-finite mismatch (nan/inf positions differ)	n0*=cos.out(L0,·)
MISMATCH	w102:723	out[0] non-finite mismatch (nan/inf positions differ)	n0*=bitwise_left_shift.Tensor_Scalar_out(L0,·,·)
MISMATCH	w102:726	out[0] max|delta|=9.223e+18 (rtol=0.01 atol=0.001)	n0*=bitwise_left_shift.Tensor_out(L0,L1,·)
MISMATCH	w102:733	out[0] non-finite mismatch (nan/inf positions differ)	n0*=logit.out(L0,·,·)
MISMATCH	w102:74	out[0] non-finite mismatch (nan/inf positions differ)	n0*=logit(L0,·)
MISMATCH	w102:75	out[0] non-finite mismatch (nan/inf positions differ)	n0*=gelu.out(L0,·,·)
MISMATCH	w102:758	out[0] non-finite mismatch (nan/inf positions differ)	n0*=logit(L0,·)
MISMATCH	w102:759	out[0] non-finite mismatch (nan/inf positions differ)	n0*=gelu.out(L0,·,·)
MISMATCH	w102:76	out[0] max|delta|=2.328e+00 (rtol=0.01 atol=0.001)	n0*=rsub.Scalar(L0,·,·)
MISMATCH	w102:760	out[0] non-finite mismatch (nan/inf positions differ)	n0*=rsub.Scalar(L0,·,·)
MISMATCH	w102:768	out[0] max|delta|=1.000e+00 (rtol=0.0 atol=0.0)	n0*=select_scatter(L0,L1,·,·)
MISMATCH	w102:776	out[0] max|delta|=7.842e-01 (rtol=0.01 atol=0.001)	n0*=atan.out(L0,·)
MISMATCH	w102:779	out[0] max|delta|=3.680e+04 (rtol=0.01 atol=0.001)	n0*=_native_batch_norm_legit.no_stats(L0,·,·,·,·,·)
SKIP	w102:781	executor ExecutorchInvalidArgumentException: [ExecuTorch Error 0x12] Invalid argument: Execution failed for method: forward	n0*=native_group_norm(L0,·,·,·,·,·,·,·)
MISMATCH	w102:88	out[0] max|delta|=4.000e+00 (rtol=0.01 atol=0.001)	n0*=remainder.Tensor_out(L0,L1,·)
MISMATCH	w102:92	out[0] max|delta|=7.837e-01 (rtol=0.01 atol=0.001)	n0*=atan.out(L0,·)
MISMATCH	w102:95	out[0] max|delta|=3.999e-01 (rtol=0.01 atol=0.001)	n0*=_native_batch_norm_legit.no_stats(L0,·,·,·,·,·)
SKIP	w102:97	executor ExecutorchInvalidArgumentException: [ExecuTorch Error 0x12] Invalid argument: Execution failed for method: forward	n0*=native_group_norm(L0,·,·,·,·,·,·,·)
MISMATCH	w103:120	out[0] non-finite mismatch (nan/inf positions differ)	n0*=logit(L0,·)
MISMATCH	w103:121	out[0] non-finite mismatch (nan/inf positions differ)	n0*=gelu.out(L0,·,·)
MISMATCH	w103:122	out[0] max|delta|=3.200e+01 (rtol=0.01 atol=0.001)	n0*=rsub.Scalar(L0,·,·)
MISMATCH	w103:134	out[0] max|delta|=4.000e+00 (rtol=0.0 atol=0.0)	n0*=remainder.Tensor_out(L0,L1,·)
MISMATCH	w103:138	out[0] max|delta|=7.842e-01 (rtol=0.01 atol=0.001)	n0*=atan.out(L0,·)
MISMATCH	w103:141	out[0] max|delta|=3.680e+04 (rtol=0.01 atol=0.001)	n0*=_native_batch_norm_legit.no_stats(L0,·,·,·,·,·)
SKIP	w103:143	executor ExecutorchInvalidArgumentException: [ExecuTorch Error 0x12] Invalid argument: Execution failed for method: forward	n0*=native_group_norm(L0,·,·,·,·,·,·,·)
SKIP	w103:146	executor ExecutorchInvalidArgumentException: [ExecuTorch Error 0x12] Invalid argument: Execution failed for method: forward	n0*=_pdist_forward(L0,·)
MISMATCH	w103:153	out[0] non-finite mismatch (nan/inf positions differ)	n0*=sin.out(L0,·)
MISMATCH	w103:159	out[0] non-finite mismatch (nan/inf positions differ)	n0*=log.out(L0,·)
SKIP	w103:168	executor ExecutorchInvalidArgumentException: [ExecuTorch Error 0x12] Invalid argument: Execution failed for method: forward	n0*=reflection_pad2d.out(L0,·,·)
SKIP	w103:174	executor ExecutorchRuntimeException: [ExecuTorch Error 0x14] Operator missing: Execution failed for method: forward	n0*=_fft_r2c(L0,·,·,·)
SKIP	w103:186	executor ExecutorchRuntimeException: [ExecuTorch Error 0x1] Internal error: Execution failed for method: forward	n0*=repeat(L0,·)
MISMATCH	w103:201	out[0] non-finite mismatch (nan/inf positions differ)	n0*=_softmax.out(L0,·,·,·)
MISMATCH	w103:213	out[0] non-finite mismatch (nan/inf positions differ)	n0*=mm.out(L0,L1,·)
MISMATCH	w103:216	out[0] max|delta|=1.000e+00 (rtol=0.01 atol=0.001)	n0*=bitwise_and.Scalar_out(L0,·,·)
MISMATCH	w103:218	out[0] non-finite mismatch (nan/inf positions differ)	n0*=elu.out(L0,·,·,·,·)
MISMATCH	w103:228	out[0] max|delta|=6.887e+00 (rtol=0.01 atol=0.001)	n0*=sub.out(L0,L1,·,·)
MISMATCH	w103:230	out[0] max|delta|=2.000e+00 (rtol=0.0 atol=0.0)	n0*=remainder.Scalar(L0,·)
MISMATCH	w103:247	out[0] max|delta|=4.000e+00 (rtol=0.01 atol=0.001)	n0*=bitwise_or.Tensor_out(L0,L1,·)
MISMATCH	w103:277	out[0] max|delta|=1.283e+00 (rtol=0.01 atol=0.001)	n0*=replication_pad3d.out(L0,·,·)
SKIP	w103:289	executor ExecutorchInvalidArgumentException: [ExecuTorch Error 0x12] Invalid argument: Execution failed for method: forward	n0*=native_group_norm(L0,·,·,·,·,·,·,·)
MISMATCH	w103:315	out[0] max|delta|=2.480e+02 (rtol=0.0 atol=0.0)	n0*=bitwise_xor.Scalar_out(L0,·,·)
MISMATCH	w103:323	out[0] non-finite mismatch (nan/inf positions differ)	n0*=logit.out(L0,·,·)
SKIP	w103:335	executor ExecutorchRuntimeException: [ExecuTorch Error 0x1] Internal error: Execution failed for method: forward	n0*=copy(L0,L1,·)
MISMATCH	w103:348	out[0] non-finite mismatch (nan/inf positions differ)	n0*=logit(L0,·)
MISMATCH	w103:349	out[0] non-finite mismatch (nan/inf positions differ)	n0*=gelu.out(L0,·,·)
MISMATCH	w103:350	out[0] non-finite mismatch (nan/inf positions differ)	n0*=rsub.Scalar(L0,·,·)
MISMATCH	w103:363	out[0] max|delta|=3.000e+00 (rtol=0.0 atol=0.0)	n0*=fmod.Scalar(L0,·)
MISMATCH	w103:366	out[0] max|delta|=7.837e-01 (rtol=0.01 atol=0.001)	n0*=atan.out(L0,·)
SKIP	w103:371	executor ExecutorchInvalidArgumentException: [ExecuTorch Error 0x12] Invalid argument: Execution failed for method: forward	n0*=native_group_norm(L0,·,·,·,·,·,·,·)
SKIP	w103:396	executor ExecutorchInvalidArgumentException: [ExecuTorch Error 0x12] Invalid argument: Execution failed for method: forward	n0*=reflection_pad2d.out(L0,·,·)
SKIP	w103:402	executor ExecutorchRuntimeException: [ExecuTorch Error 0x14] Operator missing: Execution failed for method: forward	n0*=_fft_r2c(L0,·,·,·)
MISMATCH	w103:413	out[0] non-finite mismatch (nan/inf positions differ)	n0*=rsqrt.out(L0,·)
MISMATCH	w103:441	out[0] non-finite mismatch (nan/inf positions differ)	n0*=mm.out(L0,L1,·)
MISMATCH	w103:456	out[0] max|delta|=8.609e+00 (rtol=0.01 atol=0.001)	n0*=sub.out(L0,L1,·,·)
MISMATCH	w103:477	out[0] non-finite mismatch (nan/inf positions differ)	n0*=exp.out(L0,·)
MISMATCH	w103:49	out[0] max|delta|=1.798e+00 (rtol=0.01 atol=0.001)	n0*=replication_pad3d.out(L0,·,·)
MISMATCH	w103:5	out[0] non-finite mismatch (nan/inf positions differ)	n0*=pow.Tensor_Tensor_out(L0,L1,·)
SKIP	w103:512	executor ExecutorchInvalidArgumentException: [ExecuTorch Error 0x12] Invalid argument: Execution failed for method: forward	n0*=convolution(L0,L1,·,·,·,·,·,·,·)
SKIP	w103:517	executor ExecutorchInvalidArgumentException: [ExecuTorch Error 0x12] Invalid argument: Execution failed for method: forward	n0*=native_group_norm(L0,·,·,·,·,·,·,·)
MISMATCH	w103:526	out[0] non-finite mismatch (nan/inf positions differ)	n0*=cos.out(L0,·)
MISMATCH	w103:541	out[0] max|delta|=9.223e+18 (rtol=0.01 atol=0.001)	n0*=bitwise_left_shift.Tensor_Scalar_out(L0,·,·)
MISMATCH	w103:544	out[0] max|delta|=9.223e+18 (rtol=0.0 atol=0.0)	n0*=bitwise_left_shift.Tensor_out(L0,L1,·)
MISMATCH	w103:551	out[0] non-finite mismatch (nan/inf positions differ)	n0*=logit.out(L0,·,·)
SKIP	w103:556	executor ExecutorchInvalidArgumentException: [ExecuTorch Error 0x12] Invalid argument: Execution failed for method: forward	n0*=scatter.src_out(L0,·,L1,L2,·)
MISMATCH	w103:571	out[0] max|delta|=4.000e+00 (rtol=0.01 atol=0.001)	n0*=bitwise_or.Scalar_out(L0,·,·)
MISMATCH	w103:576	out[0] non-finite mismatch (nan/inf positions differ)	n0*=logit(L0,·)
MISMATCH	w103:578	out[0] max|delta|=1.264e+01 (rtol=0.01 atol=0.001)	n0*=rsub.Scalar(L0,·,·)
MISMATCH	w103:579	out[0] non-finite mismatch (nan/inf positions differ)	n0*=bmm.out(L0,L1,·)
MISMATCH	w103:590	out[0] max|delta|=4.000e+00 (rtol=0.0 atol=0.0)	n0*=remainder.Tensor_out(L0,L1,·)
MISMATCH	w103:591	out[0] max|delta|=4.000e+00 (rtol=0.0 atol=0.0)	n0*=fmod.Scalar(L0,·)
MISMATCH	w103:597	out[0] max|delta|=3.680e+04 (rtol=0.01 atol=0.001)	n0*=_native_batch_norm_legit.no_stats(L0,·,·,·,·,·)
SKIP	w103:599	executor ExecutorchInvalidArgumentException: [ExecuTorch Error 0x12] Invalid argument: Execution failed for method: forward	n0*=native_group_norm(L0,·,·,·,·,·,·,·)
MISMATCH	w103:6	out[0] max|delta|=3.000e+00 (rtol=0.01 atol=0.001)	n0*=max.unary_out(L0,·)
SKIP	w103:602	executor ExecutorchInvalidArgumentException: [ExecuTorch Error 0x12] Invalid argument: Execution failed for method: forward	n0*=_pdist_forward(L0,·)
SKIP	w103:61	executor ExecutorchInvalidArgumentException: [ExecuTorch Error 0x12] Invalid argument: Execution failed for method: forward	n0*=native_group_norm(L0,·,·,·,·,·,·,·)
MISMATCH	w103:615	out[0] non-finite mismatch (nan/inf positions differ)	n0*=log.out(L0,·)
SKIP	w103:630	executor ExecutorchRuntimeException: [ExecuTorch Error 0x14] Operator missing: Execution failed for method: forward	n0*=_fft_r2c(L0,·,·,·)
MISMATCH	w103:669	out[0] non-finite mismatch (nan/inf positions differ)	n0*=mm.out(L0,L1,·)
MISMATCH	w103:689	out[0] non-finite mismatch (nan/inf positions differ)	n0*=pow.Tensor_Tensor_out(L0,L1,·)
MISMATCH	w103:690	out[0] max|delta|=3.000e+00 (rtol=0.01 atol=0.001)	n0*=max.unary_out(L0,·)
SKIP	w103:695	executor ExecutorchInvalidArgumentException: [ExecuTorch Error 0x12] Invalid argument: Execution failed for method: forward	n0*=scatter_add.out(L0,·,L1,L2,·)
MISMATCH	w103:70	out[0] non-finite mismatch (nan/inf positions differ)	n0*=cos.out(L0,·)
MISMATCH	w103:705	out[0] non-finite mismatch (nan/inf positions differ)	n0*=exp.out(L0,·)
CRASH	w103:708	executor process died (native abort)	n0*=split_with_sizes_copy(L0,·,·)
MISMATCH	w103:733	out[0] max|delta|=8.022e-01 (rtol=0.01 atol=0.001)	n0*=replication_pad3d.out(L0,·,·)
SKIP	w103:745	executor ExecutorchInvalidArgumentException: [ExecuTorch Error 0x12] Invalid argument: Execution failed for method: forward	n0*=native_group_norm(L0,·,·,·,·,·,·,·)
MISMATCH	w103:754	out[0] non-finite mismatch (nan/inf positions differ)	n0*=cos.out(L0,·)
MISMATCH	w103:769	out[0] non-finite mismatch (nan/inf positions differ)	n0*=bitwise_left_shift.Tensor_Scalar_out(L0,·,·)
MISMATCH	w103:778	out[0] max|delta|=1.000e+00 (rtol=0.0 atol=0.0)	n0*=sum.IntList_out(L0,·,·,·,·)
MISMATCH	w103:779	out[0] non-finite mismatch (nan/inf positions differ)	n0*=logit.out(L0,·,·)
MISMATCH	w103:88	out[0] max|delta|=1.611e+09 (rtol=0.0 atol=0.0)	n0*=bitwise_left_shift.Tensor_out(L0,L1,·)
MISMATCH	w103:95	out[0] non-finite mismatch (nan/inf positions differ)	n0*=logit.out(L0,·,·)
MISMATCH	w104:120	out[0] non-finite mismatch (nan/inf positions differ)	n0*=_softmax.out(L0,·,·,·)
MISMATCH	w104:132	out[0] non-finite mismatch (nan/inf positions differ)	n0*=mm.out(L0,L1,·)
MISMATCH	w104:136	out[0] non-finite mismatch (nan/inf positions differ)	n0*=_log_softmax.out(L0,·,·,·)
MISMATCH	w104:137	out[0] non-finite mismatch (nan/inf positions differ)	n0*=elu.out(L0,·,·,·,·)
MISMATCH	w104:14	out[0] non-finite mismatch (nan/inf positions differ)	n0*=logit.out(L0,·,·)
MISMATCH	w104:149	out[0] max|delta|=6.000e+00 (rtol=0.0 atol=0.0)	n0*=remainder.Scalar(L0,·)
MISMATCH	w104:152	out[0] non-finite mismatch (nan/inf positions differ)	n0*=pow.Tensor_Tensor_out(L0,L1,·)
SKIP	w104:158	executor ExecutorchInvalidArgumentException: [ExecuTorch Error 0x12] Invalid argument: Execution failed for method: forward	n0*=scatter_add.out(L0,·,L1,L2,·)
MISMATCH	w104:168	out[0] non-finite mismatch (nan/inf positions differ)	n0*=exp.out(L0,·)
MISMATCH	w104:196	out[0] max|delta|=1.283e+00 (rtol=0.01 atol=0.001)	n0*=replication_pad3d.out(L0,·,·)
SKIP	w104:208	executor ExecutorchInvalidArgumentException: [ExecuTorch Error 0x12] Invalid argument: Execution failed for method: forward	n0*=native_group_norm(L0,·,·,·,·,·,·,·)
MISMATCH	w104:217	out[0] non-finite mismatch (nan/inf positions differ)	n0*=cos.out(L0,·)
MISMATCH	w104:232	out[0] max|delta|=1.441e+17 (rtol=0.01 atol=0.001)	n0*=bitwise_left_shift.Tensor_Scalar_out(L0,·,·)
MISMATCH	w104:234	out[0] max|delta|=2.530e+02 (rtol=0.0 atol=0.0)	n0*=bitwise_xor.Scalar_out(L0,·,·)
MISMATCH	w104:235	out[0] max|delta|=9.223e+18 (rtol=0.01 atol=0.001)	n0*=bitwise_left_shift.Tensor_out(L0,L1,·)
MISMATCH	w104:242	out[0] non-finite mismatch (nan/inf positions differ)	n0*=logit.out(L0,·,·)
SKIP	w104:247	executor ExecutorchInvalidArgumentException: [ExecuTorch Error 0x12] Invalid argument: Execution failed for method: forward	n0*=scatter.src_out(L0,·,L1,L2,·)
SKIP	w104:254	executor ExecutorchRuntimeException: [ExecuTorch Error 0x1] Internal error: Execution failed for method: forward	n0*=copy(L0,L1,·)
SKIP	w104:255	executor ExecutorchInvalidArgumentException: [ExecuTorch Error 0x12] Invalid argument: Execution failed for method: forward	n0*=stack(·,·)
MISMATCH	w104:26	out[0] max|delta|=1.644e+00 (rtol=0.01 atol=0.001)	n0*=copy(L0,L1,·)
MISMATCH	w104:267	out[0] non-finite mismatch (nan/inf positions differ)	n0*=logit(L0,·)
MISMATCH	w104:269	out[0] max|delta|=7.580e+00 (rtol=0.01 atol=0.001)	n0*=rsub.Scalar(L0,·,·)
MISMATCH	w104:281	out[0] max|delta|=3.000e+00 (rtol=0.01 atol=0.001)	n0*=remainder.Tensor_out(L0,L1,·)
MISMATCH	w104:285	out[0] max|delta|=7.837e-01 (rtol=0.01 atol=0.001)	n0*=atan.out(L0,·)
SKIP	w104:290	executor ExecutorchInvalidArgumentException: [ExecuTorch Error 0x12] Invalid argument: Execution failed for method: forward	n0*=native_group_norm(L0,·,·,·,·,·,·,·)
SKIP	w104:293	executor ExecutorchInvalidArgumentException: [ExecuTorch Error 0x12] Invalid argument: Execution failed for method: forward	n0*=_pdist_forward(L0,·)
MISMATCH	w104:306	out[0] non-finite mismatch (nan/inf positions differ)	n0*=log.out(L0,·)
SKIP	w104:321	executor ExecutorchRuntimeException: [ExecuTorch Error 0x14] Operator missing: Execution failed for method: forward	n0*=_fft_r2c(L0,·,·,·)
MISMATCH	w104:332	out[0] non-finite mismatch (nan/inf positions differ)	n0*=rsqrt.out(L0,·)
MISMATCH	w104:346	out[0] max|delta|=3.000e+00 (rtol=0.01 atol=0.001)	n0*=floor_divide.out(L0,L1,·)
MISMATCH	w104:348	out[0] non-finite mismatch (nan/inf positions differ)	n0*=_softmax.out(L0,·,·,·)
MISMATCH	w104:364	out[0] non-finite mismatch (nan/inf positions differ)	n0*=_log_softmax.out(L0,·,·,·)
MISMATCH	w104:380	out[0] non-finite mismatch (nan/inf positions differ)	n0*=pow.Tensor_Tensor_out(L0,L1,·)
MISMATCH	w104:39	out[0] non-finite mismatch (nan/inf positions differ)	n0*=logit(L0,·)
MISMATCH	w104:398	out[0] max|delta|=2.550e+02 (rtol=0.0 atol=0.0)	n0*=prod(L0,·)
MISMATCH	w104:40	out[0] non-finite mismatch (nan/inf positions differ)	n0*=gelu.out(L0,·,·)
MISMATCH	w104:41	out[0] max|delta|=7.581e+00 (rtol=0.01 atol=0.001)	n0*=rsub.Scalar(L0,·,·)
MISMATCH	w104:424	out[0] max|delta|=2.527e+00 (rtol=0.01 atol=0.001)	n0*=replication_pad3d.out(L0,·,·)
SKIP	w104:431	executor ExecutorchInvalidArgumentException: [ExecuTorch Error 0x12] Invalid argument: Execution failed for method: forward	n0*=convolution(L0,L1,·,·,·,·,·,·,·)
SKIP	w104:436	executor ExecutorchInvalidArgumentException: [ExecuTorch Error 0x12] Invalid argument: Execution failed for method: forward	n0*=native_group_norm(L0,·,·,·,·,·,·,·)
MISMATCH	w104:445	out[0] non-finite mismatch (nan/inf positions differ)	n0*=cos.out(L0,·)
MISMATCH	w104:463	out[0] max|delta|=2.080e+02 (rtol=0.0 atol=0.0)	n0*=bitwise_left_shift.Tensor_out(L0,L1,·)
MISMATCH	w104:470	out[0] non-finite mismatch (nan/inf positions differ)	n0*=logit.out(L0,·,·)
SKIP	w104:482	executor ExecutorchRuntimeException: [ExecuTorch Error 0x1] Internal error: Execution failed for method: forward	n0*=copy(L0,L1,·)
MISMATCH	w104:495	out[0] non-finite mismatch (nan/inf positions differ)	n0*=logit(L0,·)
MISMATCH	w104:497	out[0] max|delta|=1.163e+00 (rtol=0.01 atol=0.001)	n0*=rsub.Scalar(L0,·,·)
MISMATCH	w104:505	out[0] max|delta|=1.000e+00 (rtol=0.0 atol=0.0)	n0*=select_scatter(L0,L1,·,·)
MISMATCH	w104:516	out[0] non-finite mismatch (nan/inf positions differ)	n0*=_native_batch_norm_legit.no_stats(L0,·,·,·,·,·)
SKIP	w104:521	executor ExecutorchInvalidArgumentException: [ExecuTorch Error 0x12] Invalid argument: Execution failed for method: forward	n0*=_pdist_forward(L0,·)
MISMATCH	w104:528	out[0] non-finite mismatch (nan/inf positions differ)	n0*=sin.out(L0,·)
MISMATCH	w104:534	out[0] non-finite mismatch (nan/inf positions differ)	n0*=log.out(L0,·)
MISMATCH	w104:54	out[0] max|delta|=3.000e+00 (rtol=0.0 atol=0.0)	n0*=fmod.Scalar(L0,·)
SKIP	w104:549	executor ExecutorchRuntimeException: [ExecuTorch Error 0x14] Operator missing: Execution failed for method: forward	n0*=_fft_r2c(L0,·,·,·)
MISMATCH	w104:560	out[0] non-finite mismatch (nan/inf positions differ)	n0*=rsqrt.out(L0,·)
MISMATCH	w104:588	out[0] non-finite mismatch (nan/inf positions differ)	n0*=mm.out(L0,L1,·)
MISMATCH	w104:608	out[0] non-finite mismatch (nan/inf positions differ)	n0*=pow.Tensor_Tensor_out(L0,L1,·)
MISMATCH	w104:612	out[0] max|delta|=7.206e+16 (rtol=0.0 atol=0.0)	n0*=bitwise_left_shift.Tensor_Scalar(L0,·)
SKIP	w104:62	executor ExecutorchInvalidArgumentException: [ExecuTorch Error 0x12] Invalid argument: Execution failed for method: forward	n0*=native_group_norm(L0,·,·,·,·,·,·,·)
MISMATCH	w104:624	out[0] non-finite mismatch (nan/inf positions differ)	n0*=exp.out(L0,·)
MISMATCH	w104:626	out[0] max|delta|=2.550e+02 (rtol=0.0 atol=0.0)	n0*=prod(L0,·)
CRASH	w104:627	executor process died (native abort)	n0*=split_with_sizes_copy(L0,·,·)
SKIP	w104:645	executor ExecutorchInvalidArgumentException: [ExecuTorch Error 0x12] Invalid argument: Execution failed for method: forward	n0*=scatter.value_out(L0,·,L1,·,·)
SKIP	w104:65	executor ExecutorchInvalidArgumentException: [ExecuTorch Error 0x12] Invalid argument: Execution failed for method: forward	n0*=_pdist_forward(L0,·)
SKIP	w104:664	executor ExecutorchInvalidArgumentException: [ExecuTorch Error 0x12] Invalid argument: Execution failed for method: forward	n0*=native_group_norm(L0,·,·,·,·,·,·,·)
MISMATCH	w104:691	out[0] non-finite mismatch (nan/inf positions differ)	n0*=bitwise_left_shift.Tensor_out(L0,L1,·)
MISMATCH	w104:698	out[0] non-finite mismatch (nan/inf positions differ)	n0*=logit.out(L0,·,·)
MISMATCH	w104:7	out[0] max|delta|=9.223e+18 (rtol=0.01 atol=0.001)	n0*=bitwise_left_shift.Tensor_out(L0,L1,·)
SKIP	w104:710	executor ExecutorchRuntimeException: [ExecuTorch Error 0x1] Internal error: Execution failed for method: forward	n0*=copy(L0,L1,·)
MISMATCH	w104:741	out[0] max|delta|=7.842e-01 (rtol=0.01 atol=0.001)	n0*=atan.out(L0,·)
MISMATCH	w104:744	out[0] max|delta|=3.999e-01 (rtol=0.01 atol=0.001)	n0*=_native_batch_norm_legit.no_stats(L0,·,·,·,·,·)
SKIP	w104:746	executor ExecutorchInvalidArgumentException: [ExecuTorch Error 0x12] Invalid argument: Execution failed for method: forward	n0*=native_group_norm(L0,·,·,·,·,·,·,·)
SKIP	w104:749	executor ExecutorchInvalidArgumentException: [ExecuTorch Error 0x12] Invalid argument: Execution failed for method: forward	n0*=_pdist_forward(L0,·)
MISMATCH	w104:756	out[0] non-finite mismatch (nan/inf positions differ)	n0*=sin.out(L0,·)
MISMATCH	w104:762	out[0] non-finite mismatch (nan/inf positions differ)	n0*=log.out(L0,·)
SKIP	w104:771	executor ExecutorchInvalidArgumentException: [ExecuTorch Error 0x12] Invalid argument: Execution failed for method: forward	n0*=reflection_pad2d.out(L0,·,·)
SKIP	w104:777	executor ExecutorchRuntimeException: [ExecuTorch Error 0x14] Operator missing: Execution failed for method: forward	n0*=_fft_r2c(L0,·,·,·)
MISMATCH	w104:78	out[0] non-finite mismatch (nan/inf positions differ)	n0*=log.out(L0,·)
SKIP	w104:87	executor ExecutorchInvalidArgumentException: [ExecuTorch Error 0x12] Invalid argument: Execution failed for method: forward	n0*=reflection_pad2d.out(L0,·,·)
SKIP	w104:93	executor ExecutorchRuntimeException: [ExecuTorch Error 0x14] Operator missing: Execution failed for method: forward	n0*=_fft_r2c(L0,·,·,·)
SKIP	w105:122	executor ExecutorchInvalidArgumentException: [ExecuTorch Error 0x12] Invalid argument: Execution failed for method: forward	n0*=native_group_norm(L0,·,·,·,·,·,·,·)
MISMATCH	w105:146	out[0] max|delta|=4.612e+18 (rtol=0.01 atol=0.001)	n0*=bitwise_left_shift.Tensor_Scalar_out(L0,·,·)
MISMATCH	w105:156	out[0] non-finite mismatch (nan/inf positions differ)	n0*=logit.out(L0,·,·)
MISMATCH	w105:168	out[0] max|delta|=7.524e-01 (rtol=0.01 atol=0.001)	n0*=copy(L0,L1,·)
SKIP	w105:169	executor ExecutorchInvalidArgumentException: [ExecuTorch Error 0x12] Invalid argument: Execution failed for method: forward	n0*=stack(·,·)
MISMATCH	w105:18	out[0] non-finite mismatch (nan/inf positions differ)	n0*=rsqrt.out(L0,·)
MISMATCH	w105:181	out[0] non-finite mismatch (nan/inf positions differ)	n0*=logit(L0,·)
MISMATCH	w105:182	out[0] non-finite mismatch (nan/inf positions differ)	n0*=gelu.out(L0,·,·)
MISMATCH	w105:183	out[0] max|delta|=5.553e+00 (rtol=0.01 atol=0.001)	n0*=rsub.Scalar(L0,·,·)
SKIP	w105:186	executor ExecutorchInvalidArgumentException: [ExecuTorch Error 0x12] Invalid argument: Execution failed for method: forward	n0*=reflection_pad2d(L0,·)
SKIP	w105:204	executor ExecutorchInvalidArgumentException: [ExecuTorch Error 0x12] Invalid argument: Execution failed for method: forward	n0*=native_group_norm(L0,·,·,·,·,·,·,·)
SKIP	w105:207	executor ExecutorchInvalidArgumentException: [ExecuTorch Error 0x12] Invalid argument: Execution failed for method: forward	n0*=_pdist_forward(L0,·)
MISMATCH	w105:220	out[0] non-finite mismatch (nan/inf positions differ)	n0*=log.out(L0,·)
SKIP	w105:235	executor ExecutorchRuntimeException: [ExecuTorch Error 0x14] Operator missing: Execution failed for method: forward	n0*=_fft_r2c(L0,·,·,·)
MISMATCH	w105:246	out[0] non-finite mismatch (nan/inf positions differ)	n0*=rsqrt.out(L0,·)
MISMATCH	w105:262	out[0] non-finite mismatch (nan/inf positions differ)	n0*=_softmax.out(L0,·,·,·)
MISMATCH	w105:274	out[0] non-finite mismatch (nan/inf positions differ)	n0*=mm.out(L0,L1,·)
MISMATCH	w105:279	out[0] non-finite mismatch (nan/inf positions differ)	n0*=elu.out(L0,·,·,·,·)
MISMATCH	w105:310	out[0] non-finite mismatch (nan/inf positions differ)	n0*=exp.out(L0,·)
MISMATCH	w105:320	out[0] max|delta|=6.000e+00 (rtol=0.01 atol=0.001)	n0*=remainder.Scalar_out(L0,·,·)
SKIP	w105:350	executor ExecutorchInvalidArgumentException: [ExecuTorch Error 0x12] Invalid argument: Execution failed for method: forward	n0*=native_group_norm(L0,·,·,·,·,·,·,·)
MISMATCH	w105:359	out[0] non-finite mismatch (nan/inf positions differ)	n0*=cos.out(L0,·)
MISMATCH	w105:374	out[0] max|delta|=2.147e+09 (rtol=0.0 atol=0.0)	n0*=bitwise_left_shift.Tensor_Scalar_out(L0,·,·)
MISMATCH	w105:377	out[0] max|delta|=9.223e+18 (rtol=0.01 atol=0.001)	n0*=bitwise_left_shift.Tensor_out(L0,L1,·)
MISMATCH	w105:384	out[0] non-finite mismatch (nan/inf positions differ)	n0*=logit.out(L0,·,·)
SKIP	w105:397	executor ExecutorchInvalidArgumentException: [ExecuTorch Error 0x12] Invalid argument: Execution failed for method: forward	n0*=stack(·,·)
MISMATCH	w105:409	out[0] non-finite mismatch (nan/inf positions differ)	n0*=logit(L0,·)
MISMATCH	w105:41	out[0] max|delta|=2.000e+00 (rtol=0.01 atol=0.001)	n0*=min.unary_out(L0,·)
MISMATCH	w105:410	out[0] non-finite mismatch (nan/inf positions differ)	n0*=gelu.out(L0,·,·)
MISMATCH	w105:412	out[0] non-finite mismatch (nan/inf positions differ)	n0*=bmm.out(L0,L1,·)
SKIP	w105:435	executor ExecutorchInvalidArgumentException: [ExecuTorch Error 0x12] Invalid argument: Execution failed for method: forward	n0*=_pdist_forward(L0,·)
MISMATCH	w105:442	out[0] non-finite mismatch (nan/inf positions differ)	n0*=sin.out(L0,·)
MISMATCH	w105:46	out[0] non-finite mismatch (nan/inf positions differ)	n0*=mm.out(L0,L1,·)
SKIP	w105:463	executor ExecutorchRuntimeException: [ExecuTorch Error 0x14] Operator missing: Execution failed for method: forward	n0*=_fft_r2c(L0,·,·,·)
MISMATCH	w105:474	out[0] non-finite mismatch (nan/inf positions differ)	n0*=rsqrt.out(L0,·)
MISMATCH	w105:490	out[0] non-finite mismatch (nan/inf positions differ)	n0*=_softmax.out(L0,·,·,·)
MISMATCH	w105:50	out[0] non-finite mismatch (nan/inf positions differ)	n0*=_log_softmax.out(L0,·,·,·)
MISMATCH	w105:502	out[0] non-finite mismatch (nan/inf positions differ)	n0*=mm.out(L0,L1,·)
MISMATCH	w105:51	out[0] non-finite mismatch (nan/inf positions differ)	n0*=elu.out(L0,·,·,·,·)
MISMATCH	w105:517	out[0] max|delta|=1.849e+00 (rtol=0.01 atol=0.001)	n0*=sub.out(L0,L1,·,·)
MISMATCH	w105:522	out[0] non-finite mismatch (nan/inf positions differ)	n0*=pow.Tensor_Tensor_out(L0,L1,·)
MISMATCH	w105:526	out[0] max|delta|=6.918e+18 (rtol=0.0 atol=0.0)	n0*=bitwise_left_shift.Tensor_Scalar(L0,·)
SKIP	w105:528	executor ExecutorchInvalidArgumentException: [ExecuTorch Error 0x12] Invalid argument: Execution failed for method: forward	n0*=scatter_add.out(L0,·,L1,L2,·)
CRASH	w105:541	executor process died (native abort)	n0*=split_with_sizes_copy(L0,·,·)
SKIP	w105:578	executor ExecutorchInvalidArgumentException: [ExecuTorch Error 0x12] Invalid argument: Execution failed for method: forward	n0*=native_group_norm(L0,·,·,·,·,·,·,·)
MISMATCH	w105:587	out[0] non-finite mismatch (nan/inf positions differ)	n0*=cos.out(L0,·)
MISMATCH	w105:602	out[0] max|delta|=9.223e+18 (rtol=0.01 atol=0.001)	n0*=bitwise_left_shift.Tensor_Scalar_out(L0,·,·)
MISMATCH	w105:605	out[0] max|delta|=9.223e+18 (rtol=0.01 atol=0.001)	n0*=bitwise_left_shift.Tensor_out(L0,L1,·)
MISMATCH	w105:61	out[0] max|delta|=5.139e+00 (rtol=0.01 atol=0.001)	n0*=sub.out(L0,L1,·,·)
MISMATCH	w105:612	out[0] non-finite mismatch (nan/inf positions differ)	n0*=logit.out(L0,·,·)
MISMATCH	w105:637	out[0] non-finite mismatch (nan/inf positions differ)	n0*=logit(L0,·)
MISMATCH	w105:638	out[0] non-finite mismatch (nan/inf positions differ)	n0*=gelu.out(L0,·,·)
MISMATCH	w105:639	out[0] max|delta|=7.772e+00 (rtol=0.01 atol=0.001)	n0*=rsub.Scalar(L0,·,·)
MISMATCH	w105:640	out[0] non-finite mismatch (nan/inf positions differ)	n0*=bmm.out(L0,L1,·)
MISMATCH	w105:655	out[0] max|delta|=7.842e-01 (rtol=0.01 atol=0.001)	n0*=atan.out(L0,·)
MISMATCH	w105:658	out[0] max|delta|=3.680e+04 (rtol=0.01 atol=0.001)	n0*=_native_batch_norm_legit.no_stats(L0,·,·,·,·,·)
SKIP	w105:660	executor ExecutorchInvalidArgumentException: [ExecuTorch Error 0x12] Invalid argument: Execution failed for method: forward	n0*=native_group_norm(L0,·,·,·,·,·,·,·)
SKIP	w105:663	executor ExecutorchInvalidArgumentException: [ExecuTorch Error 0x12] Invalid argument: Execution failed for method: forward	n0*=_pdist_forward(L0,·)
MISMATCH	w105:670	out[0] non-finite mismatch (nan/inf positions differ)	n0*=sin.out(L0,·)
MISMATCH	w105:676	out[0] non-finite mismatch (nan/inf positions differ)	n0*=log.out(L0,·)
SKIP	w105:691	executor ExecutorchRuntimeException: [ExecuTorch Error 0x14] Operator missing: Execution failed for method: forward	n0*=_fft_r2c(L0,·,·,·)
SKIP	w105:7	executor ExecutorchRuntimeException: [ExecuTorch Error 0x14] Operator missing: Execution failed for method: forward	n0*=_fft_r2c(L0,·,·,·)
MISMATCH	w105:70	out[0] max|delta|=1.441e+17 (rtol=0.0 atol=0.0)	n0*=bitwise_left_shift.Tensor_Scalar(L0,·)
MISMATCH	w105:730	out[0] non-finite mismatch (nan/inf positions differ)	n0*=mm.out(L0,L1,·)
MISMATCH	w105:735	out[0] non-finite mismatch (nan/inf positions differ)	n0*=elu.out(L0,·,·,·,·)
MISMATCH	w105:750	out[0] non-finite mismatch (nan/inf positions differ)	n0*=pow.Tensor_Tensor_out(L0,L1,·)
MISMATCH	w105:754	out[0] max|delta|=1.441e+17 (rtol=0.0 atol=0.0)	n0*=bitwise_left_shift.Tensor_Scalar(L0,·)
MISMATCH	w105:766	out[0] non-finite mismatch (nan/inf positions differ)	n0*=exp.out(L0,·)
MISMATCH	w105:82	out[0] non-finite mismatch (nan/inf positions differ)	n0*=exp.out(L0,·)
MISMATCH	w106:11	out[0] max|delta|=6.918e+18 (rtol=0.0 atol=0.0)	n0*=bitwise_left_shift.Tensor_out(L0,L1,·)
MISMATCH	w106:124	out[0] non-finite mismatch (nan/inf positions differ)	n0*=_softmax.out(L0,·,·,·)
MISMATCH	w106:140	out[0] non-finite mismatch (nan/inf positions differ)	n0*=_log_softmax.out(L0,·,·,·)
MISMATCH	w106:141	out[0] non-finite mismatch (nan/inf positions differ)	n0*=elu.out(L0,·,·,·,·)
MISMATCH	w106:18	out[0] non-finite mismatch (nan/inf positions differ)	n0*=logit.out(L0,·,·)
MISMATCH	w106:203	out[0] max|delta|=1.000e+00 (rtol=0.0 atol=0.0)	n0*=prod.int_out(L0,·,·,·,·)
SKIP	w106:212	executor ExecutorchInvalidArgumentException: [ExecuTorch Error 0x12] Invalid argument: Execution failed for method: forward	n0*=native_group_norm(L0,·,·,·,·,·,·,·)
MISMATCH	w106:221	out[0] non-finite mismatch (nan/inf positions differ)	n0*=cos.out(L0,·)
MISMATCH	w106:239	out[0] max|delta|=2.147e+09 (rtol=0.0 atol=0.0)	n0*=bitwise_left_shift.Tensor_out(L0,L1,·)
MISMATCH	w106:246	out[0] non-finite mismatch (nan/inf positions differ)	n0*=logit.out(L0,·,·)
SKIP	w106:258	executor ExecutorchRuntimeException: [ExecuTorch Error 0x1] Internal error: Execution failed for method: forward	n0*=copy(L0,L1,·)
MISMATCH	w106:266	out[0] max|delta|=2.530e+02 (rtol=0.0 atol=0.0)	n0*=bitwise_or.Scalar_out(L0,·,·)
MISMATCH	w106:271	out[0] non-finite mismatch (nan/inf positions differ)	n0*=logit(L0,·)
MISMATCH	w106:272	out[0] non-finite mismatch (nan/inf positions differ)	n0*=gelu.out(L0,·,·)
MISMATCH	w106:273	out[0] max|delta|=2.527e+00 (rtol=0.01 atol=0.001)	n0*=rsub.Scalar(L0,·,·)
MISMATCH	w106:274	out[0] non-finite mismatch (nan/inf positions differ)	n0*=bmm.out(L0,L1,·)
MISMATCH	w106:292	out[0] max|delta|=3.680e+04 (rtol=0.01 atol=0.001)	n0*=_native_batch_norm_legit.no_stats(L0,·,·,·,·,·)
SKIP	w106:294	executor ExecutorchInvalidArgumentException: [ExecuTorch Error 0x12] Invalid argument: Execution failed for method: forward	n0*=native_group_norm(L0,·,·,·,·,·,·,·)
SKIP	w106:297	executor ExecutorchInvalidArgumentException: [ExecuTorch Error 0x12] Invalid argument: Execution failed for method: forward	n0*=_pdist_forward(L0,·)
MISMATCH	w106:3	out[0] max|delta|=1.798e+00 (rtol=0.01 atol=0.001)	n0*=replication_pad2d.out(L0,·,·)
CRASH	w106:30	executor process died (native abort)	n0*=copy(L0,L1,·)
MISMATCH	w106:310	out[0] non-finite mismatch (nan/inf positions differ)	n0*=log.out(L0,·)
CRASH	w106:317	executor process died (native abort)	n0*=max_pool2d_with_indices_backward.grad_input(L0,L1,·,·,·,·,·,L2,L3)
SKIP	w106:319	executor ExecutorchInvalidArgumentException: [ExecuTorch Error 0x12] Invalid argument: Execution failed for method: forward	n0*=reflection_pad2d.out(L0,·,·)
SKIP	w106:325	executor ExecutorchRuntimeException: [ExecuTorch Error 0x14] Operator missing: Execution failed for method: forward	n0*=_fft_r2c(L0,·,·,·)
MISMATCH	w106:352	out[0] non-finite mismatch (nan/inf positions differ)	n0*=_softmax.out(L0,·,·,·)
MISMATCH	w106:364	out[0] non-finite mismatch (nan/inf positions differ)	n0*=mm.out(L0,L1,·)
MISMATCH	w106:367	out[0] max|delta|=1.000e+00 (rtol=0.01 atol=0.001)	n0*=bitwise_and.Scalar_out(L0,·,·)
MISMATCH	w106:368	out[0] non-finite mismatch (nan/inf positions differ)	n0*=_log_softmax.out(L0,·,·,·)
MISMATCH	w106:369	out[0] non-finite mismatch (nan/inf positions differ)	n0*=elu.out(L0,·,·,·,·)
MISMATCH	w106:379	out[0] max|delta|=9.000e+00 (rtol=0.0 atol=0.0)	n0*=sub.out(L0,L1,·,·)
MISMATCH	w106:381	out[0] max|delta|=6.000e+00 (rtol=0.0 atol=0.0)	n0*=remainder.Scalar(L0,·)
MISMATCH	w106:388	out[0] max|delta|=1.153e+18 (rtol=0.0 atol=0.0)	n0*=bitwise_left_shift.Tensor_Scalar(L0,·)
MISMATCH	w106:43	out[0] non-finite mismatch (nan/inf positions differ)	n0*=logit(L0,·)
MISMATCH	w106:44	out[0] non-finite mismatch (nan/inf positions differ)	n0*=gelu.out(L0,·,·)
SKIP	w106:440	executor ExecutorchInvalidArgumentException: [ExecuTorch Error 0x12] Invalid argument: Execution failed for method: forward	n0*=native_group_norm(L0,·,·,·,·,·,·,·)
MISMATCH	w106:449	out[0] non-finite mismatch (nan/inf positions differ)	n0*=cos.out(L0,·)
MISMATCH	w106:45	out[0] non-finite mismatch (nan/inf positions differ)	n0*=rsub.Scalar(L0,·,·)
MISMATCH	w106:464	out[0] non-finite mismatch (nan/inf positions differ)	n0*=bitwise_left_shift.Tensor_Scalar_out(L0,·,·)
MISMATCH	w106:467	out[0] max|delta|=2.147e+09 (rtol=0.0 atol=0.0)	n0*=bitwise_left_shift.Tensor_out(L0,L1,·)
MISMATCH	w106:474	out[0] non-finite mismatch (nan/inf positions differ)	n0*=logit.out(L0,·,·)
SKIP	w106:48	executor ExecutorchInvalidArgumentException: [ExecuTorch Error 0x12] Invalid argument: Execution failed for method: forward	n0*=reflection_pad2d(L0,·)
MISMATCH	w106:499	out[0] non-finite mismatch (nan/inf positions differ)	n0*=logit(L0,·)
MISMATCH	w106:500	out[0] non-finite mismatch (nan/inf positions differ)	n0*=gelu.out(L0,·,·)
MISMATCH	w106:501	out[0] max|delta|=2.313e+01 (rtol=0.01 atol=0.001)	n0*=rsub.Scalar(L0,·,·)
SKIP	w106:522	executor ExecutorchInvalidArgumentException: [ExecuTorch Error 0x12] Invalid argument: Execution failed for method: forward	n0*=native_group_norm(L0,·,·,·,·,·,·,·)
MISMATCH	w106:532	out[0] non-finite mismatch (nan/inf positions differ)	n0*=sin.out(L0,·)
MISMATCH	w106:538	out[0] non-finite mismatch (nan/inf positions differ)	n0*=log.out(L0,·)
SKIP	w106:553	executor ExecutorchRuntimeException: [ExecuTorch Error 0x14] Operator missing: Execution failed for method: forward	n0*=_fft_r2c(L0,·,·,·)
SKIP	w106:560	executor ExecutorchRuntimeException: [ExecuTorch Error 0x1] Internal error: Execution failed for method: forward	n0*=mean.out(L0,·,·,·,·)
SKIP	w106:565	executor ExecutorchRuntimeException: [ExecuTorch Error 0x1] Internal error: Execution failed for method: forward	n0*=repeat(L0,·)
MISMATCH	w106:597	out[0] non-finite mismatch (nan/inf positions differ)	n0*=elu.out(L0,·,·,·,·)
MISMATCH	w106:612	out[0] non-finite mismatch (nan/inf positions differ)	n0*=pow.Tensor_Tensor_out(L0,L1,·)
MISMATCH	w106:616	out[0] max|delta|=1.441e+17 (rtol=0.0 atol=0.0)	n0*=bitwise_left_shift.Tensor_Scalar(L0,·)
MISMATCH	w106:628	out[0] non-finite mismatch (nan/inf positions differ)	n0*=exp.out(L0,·)
SKIP	w106:66	executor ExecutorchInvalidArgumentException: [ExecuTorch Error 0x12] Invalid argument: Execution failed for method: forward	n0*=native_group_norm(L0,·,·,·,·,·,·,·)
SKIP	w106:668	executor ExecutorchInvalidArgumentException: [ExecuTorch Error 0x12] Invalid argument: Execution failed for method: forward	n0*=native_group_norm(L0,·,·,·,·,·,·,·)
SKIP	w106:69	executor ExecutorchInvalidArgumentException: [ExecuTorch Error 0x12] Invalid argument: Execution failed for method: forward	n0*=_pdist_forward(L0,·)
MISMATCH	w106:695	out[0] max|delta|=2.147e+09 (rtol=0.0 atol=0.0)	n0*=bitwise_left_shift.Tensor_out(L0,L1,·)
MISMATCH	w106:702	out[0] non-finite mismatch (nan/inf positions differ)	n0*=logit.out(L0,·,·)
MISMATCH	w106:714	out[0] max|delta|=1.164e+00 (rtol=0.01 atol=0.001)	n0*=copy(L0,L1,·)
MISMATCH	w106:722	out[0] max|delta|=2.530e+02 (rtol=0.0 atol=0.0)	n0*=bitwise_or.Scalar_out(L0,·,·)
MISMATCH	w106:727	out[0] non-finite mismatch (nan/inf positions differ)	n0*=logit(L0,·)
MISMATCH	w106:728	out[0] non-finite mismatch (nan/inf positions differ)	n0*=gelu.out(L0,·,·)
MISMATCH	w106:729	out[0] max|delta|=2.000e+01 (rtol=0.01 atol=0.001)	n0*=rsub.Scalar(L0,·,·)
SKIP	w106:732	executor ExecutorchInvalidArgumentException: [ExecuTorch Error 0x12] Invalid argument: Execution failed for method: forward	n0*=reflection_pad2d(L0,·)
MISMATCH	w106:741	out[0] max|delta|=4.000e+00 (rtol=0.0 atol=0.0)	n0*=remainder.Tensor_out(L0,L1,·)
SKIP	w106:750	executor ExecutorchInvalidArgumentException: [ExecuTorch Error 0x12] Invalid argument: Execution failed for method: forward	n0*=native_group_norm(L0,·,·,·,·,·,·,·)
SKIP	w106:753	executor ExecutorchInvalidArgumentException: [ExecuTorch Error 0x12] Invalid argument: Execution failed for method: forward	n0*=_pdist_forward(L0,·)
MISMATCH	w106:76	out[0] non-finite mismatch (nan/inf positions differ)	n0*=sin.out(L0,·)
MISMATCH	w106:760	out[0] non-finite mismatch (nan/inf positions differ)	n0*=sin.out(L0,·)
MISMATCH	w106:766	out[0] non-finite mismatch (nan/inf positions differ)	n0*=log.out(L0,·)
SKIP	w106:775	executor ExecutorchInvalidArgumentException: [ExecuTorch Error 0x12] Invalid argument: Execution failed for method: forward	n0*=reflection_pad2d.out(L0,·,·)
SKIP	w106:781	executor ExecutorchRuntimeException: [ExecuTorch Error 0x14] Operator missing: Execution failed for method: forward	n0*=_fft_r2c(L0,·,·,·)
MISMATCH	w106:8	out[0] max|delta|=4.612e+18 (rtol=0.01 atol=0.001)	n0*=bitwise_left_shift.Tensor_Scalar_out(L0,·,·)
MISMATCH	w106:82	out[0] non-finite mismatch (nan/inf positions differ)	n0*=log.out(L0,·)
SKIP	w106:91	executor ExecutorchInvalidArgumentException: [ExecuTorch Error 0x12] Invalid argument: Execution failed for method: forward	n0*=reflection_pad2d.out(L0,·,·)
SKIP	w106:97	executor ExecutorchRuntimeException: [ExecuTorch Error 0x14] Operator missing: Execution failed for method: forward	n0*=_fft_r2c(L0,·,·,·)
SKIP	w107:103	executor ExecutorchRuntimeException: [ExecuTorch Error 0x14] Operator missing: Execution failed for method: forward	n0*=_fft_r2c(L0,·,·,·)
MISMATCH	w107:114	out[0] non-finite mismatch (nan/inf positions differ)	n0*=rsqrt.out(L0,·)
MISMATCH	w107:127	out[0] max|delta|=6.400e+01 (rtol=0.0 atol=0.0)	n0*=bitwise_right_shift.Tensor_Scalar(L0,·)
MISMATCH	w107:142	out[0] non-finite mismatch (nan/inf positions differ)	n0*=mm.out(L0,L1,·)
MISMATCH	w107:146	out[0] non-finite mismatch (nan/inf positions differ)	n0*=_log_softmax.out(L0,·,·,·)
MISMATCH	w107:147	out[0] max|delta|=7.031e+00 (rtol=0.01 atol=0.001)	n0*=elu.out(L0,·,·,·,·)
MISMATCH	w107:16	out[0] max|delta|=5.000e+00 (rtol=0.01 atol=0.001)	n0*=bitwise_xor.Scalar_out(L0,·,·)
MISMATCH	w107:162	out[0] non-finite mismatch (nan/inf positions differ)	n0*=pow.Tensor_Tensor_out(L0,L1,·)
MISMATCH	w107:166	out[0] max|delta|=5.765e+17 (rtol=0.0 atol=0.0)	n0*=bitwise_left_shift.Tensor_Scalar(L0,·)
MISMATCH	w107:17	out[0] max|delta|=6.918e+18 (rtol=0.0 atol=0.0)	n0*=bitwise_left_shift.Tensor_out(L0,L1,·)
MISMATCH	w107:178	out[0] non-finite mismatch (nan/inf positions differ)	n0*=exp.out(L0,·)
SKIP	w107:218	executor ExecutorchInvalidArgumentException: [ExecuTorch Error 0x12] Invalid argument: Execution failed for method: forward	n0*=native_group_norm(L0,·,·,·,·,·,·,·)
MISMATCH	w107:227	out[0] non-finite mismatch (nan/inf positions differ)	n0*=cos.out(L0,·)
