job_id	out	verdict	required	mechanism	sample
w0:36	2	SIBLING_DEPENDENT	n4	ZEROED	eager=[1.0, 1.0] et=[0.0, 0.0]
w100:160	3	SIBLING_DEPENDENT	n4	REF-NONFINITE (filter)	eager=[nan, 1.542969] et=[inf, 1.542969]
w100:269	0	SIBLING_DEPENDENT	n7	ZEROED	eager=[-0.482491, 1.110353] et=[0.0, 0.0]
w100:284	1	SIBLING_DEPENDENT	n1	REF-NONFINITE (filter)	eager=[nan, -5.967278, nan, 0.462982] et=[nan, -5.96875, nan, 0.462891]
w100:443	0	SIBLING_DEPENDENT	n6	WRONG-VALUE	eager=[0.0, 0.0, 0.0, 0.0] et=[1.0, 0.0, 1.0, 0.0]
w100:723	1	COMPOSITIONAL	n2	SCALE:0	eager=[1.0, 0.0, 0.0, 0.0] et=[0.0, 1.0, 1.0, 1.0]
w100:76	0	COMPOSITIONAL	n2,n1	SCALE:0.5	eager=[1.268577] et=[0.634277]
w101:263	3	COMPOSITIONAL	n2,n3,n1	SCALE:0.5	eager=[2.0] et=[1.0]
w101:39	2	SIBLING_DEPENDENT	n3,n4	WRONG-VALUE	eager=[1.424285, 1.110353] et=[0.510128, 0.661114]
w101:410	0	SIBLING_DEPENDENT	n5	ZEROED	eager=[-0.266521, -0.495666] et=[0.0, 0.0]
w101:421	3	COMPOSITIONAL	n3	ZEROED	eager=[3.0] et=[0.0]
w101:440	1	COMPOSITIONAL	n1	WRONG-VALUE	eager=[0.527364, 0.872722, -1.400087, 1.404687] et=[0.527344, 0.872559, -1.400391, 1.404297]
w101:483	3	SIBLING_DEPENDENT	n3	NEAR-TOL (gate N>=5)	eager=[-1.0, -5.0, -1.0, -1.0] et=[-1.0, -5.0, -1.0, -1.0]
w101:701	2	COMPOSITIONAL	n5	SCALE:0.75	eager=[6.0] et=[4.5]
w102:100	0	COMPOSITIONAL	n3,n1,n2	ZEROED	eager=[1.0, 1.0, 1.0, 1.0] et=[0.0, 0.0, 0.0, 0.0]
w102:159	1	COMPOSITIONAL	n0	ZEROED	eager=[1.0] et=[0.0]
w102:576	3	COMPOSITIONAL	n4,n3	SCALE:0.506	eager=[0.158325] et=[0.080139]
w103:127	0	SIBLING_DEPENDENT	n4	REF-NONFINITE (filter)	eager=[nan] et=[65504.0]
w103:242	3	SIBLING_DEPENDENT	n2,n5	ZEROED	eager=[0.0, 1.110353, 0.934016, 1.163586] et=[0.0, 0.0, 0.0, 0.0]
w103:246	0	SIBLING_DEPENDENT	n7	ZEROED	eager=[1.0, 1.0, 1.0, 1.0] et=[-0.0, -0.0, -0.0, 0.0]
w103:272	2	COMPOSITIONAL	n2	NEAR-TOL (gate N>=5)	eager=[3.711239, 3.604401, 1.433443, -0.709254] et=[3.712891, 3.605469, 1.4375, -0.709473]
w103:383	0	COMPOSITIONAL	n1,n2	SCALE:0.499	eager=[1.865567] et=[0.931641]
w103:475	1	SIBLING_DEPENDENT	n3	ZEROED	eager=[-0.482491] et=[0.0]
w103:712	0	COMPOSITIONAL	n0	WRONG-VALUE	eager=[1.0, 1.0, -1.0, -1.000005] et=[1.0, 1.0, -1.0, -1.037109]
w104:185	0	SIBLING_DEPENDENT	n8	NONFINITE	eager=[-1.0, 1.0] et=[nan, nan]
w104:187	2	COMPOSITIONAL	n0,n4	SCALE:1.2	eager=[-0.419962] et=[-0.501953]
w104:767	4	SIBLING_DEPENDENT	n6	ZEROED	eager=[-0.501431, 1.352994] et=[0.0, 0.0]
w105:105	1	SIBLING_DEPENDENT	n2	ZEROED	eager=[-0.465497, 0.957294] et=[0.0, 0.0]
w105:145	1	SIBLING_DEPENDENT	n4	WRONG-VALUE	eager=[0.0, 0.0, 0.0] et=[1.0, 1.0, 1.0]
w105:249	1	COMPOSITIONAL	n1	NEAR-TOL (gate N>=5)	eager=[0.468501] et=[0.458984]
w105:285	2	SIBLING_DEPENDENT	n3	ZEROED	eager=[0.223743] et=[0.0]
w105:596	2	SIBLING_DEPENDENT	n6	ZEROED	eager=[1.167362, 3.064083, 0.690634, 4.306673] et=[0.0, 0.0, 0.0, 0.0]
w105:8	0	COMPOSITIONAL	n0	SCALE:1.17	eager=[-3.731423] et=[-4.367188]
w106:478	0	SIBLING_DEPENDENT	n9	NO-REPLAY	
w107:194	1	COMPOSITIONAL	n3,n0	SCALE:0.917	eager=[0.545738] et=[0.500488]
w107:543	2	SIBLING_DEPENDENT	n6	WRONG-VALUE	eager=[0.853516, -0.19165] et=[0.853516, -0.203125]
w107:656	0	COMPOSITIONAL	n0	SCALE:0.565	eager=[1.05957] et=[0.598145]
w107:89	1	SIBLING_DEPENDENT	n3,n7	SCALE:-1	eager=[3.0, 3.0, 3.0, 4.0] et=[-3.0, -3.0, -3.0, -4.0]
w108:400	0	SIBLING_DEPENDENT	n4	ZEROED	eager=[-1.15794, -0.166029, 1.306189, 0.973745] et=[0.0, 0.0, 0.0, 0.0]
w108:526	0	COMPOSITIONAL	n2,n3	SCALE:0	eager=[0.0, 1.0, 0.0, 0.0] et=[1.0, 0.0, 1.0, 1.0]
w109:327	0	SIBLING_DEPENDENT	n8,n12	ZEROED	eager=[0.5, 0.752195, 0.717889, 0.761984] et=[0.0, 0.0, 0.0, 0.0]
w109:58	0	COMPOSITIONAL	n1	WRONG-VALUE	eager=[0.0, 0.0, 0.0, 0.0] et=[1.029844, 1.029844, 1.029844, 1.029844]
w109:77	2	SIBLING_DEPENDENT	n7	REF-NONFINITE (filter)	eager=[1.286758, 0.585807, nan, 0.0] et=[1.287109, 0.585449, nan, 0.0]
w10:221	0	COMPOSITIONAL	n0	WRONG-VALUE	eager=[0.689453, -0.758301, -1.12793, 0.566406] et=[0.690918, -0.759277, -1.120117, 0.567871]
w10:761	3	COMPOSITIONAL	n1	SCALE:0.5	eager=[0.828125] et=[0.414062]
w110:126	2	COMPOSITIONAL	n10	WRONG-VALUE	eager=[0.0] et=[1.152921504606847e+18]
w110:495	0	COMPOSITIONAL	n0	WRONG-VALUE	eager=[1.0, 1.0, 1.0, 1.0] et=[1.0, 1.0, 1.0, 1.0]
w110:621	4	COMPOSITIONAL	n6	WRONG-VALUE	eager=[0.0] et=[1.0]
w111:17	3	SIBLING_DEPENDENT	n4	WRONG-VALUE	eager=[0.0, 0.0] et=[1.0, 0.0]
w111:550	3	SIBLING_DEPENDENT	n3	ZEROED	eager=[-0.482491, 1.110353, 0.934016, 1.163586] et=[0.0, 0.0, 0.0, 0.0]
w111:59	1	COMPOSITIONAL	n5	NONFINITE	eager=[-0.0, -0.0] et=[nan, nan]
w111:621	5	COMPOSITIONAL	n0	ZEROED	eager=[0.0, 0.0, 0.0, 0.0] et=[0.0, 0.0, 0.0, 0.0]
w111:645	2	SIBLING_DEPENDENT	n1	REF-NONFINITE (filter)	eager=[nan, 0.0] et=[0.0, 0.0]
w112:232	1	SIBLING_DEPENDENT	n7	WRONG-VALUE	eager=[0.0, 0.0] et=[1.0, 0.0]
w112:479	1	COMPOSITIONAL	n3	SCALE:0.485	eager=[0.520996] et=[0.252686]
w112:692	2	SIBLING_DEPENDENT	n6	REF-NONFINITE (filter)	eager=[nan, -0.167603, nan, 2.160156] et=[nan, -0.167603, nan, 2.158203]
w112:87	1	SIBLING_DEPENDENT	n1,n6	ZEROED	eager=[1.0] et=[0.0]
w113:293	1	COMPOSITIONAL	n5	ZEROED	eager=[0.766288, 0.761766, 0.334998, 0.831513] et=[0.0, 0.0, 0.0, 0.0]
w113:403	2	SIBLING_DEPENDENT	n6,n7	ZEROED	eager=[-1.0, -1.0, -1.0, -1.0] et=[0.0, 0.0, 0.0, 0.0]
w113:432	1	SIBLING_DEPENDENT	n3,n6	ZEROED	eager=[-3.0, -3.0, -3.0, 4.0] et=[0.0, 0.0, 0.0, 0.0]
w113:473	3	SIBLING_DEPENDENT	n2	ZEROED	eager=[0.881348, 0.881348, 0.0, 0.881348] et=[0.0, 0.0, 0.0, 0.0]
w113:674	1	SIBLING_DEPENDENT	n2,n7	WRONG-VALUE	eager=[-1.0, -1.0, -1.0, -2.0] et=[-2.0, -2.0, -2.0, -2.0]
w114:718	0	COMPOSITIONAL	n2,n0	ZEROED	eager=[0.280029, 0.110779] et=[0.0, 0.0]
w115:79	1	SIBLING_DEPENDENT	n1	REF-NONFINITE (filter)	eager=[nan] et=[65504.0]
w116:157	0	SIBLING_DEPENDENT	n7	ZEROED	eager=[0.068927, -0.158622, -0.133431] et=[0.0, 0.0, 0.0]
w116:338	0	SIBLING_DEPENDENT	n16	REF-NONFINITE (filter)	eager=[nan] et=[inf]
w116:399	0	SIBLING_DEPENDENT	n5	WRONG-VALUE	eager=[0.0, 0.0] et=[-3.0, -3.0]
w116:476	4	COMPOSITIONAL	n1	NEAR-TOL (gate N>=5)	eager=[-23.973745, -17.973745, 18.026255, 24.026255] et=[-23.986893, -17.986893, 18.013107, 24.013107]
w116:65	1	COMPOSITIONAL	n0,n3	NEAR-TOL (gate N>=5)	eager=[-0.25, -0.249999, 0.25, 0.250001] et=[-0.25, -0.245483, 0.25, 0.254639]
w116:657	0	SIBLING_DEPENDENT	n5	ZEROED	eager=[-1.098612, -1.098612, -1.098612, -1.098612] et=[0.0, 0.0, 0.0, 0.0]
w117:292	4	SIBLING_DEPENDENT	n7	SCALE:-0.00787	eager=[-122.552811, 282.029785] et=[0.964844, -2.220703]
w117:477	1	COMPOSITIONAL	n5,n6	WRONG-VALUE	eager=[-0.01217, 0.212029, 0.998639, 0.384649] et=[-0.011719, 0.211914, 0.998047, 0.386719]
w117:551	3	SIBLING_DEPENDENT	n2,n5	ZEROED	eager=[0.0, 1.0] et=[0.0, 0.0]
w118:301	0	SIBLING_DEPENDENT	n6	ZEROED	eager=[-1.0, 1.0, 1.0, -1.0] et=[0.0, 0.0, 0.0, 0.0]
w118:433	1	SIBLING_DEPENDENT	n2	ZEROED	eager=[0.0, -7.0] et=[0.0, 0.0]
w118:46	1	COMPOSITIONAL	n3	WRONG-VALUE	eager=[0.2625] et=[0.246094]
w118:466	3	SIBLING_DEPENDENT	n8	ZEROED	eager=[-0.482491, 1.110353] et=[0.0, 0.0]
w118:623	0	SIBLING_DEPENDENT	n7	REF-NONFINITE (filter)	eager=[nan, 0.949007, 1.03472] et=[0.0, 0.949219, 1.035156]
w119:33	0	SIBLING_DEPENDENT	n7	ZEROED	eager=[-0.585596, -0.612039, 0.965837, -1.49537] et=[0.0, 0.0, 0.0, 0.0]
w11:176	1	SIBLING_DEPENDENT	n5	ZEROED	eager=[-0.482491, -0.482491] et=[0.0, 0.0]
w11:442	1	COMPOSITIONAL	n2,n6	SCALE:-1.18	eager=[0.029404] et=[-0.03479]
w11:451	0	SIBLING_DEPENDENT	n7	ZEROED	eager=[1.0] et=[0.0]
w11:490	2	SIBLING_DEPENDENT	n7	ZEROED	eager=[1.0, 1.0, 1.0, 1.0] et=[0.0, 0.0, 0.0, 0.0]
w11:542	3	SIBLING_DEPENDENT	n4,n6	ZEROED	eager=[-27.587543, -5.551767, -4.670078] et=[0.0, 0.0, 0.0]
w120:103	1	SIBLING_DEPENDENT	n6	ZEROED	eager=[-1.15794, 0.918083, -1.016623, -0.422682] et=[0.0, 0.0, 0.0, 0.0]
w120:269	3	SIBLING_DEPENDENT	n2	ZEROED	eager=[0.002834] et=[0.0]
w120:675	0	SIBLING_DEPENDENT	n5	ZEROED	eager=[1.0] et=[0.0]
w121:108	2	SIBLING_DEPENDENT	n3	ZEROED	eager=[24.0, 69.0, -11.0, -71.0] et=[0.0, 0.0, 0.0, 0.0]
w121:247	1	SIBLING_DEPENDENT	n1,n7	WRONG-VALUE	eager=[-0.151869, 0.962017] et=[-0.151855, -4.039062]
w121:278	0	SIBLING_DEPENDENT	n9	WRONG-VALUE	eager=[-2.072266, 9.757812] et=[9984.0, 9984.0]
w121:325	2	SIBLING_DEPENDENT	n3	REF-NONFINITE (filter)	eager=[nan, nan, nan, nan] et=[0.0, 0.0, 0.0, 0.0]
w121:464	2	COMPOSITIONAL	n3	ZEROED	eager=[1.0] et=[0.0]
w121:588	0	COMPOSITIONAL	n0	NONFINITE	eager=[22.1875] et=[nan]
w121:628	0	SIBLING_DEPENDENT	n5	ZEROED	eager=[1.906777, 1.906777] et=[0.0, 0.0]
w121:718	4	SIBLING_DEPENDENT	n8	WRONG-VALUE	eager=[0.0, 0.0] et=[4.579633055454462e+18, 4.581551153489117e+18]
w122:439	0	SIBLING_DEPENDENT	n9	ZEROED	eager=[1.0, 1.0, 1.0] et=[0.0, 0.0, 0.0]
w122:517	0	COMPOSITIONAL	n1,n0	WRONG-VALUE	eager=[0.0, 0.0, 0.0, 0.0] et=[0.0, 0.0, 0.0, 0.0]
w122:702	2	SIBLING_DEPENDENT	n1	REF-NONFINITE (filter)	eager=[nan] et=[-65504.0]
w123:128	3	SIBLING_DEPENDENT	n4	ZEROED	eager=[-3.0, -3.0] et=[0.0, 0.0]
w123:323	1	SIBLING_DEPENDENT	n7	WRONG-VALUE	eager=[0.0, 0.0] et=[1.0, 1.0]
w123:49	0	SIBLING_DEPENDENT	n6,n7	ZEROED	eager=[0.88623, 0.982422] et=[0.0, 0.0]
w124:414	0	SIBLING_DEPENDENT	n4	REF-NONFINITE (filter)	eager=[nan, nan, nan] et=[0.0, 0.0, 0.0]
w124:469	3	COMPOSITIONAL	n4,n5	ZEROED	eager=[1.0] et=[0.0]
w124:557	2	COMPOSITIONAL	n0,n1	ZEROED	eager=[0.0, 0.0, 1.0, 1.0] et=[0.0, 0.0, 0.0, 0.0]
w125:517	0	SIBLING_DEPENDENT	n6	WRONG-VALUE	eager=[1.748751, 1.013815, 1.981464, 1.512754] et=[1.0, 1.0, 1.0, 1.0]
w125:77	1	SIBLING_DEPENDENT	n5	ZEROED	eager=[-0.465497, 0.957294] et=[0.0, 0.0]
w126:182	3	SIBLING_DEPENDENT	n2	WRONG-VALUE	eager=[1.0, 1.0, 1.0, 1.0] et=[1.187272, 1.342913, 1.771301, 1.37015]
w126:226	0	SIBLING_DEPENDENT	n5,n8	WRONG-VALUE	eager=[0.0, 1.0] et=[1.0, 1.0]
w126:255	4	SIBLING_DEPENDENT	n2,n6	ZEROED	eager=[0.588867] et=[0.0]
w126:279	0	COMPOSITIONAL	n0	ZEROED	eager=[0.517509, 0.110353] et=[0.0, 0.0]
w126:296	2	SIBLING_DEPENDENT	n6	REF-NONFINITE (filter)	eager=[nan] et=[65504.0]
w126:353	4	SIBLING_DEPENDENT	n4	ZEROED	eager=[0.0, 1.0, 1.0, 1.0] et=[0.0, 0.0, 0.0, 0.0]
w126:439	0	SIBLING_DEPENDENT	n4,n6	ZEROED	eager=[-0.482491, 0.627862, 1.561878, 2.725464] et=[0.0, 0.0, 0.0, 0.0]
w126:449	1	SIBLING_DEPENDENT	n4	ZEROED	eager=[0.693359, 0.693359] et=[0.0, 0.0]
w126:706	1	SIBLING_DEPENDENT	n7	ZEROED	eager=[-2.356194, -2.356194] et=[-0.0, -0.0]
w127:104	0	SIBLING_DEPENDENT	n5	ZEROED	eager=[0.0, 0.0, 0.0, 0.0] et=[0.0, 0.0, 0.0, 0.0]
w127:121	1	SIBLING_DEPENDENT	n7	ZEROED	eager=[1.0, 1.0] et=[0.0, 0.0]
w127:162	1	SIBLING_DEPENDENT	n7	REF-NONFINITE (filter)	eager=[nan, nan] et=[-inf, -inf]
w127:367	2	SIBLING_DEPENDENT	n5,n7	ZEROED	eager=[-1.15794, -0.909962, -0.414007, -0.166029] et=[0.0, 0.0, 0.0, 0.0]
w127:63	3	COMPOSITIONAL	n4	WRONG-VALUE	eager=[0.0] et=[24.0]
w127:663	2	COMPOSITIONAL	n8	NONFINITE	eager=[17.53125] et=[nan]
w12:176	1	SIBLING_DEPENDENT	n2	WRONG-VALUE	eager=[-2.282943, -0.167572, 3.690572, 1.470984] et=[-2.284577, -0.167558, 3.697182, 1.47063]
w12:215	1	SIBLING_DEPENDENT	n6	ZEROED	eager=[1.0, 1.0, 1.0, 1.0] et=[0.0, 0.0, 0.0, 0.0]
w12:292	1	SIBLING_DEPENDENT	n7	ZEROED	eager=[-0.465497, 0.957294, 0.833938, 0.992451] et=[0.0, 0.0, 0.0, 0.0]
w12:316	2	SIBLING_DEPENDENT	n6	SCALE:0.368	eager=[2.71875, 2.71875, 2.71875, 2.71875] et=[1.0, 1.0, 1.0, 1.0]
w12:358	0	COMPOSITIONAL	n0	REF-NONFINITE (filter)	eager=[nan] et=[-65504.0]
w12:366	1	COMPOSITIONAL	n2,n1,n0	ZEROED	eager=[1.0, 1.0] et=[0.0, 0.0]
w12:533	2	SIBLING_DEPENDENT	n12	ZEROED	eager=[9.0, 254.0, 4.0, 0.0] et=[0.0, 0.0, 0.0, 0.0]
w12:674	0	SIBLING_DEPENDENT	n4	ZEROED	eager=[-0.15794, -0.166029, 0.306189, 0.973745] et=[0.0, 0.0, 0.0, 0.0]
w13:162	0	SIBLING_DEPENDENT	n4	REF-NONFINITE (filter)	eager=[nan, 3.525391] et=[0.0, 3.523438]
w13:235	3	SIBLING_DEPENDENT	n2	WRONG-VALUE	eager=[0.0, 0.0, 0.0, 0.0] et=[0.0, 1.0, 1.0, 1.0]
w13:397	0	SIBLING_DEPENDENT	n5	ZEROED	eager=[-0.465497, 0.957294] et=[0.0, 0.0]
w13:639	0	SIBLING_DEPENDENT	n3	ZEROED	eager=[-0.482491] et=[0.0]
w14:14	2	SIBLING_DEPENDENT	n8,n11	ZEROED	eager=[1.0, 1.0, 1.0, 1.0] et=[0.0, 0.0, 0.0, 0.0]
w14:402	0	SIBLING_DEPENDENT	n5	ZEROED	eager=[-0.482491, 0.934016, 0.513757, 0.102609] et=[0.0, 0.0, 0.0, 0.0]
w14:459	2	SIBLING_DEPENDENT	n11	WRONG-VALUE	eager=[0.0, 1.0, 0.0, 0.0] et=[1.0, 1.0, 1.0, 1.0]
w14:460	0	SIBLING_DEPENDENT	n5	REF-NONFINITE (filter)	eager=[nan, 0.0] et=[0.0, 0.0]
w14:557	0	SIBLING_DEPENDENT	n5	ZEROED	eager=[-1.15794, -0.166029, 1.306189, 0.973745] et=[0.0, 0.0, 0.0, 0.0]
w14:571	2	COMPOSITIONAL	n3	WRONG-VALUE	eager=[-128.0, -128.0, -128.0, 0.0] et=[-5120.0, -5120.0, -5120.0, 2048.0]
w14:595	3	SIBLING_DEPENDENT	n7	WRONG-VALUE	eager=[0.0, 1.0, 1.0] et=[1.0, 1.0, 1.0]
w14:654	3	SIBLING_DEPENDENT	n2,n5	ZEROED	eager=[3.0, 3.0] et=[0.0, 0.0]
w14:79	0	COMPOSITIONAL	n0,n2	WRONG-VALUE	eager=[11.0, 2.0, 0.0, 0.0] et=[12.0, 3.0, 0.0, 0.0]
w15:380	3	SIBLING_DEPENDENT	n6	WRONG-VALUE	eager=[0.0, 0.0] et=[1.0, 1.0]
w15:633	2	SIBLING_DEPENDENT	n5	ZEROED	eager=[2.0, 2.0, 2.0, 2.0] et=[0.0, 0.0, 0.0, 0.0]
w15:775	0	SIBLING_DEPENDENT	n10	REF-NONFINITE (filter)	eager=[nan, nan, nan, nan] et=[0.0, 0.0, 0.0, 0.0]
w16:168	3	SIBLING_DEPENDENT	n3	WRONG-VALUE	eager=[112.122261] et=[120.5625]
w16:181	0	COMPOSITIONAL	n0	WRONG-VALUE	eager=[0.0] et=[1.0]
w16:21	0	SIBLING_DEPENDENT	n3,n7	ZEROED	eager=[0.60283, -0.806139, 1.17351, -0.835861] et=[0.0, 0.0, 0.0, 0.0]
w16:40	1	COMPOSITIONAL	n5	SCALE:0.857	eager=[7.0] et=[6.0]
w17:108	2	SIBLING_DEPENDENT	n8	ZEROED	eager=[-1.0, -4.0] et=[0.0, 0.0]
w17:758	2	SIBLING_DEPENDENT	n4,n7	ZEROED	eager=[1.0, 1.0, 1.0, 0.0] et=[0.0, 0.0, 0.0, 0.0]
w18:141	0	SIBLING_DEPENDENT	n5	ZEROED	eager=[-1.15794, -0.166029, 1.306189, 0.973745] et=[0.0, 0.0, 0.0, 0.0]
w18:185	4	SIBLING_DEPENDENT	n4	ZEROED	eager=[1.0, 1.0] et=[0.0, 0.0]
w18:506	1	COMPOSITIONAL	n1	ZEROED	eager=[0.0, 0.0, 0.0, 0.0] et=[0.0, 0.0, 0.0, 0.0]
w18:540	2	SIBLING_DEPENDENT	n4	REF-NONFINITE (filter)	eager=[nan] et=[65504.0]
w19:138	5	SIBLING_DEPENDENT	n2	ZEROED	eager=[6.0, 7.0, 7.0, 7.0] et=[0.0, 0.0, 0.0, 0.0]
w19:150	2	SIBLING_DEPENDENT	n6,n10	ZEROED	eager=[-1.777951, -0.185106] et=[0.0, 0.0]
w19:468	0	SIBLING_DEPENDENT	n8	REF-NONFINITE (filter)	eager=[nan, -0.167581, nan, 2.159911] et=[nan, -0.167603, nan, 2.158203]
w19:555	0	COMPOSITIONAL	n1	REF-NONFINITE (filter)	eager=[nan, 1.404297, nan, 0.229614] et=[nan, 1.404297, nan, 0.230103]
w19:575	2	COMPOSITIONAL	n5	REF-NONFINITE (filter)	eager=[-inf, -inf, -inf] et=[-103.25, -103.25, -103.25]
w19:654	1	SIBLING_DEPENDENT	n5	ZEROED	eager=[-3.0] et=[0.0]
w19:742	3	COMPOSITIONAL	n2	WRONG-VALUE	eager=[3.15625, 1.124023] et=[2.90625, 0.874023]
w1:440	3	COMPOSITIONAL	n4,n6	WRONG-VALUE	eager=[0.712987, 0.712987, 0.712987, 0.712987] et=[0.67865, 0.67865, 0.67865, 0.67865]
w1:489	5	SIBLING_DEPENDENT	n6	ZEROED	eager=[-0.523782, 2.016127, 1.35217] et=[0.0, 0.0, 0.0]
w1:781	1	SIBLING_DEPENDENT	n7	ZEROED	eager=[-3.0, -3.0, -3.0, 4.0] et=[0.0, 0.0, 0.0, 0.0]
w1:8	3	SIBLING_DEPENDENT	n3	ZEROED	eager=[-0.279669, -0.420609] et=[0.0, 0.0]
w20:189	3	SIBLING_DEPENDENT	n2	REF-NONFINITE (filter)	eager=[nan, nan, nan, nan] et=[0.0, 0.0, 0.0, 0.0]
w20:286	3	COMPOSITIONAL	n0	WRONG-VALUE	eager=[0.671731, -0.81186, -1.016623, -1.520602] et=[0.671731, -0.81186, -1.016623, -1.520602]
w20:750	0	COMPOSITIONAL	n0,n1	WRONG-VALUE	eager=[1.0, 0.0] et=[1.0, 1.0]
w21:281	0	SIBLING_DEPENDENT	n7	REF-NONFINITE (filter)	eager=[nan, nan, nan, nan] et=[0.0, 0.0, 0.0, 0.0]
w21:454	0	COMPOSITIONAL	n0	WRONG-VALUE	eager=[0.0, 0.0, 0.0] et=[1.0, 1.0, 1.0]
w22:257	0	COMPOSITIONAL	n2,n3,n0	WRONG-VALUE	eager=[0.0, 0.0, 0.0, 0.0] et=[2147483648.0, 2147483648.0, 0.0, 2147483648.0]
w22:623	0	SIBLING_DEPENDENT	n5	WRONG-VALUE	eager=[-1.091797, 0.429443] et=[-1.084961, 0.451416]
w23:306	1	COMPOSITIONAL	n1	SCALE:0.751	eager=[0.048664] et=[0.03653]
w23:684	0	SIBLING_DEPENDENT	n3	ZEROED	eager=[1.0, 1.0] et=[0.0, 0.0]
w23:709	2	COMPOSITIONAL	n4	REF-NONFINITE (filter)	eager=[nan, nan, nan, nan] et=[nan, nan, nan, nan]
w23:87	1	COMPOSITIONAL	n2	WRONG-VALUE	eager=[0.0] et=[65504.0]
w24:208	0	COMPOSITIONAL	n0,n1	WRONG-VALUE	eager=[0.0, 0.0, 0.0, 0.0] et=[1.0, 0.0, 0.0, 0.0]
w24:361	2	COMPOSITIONAL	n4	ZEROED	eager=[1.0, 1.0] et=[0.0, 0.0]
w24:584	2	COMPOSITIONAL	n1,n2	NEAR-TOL (gate N>=5)	eager=[0.948179, 1.70613, 0.948179, 1.70613] et=[0.947266, 1.706055, 0.947266, 1.706055]
w24:604	0	COMPOSITIONAL	n0	SCALE:0.75	eager=[-0.152914] et=[-0.114746]
w24:642	2	SIBLING_DEPENDENT	n5	WRONG-VALUE	eager=[0.0, 0.0] et=[1.0, 1.0]
w24:689	2	COMPOSITIONAL	n0,n2	WRONG-VALUE	eager=[0.0, 0.0] et=[2.0, 2.0]
w25:48	2	SIBLING_DEPENDENT	n5	REF-NONFINITE (filter)	eager=[1.129043, nan, 1.855093, 2.370442] et=[1.129883, nan, 1.855469, 2.369141]
w25:583	2	COMPOSITIONAL	n3	NONFINITE	eager=[17429.076172] et=[nan]
w26:278	0	SIBLING_DEPENDENT	n5	REF-NONFINITE (filter)	eager=[nan] et=[-0.167847]
w26:312	1	SIBLING_DEPENDENT	n2	ZEROED	eager=[3.0, 2.0] et=[0.0, 0.0]
w26:405	0	COMPOSITIONAL	n0	NEAR-TOL (gate N>=5)	eager=[0.0, 0.0, 1.0, 1.000003] et=[0.0, 0.0, 1.0, 1.018555]
w26:510	2	SIBLING_DEPENDENT	n2	ZEROED	eager=[-1.0, -1.0, -1.0, 6.0] et=[0.0, 0.0, 0.0, 0.0]
w26:594	3	SIBLING_DEPENDENT	n8	ZEROED	eager=[3.0, 57.0, -39.0, -111.0] et=[0.0, 0.0, 0.0, 0.0]
w26:663	0	SIBLING_DEPENDENT	n6	REF-NONFINITE (filter)	eager=[nan] et=[-65504.0]
w26:712	2	SIBLING_DEPENDENT	n7	REF-NONFINITE (filter)	eager=[-inf, inf] et=[0.0, 0.0]
w27:300	1	COMPOSITIONAL	n5,n2	SCALE:0.0782	eager=[-0.007024, -0.007024] et=[-0.000549, -0.000549]
w28:196	1	COMPOSITIONAL	n1	WRONG-VALUE	eager=[0.0, 0.0] et=[2.0, 0.0]
w28:216	1	SIBLING_DEPENDENT	n2	ZEROED	eager=[3.0] et=[0.0]
w28:56	1	SIBLING_DEPENDENT	n2	NONFINITE	eager=[0.0, 0.0] et=[nan, nan]
w28:678	3	SIBLING_DEPENDENT	n3	ZEROED	eager=[-1.15794, -0.166029, 1.306189, 0.973745] et=[0.0, 0.0, 0.0, 0.0]
w29:492	0	SIBLING_DEPENDENT	n4,n7	SCALE:3	eager=[1.0, 1.0] et=[3.0, 3.0]
w29:576	5	SIBLING_DEPENDENT	n2	ZEROED	eager=[1.0] et=[0.0]
w29:80	1	SIBLING_DEPENDENT	n7	ZEROED	eager=[1.517509, 1.110353] et=[0.0, 0.0]
w2:247	0	COMPOSITIONAL	n2,n1	NONFINITE	eager=[0.0] et=[nan]
w2:99	0	SIBLING_DEPENDENT	n7	WRONG-VALUE	eager=[0.0, 1.0] et=[1.0, 1.0]
w30:117	1	SIBLING_DEPENDENT	n2	ZEROED	eager=[2.526731, -0.257111] et=[0.0, 0.0]
w30:301	0	COMPOSITIONAL	n0	WRONG-VALUE	eager=[0.141593, 0.244979] et=[0.0, 0.244995]
w30:477	3	SIBLING_DEPENDENT	n6	ZEROED	eager=[-3.0, -3.0] et=[0.0, 0.0]
w30:507	0	COMPOSITIONAL	n0	WRONG-VALUE	eager=[0.0, 0.0, 0.0, 0.0] et=[-0.125, -0.125, -0.125, -0.125]
w31:162	1	COMPOSITIONAL	n1	WRONG-VALUE	eager=[-7.719863, 0.0, 0.0, 0.0] et=[-8.201241, 1.110353, 0.934016, 1.163586]
w31:167	1	COMPOSITIONAL	n1	WRONG-VALUE	eager=[-0.266602, -0.0] et=[-0.266602, -0.495605]
w31:327	1	COMPOSITIONAL	n2	WRONG-VALUE	eager=[-4.635934] et=[-4.816406]
w31:374	2	COMPOSITIONAL	n3	ZEROED	eager=[0.0, 1.0, 1.0, 1.0] et=[0.0, 0.0, 0.0, 0.0]
w31:393	1	COMPOSITIONAL	n0	REF-NONFINITE (filter)	eager=[nan, nan, nan, nan] et=[nan, nan, nan, -1.301758]
w31:557	0	COMPOSITIONAL	n0	WRONG-VALUE	eager=[0.0, 0.0] et=[1.0, 1.0]
w31:738	0	SIBLING_DEPENDENT	n6	ZEROED	eager=[128.0] et=[0.0]
w33:0	1	SIBLING_DEPENDENT	n3	REF-NONFINITE (filter)	eager=[nan, 1.0] et=[0.0, 1.0]
w33:123	0	COMPOSITIONAL	n0,n1	SCALE:6.87	eager=[0.561682] et=[3.857422]
w33:54	1	SIBLING_DEPENDENT	n1	ZEROED	eager=[-1.15794, -0.166029, 0.054025, 0.973745] et=[0.0, 0.0, 0.0, 0.0]
w33:721	0	SIBLING_DEPENDENT	n2,n7	ZEROED	eager=[-0.482491, -0.482491] et=[0.0, 0.0]
w34:238	0	SIBLING_DEPENDENT	n3	WRONG-VALUE	eager=[0.0, 0.0, 0.0, 0.0] et=[1.0, 1.0, 1.0, 1.0]
w34:471	0	SIBLING_DEPENDENT	n3	REF-NONFINITE (filter)	eager=[nan, 0.0] et=[0.0, 0.0]
w34:514	1	COMPOSITIONAL	n2,n3,n1	ZEROED	eager=[1.0, 1.0, 1.0, 1.0] et=[0.0, 0.0, 0.0, 0.0]
w34:589	2	SIBLING_DEPENDENT	n4	ZEROED	eager=[-7.177402, -7.66986, 9.120015, -5.045717] et=[0.0, 0.0, 0.0, 0.0]
w34:661	0	COMPOSITIONAL	n4	ZEROED	eager=[0.517509] et=[0.0]
w35:132	0	SIBLING_DEPENDENT	n6	ZEROED	eager=[-0.482491, 0.110353] et=[0.0, 0.0]
w35:175	1	COMPOSITIONAL	n2	SCALE:0.5	eager=[0.66653] et=[0.333496]
w35:18	2	SIBLING_DEPENDENT	n8	REF-NONFINITE (filter)	eager=[inf, inf] et=[0.0, 0.0]
w35:295	2	COMPOSITIONAL	n1	SCALE:0.5	eager=[-0.0, -0.0, -0.0, -0.0] et=[-0.045593, -0.270264, -0.01017, -0.060242]
w35:323	0	COMPOSITIONAL	n4,n1,n0,n2	NONFINITE	eager=[0.0, 0.0, 0.0, 0.0] et=[0.149414, -0.753418, 0.14856, 1.578125]
w35:479	2	COMPOSITIONAL	n2	WRONG-VALUE	eager=[-51.991756, -51.991756, -51.991756, -8.882828] et=[-1.53125, -1.53125, -1.53125, 1.110352]
w35:519	1	SIBLING_DEPENDENT	n3	ZEROED	eager=[4.517509, 0.513757, 4.20708] et=[0.0, 0.0, 0.0]
w35:665	2	SIBLING_DEPENDENT	n7	WRONG-VALUE	eager=[2.81691, 2.81691, 2.81691] et=[1.137842, -1.644445, -0.684738]
w36:188	3	COMPOSITIONAL	n1	WRONG-VALUE	eager=[1.0, 0.0, -2.0, -1.0] et=[2.0, 0.0, -2.0, -1.0]
w36:420	1	SIBLING_DEPENDENT	n7	REF-NONFINITE (filter)	eager=[-inf, -inf, -inf, -inf] et=[0.0, 0.0, 0.0, 0.0]
w36:526	3	COMPOSITIONAL	n3,n0	REF-NONFINITE (filter)	eager=[nan, -0.0, 0.0, 0.0] et=[nan, 0.0, 0.001694, 0.0]
w36:688	1	SIBLING_DEPENDENT	n6	WRONG-VALUE	eager=[0.0, 0.0] et=[1.0, 0.0]
w36:732	2	COMPOSITIONAL	n6,n2	NEAR-TOL (gate N>=5)	eager=[2.605469] et=[2.568359]
w36:769	0	SIBLING_DEPENDENT	n13	ZEROED	eager=[-1.0, -0.0, 2.0, 1.0] et=[0.0, 0.0, 0.0, 0.0]
w37:113	2	COMPOSITIONAL	n4	SCALE:0.5	eager=[0.309326] et=[0.154663]
w37:316	0	COMPOSITIONAL	n3	SCALE:0.5	eager=[0.859723] et=[0.429443]
w37:364	2	SIBLING_DEPENDENT	n1,n6	ZEROED	eager=[1.0, 1.0, 1.0] et=[0.0, 0.0, 0.0]
w37:712	2	COMPOSITIONAL	n0,n1	WRONG-VALUE	eager=[0.0, 0.0] et=[0.0, 1.4411518807585587e+17]
w37:740	3	SIBLING_DEPENDENT	n9	REF-NONFINITE (filter)	eager=[-inf] et=[-65504.0]
w38:138	0	COMPOSITIONAL	n0	ZEROED	eager=[0.477556, 0.109909] et=[0.0, 0.0]
w38:292	0	COMPOSITIONAL	n0,n1	WRONG-VALUE	eager=[1.287109] et=[1.233398]
w38:323	1	COMPOSITIONAL	n2,n1	SCALE:2	eager=[1.0] et=[2.0]
w38:438	1	SIBLING_DEPENDENT	n2,n8	ZEROED	eager=[-0.523926, -0.523926] et=[0.0, 0.0]
w38:488	2	COMPOSITIONAL	n2	WRONG-VALUE	eager=[0.0] et=[65504.0]
w38:745	0	SIBLING_DEPENDENT	n4	REF-NONFINITE (filter)	eager=[nan, nan, nan, nan] et=[-inf, -inf, -inf, -inf]
w39:244	2	SIBLING_DEPENDENT	n9	ZEROED	eager=[5.0, 5.0] et=[0.0, 0.0]
w39:426	1	SIBLING_DEPENDENT	n1	ZEROED	eager=[-3.0, -3.0, -3.0, 4.0] et=[0.0, 0.0, 0.0, 0.0]
w39:570	1	SIBLING_DEPENDENT	n6	ZEROED	eager=[-0.482491, 1.110353, 1.110353, 0.934016] et=[0.0, 0.0, 0.0, 0.0]
w3:147	4	SIBLING_DEPENDENT	n3	ZEROED	eager=[4.0, 4.0, 4.0, 4.0] et=[0.0, 0.0, 0.0, 0.0]
w3:174	1	SIBLING_DEPENDENT	n6	NONFINITE	eager=[-0.093223, -0.125984] et=[0.64565, nan]
w3:221	1	SIBLING_DEPENDENT	n7	REF-NONFINITE (filter)	eager=[nan, nan, 1.06539, nan] et=[nan, nan, 1.06543, nan]
w3:347	0	SIBLING_DEPENDENT	n8	WRONG-VALUE	eager=[4.5, 4.5, 4.5, -6.0] et=[20.5, 4.5, 4.5, -6.0]
w3:586	3	SIBLING_DEPENDENT	n1	REF-NONFINITE (filter)	eager=[nan, 0.465578] et=[1.0, 0.0]
w40:211	1	SIBLING_DEPENDENT	n6	REF-NONFINITE (filter)	eager=[nan, 2.0, nan, 2.0] et=[inf, 2.0, inf, 2.0]
w40:31	5	SIBLING_DEPENDENT	n3,n5	ZEROED	eager=[0.485005] et=[0.0]
w40:646	0	COMPOSITIONAL	n2	WRONG-VALUE	eager=[0.0] et=[-0.125]
w40:761	1	SIBLING_DEPENDENT	n3	SCALE:0.901	eager=[1.110353] et=[1.0]
w41:234	2	SIBLING_DEPENDENT	n8	ZEROED	eager=[2.0, 2.0, 2.0, 2.0] et=[0.0, 0.0, 0.0, 0.0]
w41:244	1	SIBLING_DEPENDENT	n3	REF-NONFINITE (filter)	eager=[nan, 2.425781, 1.362305, 1.678711] et=[0.0, 2.425781, 1.362305, 1.679688]
w41:257	0	COMPOSITIONAL	n2,n0,n1	ZEROED	eager=[32.0, 16.0, 24.0, 0.0] et=[0.0, 0.0, 0.0, 0.0]
w41:738	0	COMPOSITIONAL	n0,n1	NEAR-TOL (gate N>=5)	eager=[0.499381, 0.1185, 0.000909, 0.017868] et=[0.499381, 0.1185, 0.000909, 0.017868]
w41:764	3	COMPOSITIONAL	n2,n0	REF-NONFINITE (filter)	eager=[7.625, nan] et=[7.53125, nan]
w42:110	2	SIBLING_DEPENDENT	n2,n5	WRONG-VALUE	eager=[1.0, 1.0, 1.0, 1.0] et=[1.0, 0.0, 1.0, 0.0]
w42:125	0	COMPOSITIONAL	n3,n4,n5	ZEROED	eager=[2.0] et=[0.0]
w42:214	4	SIBLING_DEPENDENT	n3,n5	WRONG-VALUE	eager=[-0.382756, 2.035431] et=[-8.0, 1.906777]
w42:325	0	SIBLING_DEPENDENT	n6	WRONG-VALUE	eager=[-0.523782, 0.725845, 112.122261, -0.441937] et=[-0.523926, 0.726074, 120.5625, -0.440674]
w42:414	0	SIBLING_DEPENDENT	n6	REF-NONFINITE (filter)	eager=[nan] et=[0.0]
w42:445	1	COMPOSITIONAL	n4	ZEROED	eager=[3.703462, 0.212587] et=[0.0, 0.0]
w42:511	0	SIBLING_DEPENDENT	n6,n7	ZEROED	eager=[0.600747, -0.314404, 0.830765, -0.021883] et=[0.0, 0.0, 0.0, 0.0]
w42:670	1	SIBLING_DEPENDENT	n4	REF-NONFINITE (filter)	eager=[nan, 0.899902] et=[-1.570312, 0.899902]
w42:693	2	COMPOSITIONAL	n5	ZEROED	eager=[1.862305] et=[0.0]
w42:751	1	SIBLING_DEPENDENT	n5	WRONG-VALUE	eager=[-1.0, -0.001017] et=[-0.999023, 0.0]
w43:198	3	COMPOSITIONAL	n2	ZEROED	eager=[1.0] et=[0.0]
w43:303	0	COMPOSITIONAL	n1	SCALE:0.632	eager=[0.838379] et=[0.530273]
w43:630	4	SIBLING_DEPENDENT	n6	REF-NONFINITE (filter)	eager=[nan] et=[2.0]
w43:643	1	SIBLING_DEPENDENT	n7	ZEROED	eager=[0.0, 0.0, 0.0, 1.0] et=[0.0, 0.0, 0.0, 0.0]
w44:181	2	COMPOSITIONAL	n7	WRONG-VALUE	eager=[0.0] et=[1.0]
w44:437	1	SIBLING_DEPENDENT	n11	ZEROED	eager=[-1.0, -1.0, -1.0, -2.0] et=[0.0, 0.0, 0.0, 0.0]
w44:585	1	SIBLING_DEPENDENT	n5	SCALE:0	eager=[1.0, 1.0, 0.0, 1.0] et=[0.0, 0.0, 1.0, 0.0]
w44:655	2	SIBLING_DEPENDENT	n9	REF-NONFINITE (filter)	eager=[nan] et=[65504.0]
w45:394	2	SIBLING_DEPENDENT	n2	REF-NONFINITE (filter)	eager=[nan, -3.955078, -0.029648] et=[nan, nan, nan]
w46:181	1	COMPOSITIONAL	n9,n8	ZEROED	eager=[-1.0, 1.0] et=[0.0, 0.0]
w46:661	0	SIBLING_DEPENDENT	n7	ZEROED	eager=[2.526731] et=[0.0]
w47:168	1	COMPOSITIONAL	n4	ZEROED	eager=[1.0] et=[0.0]
w47:320	0	COMPOSITIONAL	n0	WRONG-VALUE	eager=[0.0, -1.0] et=[-1.0, -1.0]
w47:340	1	COMPOSITIONAL	n1,n2	SCALE:0.5	eager=[1.354786] et=[0.677734]
w47:599	1	COMPOSITIONAL	n2	SCALE:2	eager=[0.0, 0.0, 1.0, 1.0] et=[0.0, 0.0, 2.0, 2.0]
w47:679	3	SIBLING_DEPENDENT	n5	ZEROED	eager=[-0.518599, 0.625978, 0.718737, 0.059173] et=[0.0, 0.0, 0.0, 0.0]
w47:7	2	SIBLING_DEPENDENT	n3	ZEROED	eager=[1.0] et=[0.0]
w47:769	0	SIBLING_DEPENDENT	n5	ZEROED	eager=[0.0, 0.0, 0.0, 1.0] et=[0.0, 0.0, 0.0, 0.0]
w48:475	0	SIBLING_DEPENDENT	n7	REF-NONFINITE (filter)	eager=[nan, nan, 0.26709, -0.026611] et=[-inf, -inf, -inf, -inf]
w48:51	1	COMPOSITIONAL	n2	NEAR-TOL (gate N>=5)	eager=[0.524414] et=[0.512207]
w49:127	2	COMPOSITIONAL	n2,n3	WRONG-VALUE	eager=[0.995679, 0.850892, -0.614264, 0.850395] et=[0.996094, 0.851074, -0.484619, 0.850098]
w49:158	0	SIBLING_DEPENDENT	n6,n9	ZEROED	eager=[0.617244, 3.035431] et=[0.0, 0.0]
w49:253	0	SIBLING_DEPENDENT	n7	SCALE:-1	eager=[-1.0] et=[1.0]
w49:342	0	SIBLING_DEPENDENT	n2	NEAR-TOL (gate N>=5)	eager=[-0.86377, -0.755371, -56.25, 1.045898] et=[-0.863281, -0.753906, -57.125, 1.046875]
w4:561	4	COMPOSITIONAL	n2	REF-NONFINITE (filter)	eager=[inf, inf, 4.9e-05, 0.000286] et=[inf, inf, 0.200938, 1.173894]
w50:411	0	COMPOSITIONAL	n0	REF-NONFINITE (filter)	eager=[nan, nan, 0.763672, nan] et=[nan, nan, 0.76416, nan]
w50:615	1	SIBLING_DEPENDENT	n9	ZEROED	eager=[-324.0] et=[0.0]
w50:752	0	SIBLING_DEPENDENT	n6	WRONG-VALUE	eager=[-1.15794, -0.166029, 1.306189, 0.973745] et=[1.749128, 1.013812, 1.982236, 1.512627]
w51:124	0	COMPOSITIONAL	n2,n0,n1	ZEROED	eager=[0.995117] et=[0.0]
w51:194	2	SIBLING_DEPENDENT	n5,n8	REF-NONFINITE (filter)	eager=[nan, -0.0, -0.0, 0.0] et=[nan, nan, nan, nan]
w51:311	2	COMPOSITIONAL	n3	WRONG-VALUE	eager=[3.37037] et=[3.246094]
w51:316	2	COMPOSITIONAL	n1	NONFINITE	eager=[0.0, -1.0, -1.0, 0.0] et=[nan, -1.0, -1.0, nan]
w51:43	1	SIBLING_DEPENDENT	n9	WRONG-VALUE	eager=[0.0, 0.0, 0.0, 0.0] et=[1.0, 1.0, 1.0, 1.0]
w51:637	2	COMPOSITIONAL	n3	ZEROED	eager=[0.0, 0.996094] et=[0.0, 0.0]
w52:399	3	SIBLING_DEPENDENT	n6	ZEROED	eager=[3.0] et=[0.0]
w52:443	0	COMPOSITIONAL	n0	SCALE:0.75	eager=[0.611654] et=[0.458984]
w52:766	1	SIBLING_DEPENDENT	n6	WRONG-VALUE	eager=[0.398518, 8.307813] et=[-0.919922, 0.060791]
w52:767	2	SIBLING_DEPENDENT	n3	REF-NONFINITE (filter)	eager=[nan, 1.026367] et=[0.0, 1.026367]
w53:262	2	SIBLING_DEPENDENT	n3	NONFINITE	eager=[0.000363, 0.003678, 0.736116, 806424.375] et=[0.0, 0.0, 0.736328, inf]
w53:296	4	SIBLING_DEPENDENT	n2	ZEROED	eager=[-1.0, -1.0] et=[0.0, 0.0]
w53:413	1	COMPOSITIONAL	n2	ZEROED	eager=[1.0] et=[0.0]
w53:494	0	COMPOSITIONAL	n1,n2	WRONG-VALUE	eager=[0.249778, 0.182438, 0.892481, 1.593169] et=[0.251731, 0.166813, 0.894434, 1.577544]
w53:65	3	SIBLING_DEPENDENT	n2	WRONG-VALUE	eager=[0.0, 0.0, 0.0] et=[1.0, 1.0, 1.0]
w53:678	1	COMPOSITIONAL	n0	WRONG-VALUE	eager=[3.141593, 0.244979] et=[0.0, 0.244995]
w54:221	0	SIBLING_DEPENDENT	n6,n8	SCALE:1.59	eager=[0.627862] et=[1.0]
w54:324	4	SIBLING_DEPENDENT	n2,n8	ZEROED	eager=[-0.658729, 0.746855] et=[0.0, 0.0]
w54:592	0	COMPOSITIONAL	n1,n0	ZEROED	eager=[0.517509, 0.110353] et=[0.0, 0.0]
w55:103	2	SIBLING_DEPENDENT	n2	WRONG-VALUE	eager=[-3.330003, -1.560814, -3.096314, -3.189049] et=[6.0, 6.0, 6.0, 6.0]
w55:129	0	SIBLING_DEPENDENT	n6	REF-NONFINITE (filter)	eager=[nan] et=[-65504.0]
w55:353	2	SIBLING_DEPENDENT	n4	ZEROED	eager=[0.500386] et=[0.0]
w55:464	3	SIBLING_DEPENDENT	n5	ZEROED	eager=[4.0, 4.0, 4.0, 4.0] et=[0.0, 0.0, 0.0, 0.0]
w55:512	0	SIBLING_DEPENDENT	n6	ZEROED	eager=[-0.329365, 0.373428] et=[0.0, 0.0]
w55:643	1	COMPOSITIONAL	n2	WRONG-VALUE	eager=[1.0, 0.0] et=[1.0, 1.0]
w55:672	2	SIBLING_DEPENDENT	n5	REF-NONFINITE (filter)	eager=[nan, 0.0] et=[0.0, 0.0]
w56:167	2	COMPOSITIONAL	n3	WRONG-VALUE	eager=[0.0, 0.0, 0.0, 0.0] et=[1.0, 1.0, 1.0, 1.0]
w56:240	0	COMPOSITIONAL	n0,n1	SCALE:0.821	eager=[0.389717] et=[0.320068]
w56:275	0	SIBLING_DEPENDENT	n9	WRONG-VALUE	eager=[1.0, 0.0] et=[1.0, 1.0]
w56:645	0	COMPOSITIONAL	n0,n2,n1	WRONG-VALUE	eager=[0.0, 0.0] et=[1.0, 1.0]
w56:665	1	COMPOSITIONAL	n3	SCALE:2.31e+18	eager=[0.0, 1.0] et=[0.0, 2.305843009213694e+18]
w56:768	1	COMPOSITIONAL	n1,n0	WRONG-VALUE	eager=[-1.0, 1.0, 1.0, 1.0] et=[-1.0, 1.0, 0.0, 1.0]
w56:86	0	COMPOSITIONAL	n0	ZEROED	eager=[0.677734, 0.116699] et=[0.0, 0.0]
w57:12	2	COMPOSITIONAL	n5	WRONG-VALUE	eager=[-0.0, -0.0, -0.0, -0.0] et=[-1.0, -1.0, -1.0, -1.0]
w57:199	2	COMPOSITIONAL	n0,n5	WRONG-VALUE	eager=[0.0, 0.0, 10.0, 7.0] et=[0.0, 0.0, 10.0, 7.0]
w57:23	1	SIBLING_DEPENDENT	n3	ZEROED	eager=[-1.0, 0.0, 1.0] et=[0.0, 0.0, 0.0]
w57:250	1	COMPOSITIONAL	n3	WRONG-VALUE	eager=[-0.219971] et=[-0.206299]
w57:301	4	SIBLING_DEPENDENT	n3	ZEROED	eager=[0.482491, 0.482491, 1.110353, 0.934016] et=[0.0, 0.0, 0.0, 0.0]
w57:341	0	SIBLING_DEPENDENT	n9	ZEROED	eager=[-1.0, -1.0, -1.0, 1.0] et=[0.0, 0.0, 0.0, 0.0]
w57:377	0	SIBLING_DEPENDENT	n8	ZEROED	eager=[0.0, 1.163586] et=[0.0, 0.0]
w57:539	0	COMPOSITIONAL	n1	REF-NONFINITE (filter)	eager=[3.141247, 3.139302, 0.000345, nan] et=[3.140625, 2.951172, 0.0, nan]
w57:697	0	SIBLING_DEPENDENT	n6	WRONG-VALUE	eager=[0.0, 0.0, 0.0, 0.0] et=[1.0, 1.0, 1.0, 1.0]
w57:747	0	COMPOSITIONAL	n0,n1	WRONG-VALUE	eager=[0.0] et=[201326592.0]
w58:712	3	COMPOSITIONAL	n1	WRONG-VALUE	eager=[1.906777, 1.268577] et=[1.906777, 0.634232]
w59:124	4	SIBLING_DEPENDENT	n1	ZEROED	eager=[384.0] et=[0.0]
w59:167	3	COMPOSITIONAL	n4	ZEROED	eager=[1.0] et=[0.0]
w59:23	2	SIBLING_DEPENDENT	n6	REF-NONFINITE (filter)	eager=[nan] et=[-65504.0]
w59:290	0	COMPOSITIONAL	n1,n0	WRONG-VALUE	eager=[0.096519, 0.096519, 1.08456, 1.08456] et=[-5.789062, -5.789062, 0.973633, 0.973633]
w59:692	0	SIBLING_DEPENDENT	n6	ZEROED	eager=[-0.482491, 1.110353] et=[0.0, 0.0]
w5:177	2	COMPOSITIONAL	n1	REF-NONFINITE (filter)	eager=[nan] et=[1.289062]
w5:200	0	COMPOSITIONAL	n2,n1	ZEROED	eager=[1.0, 1.0, 1.0, 1.0] et=[0.0, 0.0, 0.0, 0.0]
w5:214	0	SIBLING_DEPENDENT	n9	ZEROED	eager=[-0.482491, 0.934016, 0.513757, 1.110353] et=[0.0, 0.0, 0.0, 0.0]
w5:590	3	SIBLING_DEPENDENT	n9	ZEROED	eager=[-0.448237, 0.804187] et=[0.0, 0.0]
w5:690	3	SIBLING_DEPENDENT	n3	ZEROED	eager=[-0.0, 1.0] et=[0.0, 0.0]
w60:412	0	SIBLING_DEPENDENT	n8	ZEROED	eager=[1.0, 1.0, 1.0, 1.0] et=[0.0, 0.0, 0.0, 0.0]
w61:183	1	SIBLING_DEPENDENT	n6	WRONG-VALUE	eager=[1.0, -1.0] et=[0.0, -1.0]
w61:30	2	SIBLING_DEPENDENT	n4	WRONG-VALUE	eager=[0.0, 1.0] et=[1.0, 1.0]
w62:199	2	SIBLING_DEPENDENT	n6	REF-NONFINITE (filter)	eager=[nan, nan, nan, nan] et=[-inf, -inf, -inf, -inf]
w63:379	2	SIBLING_DEPENDENT	n3	ZEROED	eager=[1.0, 1.0, 1.0, 1.0] et=[0.0, 0.0, 0.0, 0.0]
w63:390	2	COMPOSITIONAL	n6,n1	WRONG-VALUE	eager=[0.0, 0.0, 0.0, 0.0] et=[0.0, 0.0, 0.0, 0.0]
w63:511	1	COMPOSITIONAL	n0	SCALE:0	eager=[0.0, 0.0, 0.0, 0.0] et=[-0.482422, 1.110352, 0.934082, 1.164062]
w63:536	1	SIBLING_DEPENDENT	n2	REF-NONFINITE (filter)	eager=[nan, 1.0] et=[inf, 1.0]
w63:677	0	SIBLING_DEPENDENT	n4,n7	WRONG-VALUE	eager=[2.0, -5.0] et=[-1.0, -1.0]
w64:218	2	COMPOSITIONAL	n2,n5	NONFINITE	eager=[0.12048, 331733376.0, 1207.139038, 118.041328] et=[0.120544, inf, 1202.0, 118.0625]
w64:310	1	SIBLING_DEPENDENT	n7	WRONG-VALUE	eager=[1.0, 1.0] et=[-4.0, 1.0]
w65:128	3	SIBLING_DEPENDENT	n6	ZEROED	eager=[1.0, 1.0] et=[0.0, 0.0]
w65:222	0	SIBLING_DEPENDENT	n9	ZEROED	eager=[-0.964983, 1.110353, 0.934016, 1.163586] et=[0.0, 0.0, 0.0, 0.0]
w65:304	0	COMPOSITIONAL	n1	REF-NONFINITE (filter)	eager=[nan] et=[0.0]
w65:409	1	COMPOSITIONAL	n1	ZEROED	eager=[1.0, 1.0, 1.0, 1.0] et=[0.0, 0.0, 0.0, 0.0]
w65:436	0	SIBLING_DEPENDENT	n6	WRONG-VALUE	eager=[0.0, 0.0, 0.0, 0.0] et=[1.0, 1.0, 1.0, 1.0]
w65:504	5	COMPOSITIONAL	n4	ZEROED	eager=[1.0, 1.0, 1.0, 1.0] et=[0.0, 0.0, 0.0, 0.0]
w65:540	4	SIBLING_DEPENDENT	n6	ZEROED	eager=[1.0, 1.0, 1.0, 1.0] et=[0.0, 0.0, 0.0, 0.0]
w65:544	1	SIBLING_DEPENDENT	n1,n6	ZEROED	eager=[-3.0, -3.0, -3.0, 0.0] et=[0.0, 0.0, 0.0, 0.0]
w65:579	2	COMPOSITIONAL	n4,n2	SCALE:0.5	eager=[16.0] et=[8.0]
w65:732	0	SIBLING_DEPENDENT	n6	WRONG-VALUE	eager=[0.0, 0.0, 0.0, 0.0] et=[1.0, 0.0, 1.0, 0.0]
w66:184	1	SIBLING_DEPENDENT	n5	REF-NONFINITE (filter)	eager=[1.0, 1.0, nan, nan] et=[1.0, 1.0, inf, inf]
w66:621	2	SIBLING_DEPENDENT	n5	REF-NONFINITE (filter)	eager=[0.0, nan, 0.0, 1.458008] et=[inf, inf, inf, 1.458008]
w66:76	1	SIBLING_DEPENDENT	n3,n6	ZEROED	eager=[-3.172986, -2.557159, -0.600346, -1.63881] et=[0.0, 0.0, 0.0, 0.0]
w66:9	1	COMPOSITIONAL	n2	NONFINITE	eager=[0.785156] et=[nan]
w67:228	1	SIBLING_DEPENDENT	n5	ZEROED	eager=[0.0, 4.0] et=[0.0, 0.0]
w67:503	3	SIBLING_DEPENDENT	n3,n4	ZEROED	eager=[1.0, 1.0, 1.0] et=[0.0, 0.0, 0.0]
w67:740	0	SIBLING_DEPENDENT	n7	ZEROED	eager=[0.482491, -1.110353, -0.934016, -1.163586] et=[-0.0, -0.0, -0.0, -0.0]
w67:743	0	SIBLING_DEPENDENT	n4	ZEROED	eager=[-3.0, -3.0, -3.0, 4.0] et=[0.0, 0.0, 0.0, 0.0]
w67:773	2	COMPOSITIONAL	n2,n0,n1,n7	WRONG-VALUE	eager=[0.314133, 0.847021, 1.306189, 0.973745] et=[0.314209, 0.847168, 0.0, 0.0]
w68:199	1	COMPOSITIONAL	n2	SCALE:0.5	eager=[1.268577] et=[0.634277]
w68:702	2	SIBLING_DEPENDENT	n1	REF-NONFINITE (filter)	eager=[nan, -0.167603, nan, 2.160156] et=[nan, -0.167603, nan, 2.158203]
w69:126	0	COMPOSITIONAL	n0	NEAR-TOL (gate N>=5)	eager=[-1.175201, -1.175197, 1.175201, 1.175205] et=[-1.174805, -1.147461, 1.174805, 1.204102]
w69:148	0	COMPOSITIONAL	n1	SCALE:1.25	eager=[1.350021] et=[1.6875]
w69:513	1	SIBLING_DEPENDENT	n3	REF-NONFINITE (filter)	eager=[nan] et=[0.999023]
w69:58	0	SIBLING_DEPENDENT	n4	SCALE:1.5	eager=[6.0, 6.0] et=[9.0, 9.0]
w6:268	1	COMPOSITIONAL	n4	NONFINITE	eager=[0.0, 0.0, 0.0, 0.0] et=[nan, nan, nan, nan]
w6:715	0	SIBLING_DEPENDENT	n7	REF-NONFINITE (filter)	eager=[nan, -0.052429, nan, -0.052429] et=[inf, -0.052429, inf, -0.052429]
w70:130	1	SIBLING_DEPENDENT	n6,n7	ZEROED	eager=[1.0, 1.0] et=[0.0, 0.0]
w70:258	0	SIBLING_DEPENDENT	n6	ZEROED	eager=[-1.15794, -0.166029, 1.306189, 0.973745] et=[0.0, 0.0, 0.0, 0.0]
w70:508	1	SIBLING_DEPENDENT	n6	ZEROED	eager=[0.0, 1.212891] et=[0.0, 0.0]
w70:601	0	SIBLING_DEPENDENT	n6	ZEROED	eager=[0.0, 0.0, 1.306189, 0.973745] et=[0.0, 0.0, 0.0, 0.0]
w70:67	3	SIBLING_DEPENDENT	n4,n7	REF-NONFINITE (filter)	eager=[nan, 0.131296] et=[0.501431, 1.352994]
w70:7	2	COMPOSITIONAL	n5	ZEROED	eager=[0.316895, 0.212158, 0.935059, 0.808105] et=[0.0, 0.0, 0.0, 0.0]
w71:0	1	SIBLING_DEPENDENT	n7	ZEROED	eager=[-1.0, -1.0, -1.0] et=[0.0, 0.0, 0.0]
w71:241	0	SIBLING_DEPENDENT	n7	ZEROED	eager=[1.0, 1.0] et=[0.0, 0.0]
w71:715	1	SIBLING_DEPENDENT	n6	REF-NONFINITE (filter)	eager=[nan] et=[65504.0]
w72:160	4	SIBLING_DEPENDENT	n4	ZEROED	eager=[-3.0, -3.0] et=[0.0, 0.0]
w73:147	3	SIBLING_DEPENDENT	n7	REF-NONFINITE (filter)	eager=[-0.503497, nan] et=[nan, nan]
w73:206	0	SIBLING_DEPENDENT	n8	ZEROED	eager=[-0.482491, 1.110353] et=[0.0, 0.0]
w73:249	0	SIBLING_DEPENDENT	n5	REF-NONFINITE (filter)	eager=[nan] et=[65504.0]
w73:362	2	COMPOSITIONAL	n0,n3	SCALE:0.807	eager=[0.405518] et=[0.327393]
w73:517	0	SIBLING_DEPENDENT	n6	ZEROED	eager=[-0.482491] et=[0.0]
w74:456	1	COMPOSITIONAL	n4	WRONG-VALUE	eager=[3.0, 7.0, 11.0, 11.0] et=[3.008267, 7.60938, 12.034155, 12.034155]
w75:13	0	SIBLING_DEPENDENT	n6	WRONG-VALUE	eager=[0.0, 0.0] et=[-0.25293, -8.8125]
w75:22	2	SIBLING_DEPENDENT	n7	REF-NONFINITE (filter)	eager=[1.0, 12730162176.0, 1.0, 47309924.0] et=[1.0, inf, 1.0, inf]
w76:209	1	SIBLING_DEPENDENT	n2	ZEROED	eager=[-3.0, -3.0, -3.0, 4.0] et=[0.0, 0.0, 0.0, 0.0]
w77:126	1	COMPOSITIONAL	n3	ZEROED	eager=[0.541016] et=[0.0]
w77:226	0	SIBLING_DEPENDENT	n7	REF-NONFINITE (filter)	eager=[nan, 0.0, -0.0, 0.0] et=[nan, nan, nan, nan]
w77:326	2	COMPOSITIONAL	n0	WRONG-VALUE	eager=[3.0, 1.0, 4.0, 4.0] et=[0.0, 1.0, 2.0, -2.0]
w77:448	2	SIBLING_DEPENDENT	n9	WRONG-VALUE	eager=[-0.448237, 0.804187] et=[0.0, 0.804187]
w77:698	3	COMPOSITIONAL	n4,n3	NEAR-TOL (gate N>=5)	eager=[1.215008, 1.674099, 0.569531, 1.642345] et=[1.214844, 1.675781, 0.569336, 1.642578]
w78:2	2	SIBLING_DEPENDENT	n4	ZEROED	eager=[3.0, 3.0, 3.0, 3.0] et=[0.0, 0.0, 0.0, 0.0]
w78:268	0	COMPOSITIONAL	n0	WRONG-VALUE	eager=[1.339292] et=[1.28418]
w78:275	2	SIBLING_DEPENDENT	n6	WRONG-VALUE	eager=[0.0, 0.0] et=[1.0, 0.0]
w78:576	3	COMPOSITIONAL	n2	ZEROED	eager=[-0.333333] et=[-0.0]
w78:720	2	SIBLING_DEPENDENT	n6	REF-NONFINITE (filter)	eager=[nan, nan] et=[inf, inf]
w79:184	1	COMPOSITIONAL	n0	WRONG-VALUE	eager=[0.0, 0.0, 0.0, 0.0] et=[0.0, 0.914343, 0.914343, 0.914343]
w79:389	0	SIBLING_DEPENDENT	n5,n7	ZEROED	eager=[0.617244, 3.035431] et=[0.0, 0.0]
w79:529	3	SIBLING_DEPENDENT	n3	SCALE:-0.167	eager=[-6.0, 0.0] et=[1.0, 0.0]
w7:145	0	SIBLING_DEPENDENT	n5	ZEROED	eager=[-0.482491, 1.110353, 0.934016] et=[0.0, 0.0, 0.0]
w7:207	1	COMPOSITIONAL	n2,n1	WRONG-VALUE	eager=[0.678711, -0.98877, 0.553223, 0.869629] et=[0.678223, -0.988281, 0.552734, 0.869629]
w80:221	2	SIBLING_DEPENDENT	n2	ZEROED	eager=[0.0, 0.0, -3.0, 0.0] et=[0.0, 0.0, 0.0, 0.0]
w80:402	2	COMPOSITIONAL	n3	WRONG-VALUE	eager=[0.0, 0.0, 0.0] et=[-0.037037, -0.037037, -0.037037]
w80:438	0	COMPOSITIONAL	n3	WRONG-VALUE	eager=[1.0, 1.0, 1.0, 1.0] et=[1.0, 0.0, 0.0, 0.0]
w81:131	1	COMPOSITIONAL	n1	WRONG-VALUE	eager=[1.0, 1.0] et=[1.0, 0.0]
w81:275	0	COMPOSITIONAL	n0,n1	NEAR-TOL (gate N>=5)	eager=[0.894043] et=[0.918457]
w81:313	1	SIBLING_DEPENDENT	n3,n7	ZEROED	eager=[-1.0, -2.0, -3.0] et=[0.0, 0.0, 0.0]
w81:416	0	SIBLING_DEPENDENT	n6	ZEROED	eager=[1.163586] et=[0.0]
w81:747	3	SIBLING_DEPENDENT	n2	ZEROED	eager=[0.365568] et=[0.0]
w82:117	3	COMPOSITIONAL	n5	REF-NONFINITE (filter)	eager=[nan, -inf] et=[nan, nan]
w82:402	0	COMPOSITIONAL	n0	WRONG-VALUE	eager=[-1.0, -1.000003, 1.0, 0.999997] et=[-1.0, -1.018555, 1.0, 0.981934]
w82:48	1	SIBLING_DEPENDENT	n8	REF-NONFINITE (filter)	eager=[nan, nan, nan, nan] et=[0.0, 0.0, 0.0, 0.0]
w83:300	2	COMPOSITIONAL	n2	SCALE:0.056	eager=[41.032646] et=[2.296875]
w83:311	2	COMPOSITIONAL	n1	NEAR-TOL (gate N>=5)	eager=[2.777344] et=[2.71875]
w83:32	1	SIBLING_DEPENDENT	n7	NONFINITE	eager=[3.239715, 0.563024, -0.214054, -0.0372] et=[inf, inf, -inf, -inf]
w83:434	0	COMPOSITIONAL	n5,n2	WRONG-VALUE	eager=[-0.76123, -0.899902, -0.187744, 0.98291] et=[-1.314453, -1.375, -0.649902, 1.405273]
w83:466	3	SIBLING_DEPENDENT	n5	ZEROED	eager=[-0.482491, -0.482491] et=[0.0, 0.0]
w83:474	0	COMPOSITIONAL	n1	ZEROED	eager=[0.042507, 0.042507] et=[0.0, 0.0]
w83:653	3	COMPOSITIONAL	n2,n0	WRONG-VALUE	eager=[0.966309, 0.09198, 1.881836, -21.421875] et=[0.966797, 0.091492, 1.893555, -21.546875]
w84:515	4	SIBLING_DEPENDENT	n5	ZEROED	eager=[1.0, 1.0] et=[0.0, 0.0]
w84:630	1	COMPOSITIONAL	n5,n3	ZEROED	eager=[1.0, 1.0] et=[0.0, 0.0]
w85:123	2	SIBLING_DEPENDENT	n2	REF-NONFINITE (filter)	eager=[nan, nan, nan, nan] et=[0.0, 0.0, 0.0, 0.0]
w85:364	0	COMPOSITIONAL	n0	REF-NONFINITE (filter)	eager=[nan, nan, inf, nan] et=[nan, nan, 4096.0, nan]
w85:778	2	SIBLING_DEPENDENT	n6	ZEROED	eager=[-0.463988, 0.895856] et=[0.0, 0.0]
w86:156	0	SIBLING_DEPENDENT	n6	NEAR-TOL (gate N>=5)	eager=[0.314749, -0.72433, -0.609298, -0.759056] et=[0.314697, -0.724121, -0.609375, -0.759277]
w86:66	1	SIBLING_DEPENDENT	n3	WRONG-VALUE	eager=[0.0, 0.0] et=[16.0, 16.0]
w87:488	0	COMPOSITIONAL	n1	WRONG-VALUE	eager=[1.0, 1.0, 1.0, 1.0] et=[1.0, 1.0, 1.0, 1.0]
w87:558	1	SIBLING_DEPENDENT	n9,n12	ZEROED	eager=[-0.912032, 5.325681, 0.278307, 5.473608] et=[0.0, 0.0, 0.0, 0.0]
w89:472	0	COMPOSITIONAL	n0	SCALE:0.5	eager=[1.268577] et=[0.634277]
w89:565	2	SIBLING_DEPENDENT	n5	WRONG-VALUE	eager=[0.0, 1.0] et=[1.0, 1.0]
w8:250	1	COMPOSITIONAL	n0,n1,n2	ZEROED	eager=[-1.0, -0.999997, 1.0, 1.000003] et=[0.0, 0.0, 0.0, 0.0]
w8:364	0	COMPOSITIONAL	n2	ZEROED	eager=[1.0] et=[0.0]
w8:586	3	SIBLING_DEPENDENT	n6	ZEROED	eager=[-3.0, -3.0, -3.0, -3.0] et=[0.0, 0.0, 0.0, 0.0]
w8:715	3	SIBLING_DEPENDENT	n6	REF-NONFINITE (filter)	eager=[nan] et=[65504.0]
w90:172	0	SIBLING_DEPENDENT	n3,n6	ZEROED	eager=[-0.482491, 1.110353, 0.934016, 1.163586] et=[0.0, 0.0, 0.0, 0.0]
w90:238	0	COMPOSITIONAL	n0	WRONG-VALUE	eager=[0.0, 0.0, 0.0] et=[1610612736.0, 1610612736.0, 1610612736.0]
w90:337	1	COMPOSITIONAL	n3	WRONG-VALUE	eager=[0.476562] et=[0.450439]
w90:412	0	COMPOSITIONAL	n0,n1	WRONG-VALUE	eager=[0.0, 0.0] et=[1.0, 0.0]
w90:687	4	SIBLING_DEPENDENT	n6	ZEROED	eager=[1.0, -1.0, -3.0] et=[0.0, 0.0, 0.0]
w91:426	3	COMPOSITIONAL	n9,n8,n1	REF-NONFINITE (filter)	eager=[nan, nan, nan, nan] et=[2.621094, 1.329102, 2.621094, 1.329102]
w91:491	2	SIBLING_DEPENDENT	n2	REF-NONFINITE (filter)	eager=[nan, nan, 2.650075] et=[0.0, 0.0, 0.0]
w91:537	3	SIBLING_DEPENDENT	n2	ZEROED	eager=[-1.0, -1.0, -1.0, 0.0] et=[0.0, 0.0, 0.0, 0.0]
w91:581	2	SIBLING_DEPENDENT	n3,n6	ZEROED	eager=[-0.920003, 0.060786, -0.29086, 0.388955] et=[0.0, 0.0, 0.0, 0.0]
w92:53	1	COMPOSITIONAL	n5	WRONG-VALUE	eager=[-0.0, -0.0, -0.0, -0.0] et=[-0.0, -0.0, -0.0, -0.0]
w92:548	3	COMPOSITIONAL	n4	SCALE:0.75	eager=[0.701015] et=[0.525879]
w92:685	4	SIBLING_DEPENDENT	n3	ZEROED	eager=[1.0, 0.0, 1.0, 1.0] et=[0.0, 0.0, 0.0, 0.0]
w93:243	0	COMPOSITIONAL	n0,n1,n3,n4	REF-NONFINITE (filter)	eager=[nan, nan, nan, -inf] et=[nan, nan, nan, 2.080078]
w93:332	5	SIBLING_DEPENDENT	n7	WRONG-VALUE	eager=[-1.0, 0.0] et=[-1.0, 1.0]
w94:126	3	SIBLING_DEPENDENT	n4	ZEROED	eager=[1.0, 1.0] et=[0.0, 0.0]
w94:385	0	COMPOSITIONAL	n1	NEAR-TOL (gate N>=5)	eager=[1.0, 1.0, 1.0, -1.0] et=[1.0, 1.0, 1.0, -1.0]
w94:481	2	SIBLING_DEPENDENT	n4,n6	WRONG-VALUE	eager=[388.0, 388.0, 388.0, -764.0] et=[4.0, 4.0, 4.0, 4.0]
w94:544	3	SIBLING_DEPENDENT	n5	REF-NONFINITE (filter)	eager=[nan, nan] et=[-inf, -inf]
w95:30	2	COMPOSITIONAL	n0,n1,n6	WRONG-VALUE	eager=[-3.0, -3.0, -3.0, -3.0] et=[-3.0, -3.0, -3.0, -3.0]
w95:434	3	SIBLING_DEPENDENT	n4,n5	ZEROED	eager=[4.0, -3.0, -1.0] et=[0.0, 0.0, 0.0]
w95:450	3	SIBLING_DEPENDENT	n6	ZEROED	eager=[-0.25, -0.25, -0.25, -0.25] et=[0.0, 0.0, 0.0, 0.0]
w95:521	1	COMPOSITIONAL	n3	NONFINITE	eager=[0.0] et=[nan]
w95:606	2	SIBLING_DEPENDENT	n5,n7	ZEROED	eager=[1.0, 1.0] et=[0.0, 0.0]
w95:666	1	SIBLING_DEPENDENT	n3	ZEROED	eager=[-4.992107] et=[0.0]
w96:581	1	SIBLING_DEPENDENT	n7	WRONG-VALUE	eager=[1.0, 0.0, 1.0, 0.0] et=[1.0, 1.0, 1.0, 1.0]
w97:131	0	SIBLING_DEPENDENT	n5	REF-NONFINITE (filter)	eager=[inf, inf, 0.343539, 1.112294] et=[inf, inf, 0.343018, 1.113281]
w97:573	2	SIBLING_DEPENDENT	n4,n7	REF-NONFINITE (filter)	eager=[-0.503497, nan] et=[0.0, 0.0]
w97:738	0	COMPOSITIONAL	n2	SCALE:0.5	eager=[0.236988] et=[0.118469]
w98:233	1	SIBLING_DEPENDENT	n4,n6	SCALE:2.25	eager=[0.444345] et=[1.0]
w98:300	2	SIBLING_DEPENDENT	n4	WRONG-VALUE	eager=[-0.944299, -0.581227, -0.931047, -0.223936] et=[1.0, 1.0, 1.0, 1.0]
w98:318	1	SIBLING_DEPENDENT	n6	REF-NONFINITE (filter)	eager=[nan, 0.104678] et=[0.0, 0.0]
w98:58	2	SIBLING_DEPENDENT	n2	ZEROED	eager=[-0.482491, 1.110353, 1.17351, 1.163586] et=[0.0, 0.0, 0.0, 0.0]
w99:697	4	COMPOSITIONAL	n2	NEAR-TOL (gate N>=5)	eager=[0.936207] et=[0.92334]
w99:96	0	COMPOSITIONAL	n1,n2	SCALE:0.499	eager=[0.116638] et=[0.058167]
w9:194	1	COMPOSITIONAL	n0,n2,n1	NEAR-TOL (gate N>=5)	eager=[32.426437, 412.042267, 28.761738, 0.922638] et=[32.408592, 411.917999, 28.760063, 0.928149]
w9:196	0	COMPOSITIONAL	n0	SCALE:0.75	eager=[0.611816] et=[0.458984]
w9:234	3	SIBLING_DEPENDENT	n7	ZEROED	eager=[-1.0, -1.0, -1.0, 0.0] et=[0.0, 0.0, 0.0, 0.0]
w9:273	2	SIBLING_DEPENDENT	n5	REF-NONFINITE (filter)	eager=[nan, nan] et=[0.0, 0.0]
w9:336	3	SIBLING_DEPENDENT	n8	ZEROED	eager=[-1.0, -1.0] et=[0.0, 0.0]
w9:434	1	SIBLING_DEPENDENT	n6,n7	ZEROED	eager=[1.0] et=[0.0]
w9:446	1	SIBLING_DEPENDENT	n8	NONFINITE	eager=[0.580029, 0.580029] et=[nan, nan]
w9:504	0	SIBLING_DEPENDENT	n9	ZEROED	eager=[-3.0, 4.0, 4.0] et=[0.0, 0.0, 0.0]
