w100:363	vgf_runner rc=134: /data/jwen929/mobile/vgf_client/vgf_runner.sh: line 79: 1964664 Aborted                 (core dumped) "$RUNNER" --model "$PTE" --inputs "$INARG" --output "$OUTDIR" > "$RUN_LOG" 2>&1 runner rc=134 (see /tmp/vgf_job_hd27hgad/run.log) 	n0=sum.IntList_out(L0,·,·,·,·) ; n1=clone(n0,·) ; n2=floor.out(n0,·) ; n3=unfold_copy(n2,·,·,·) ; n4=bitwise_or.Tensor_out(n3,n2,·) ; n5*=gt.Scalar_out(n1,·,·) ; n6*=add.Scalar(n3,·,·) ; n7*=lt.Tensor_out(n4,L1,·)
w100:437	vgf_runner rc=134: /data/jwen929/mobile/vgf_client/vgf_runner.sh: line 79: 1966719 Aborted                 (core dumped) "$RUNNER" --model "$PTE" --inputs "$INARG" --output "$OUTDIR" > "$RUN_LOG" 2>&1 runner rc=134 (see /tmp/vgf_job_wb5ep7wy/run.log) 	n0=any.dims_out(L0,·,·,·) ; n1=bitwise_and.Tensor_out(L1,n0,·) ; n2=to(n1,·) ; n3=bcast(n2,·) ; n4=gt.Tensor_out(n3,n0,·) ; n5=logit(n1,·) ; n6=unfold_copy(n1,·,·,·) ; n7*=unfold_copy(n6,·,·,·) ; n8=to(n5,·) ; n9=bcast(n8,·) ; n10*=copy(n4,n9,·) ; n11*=squeeze_copy.dim(n4,·)
w100:566	vgf_runner rc=134: /data/jwen929/mobile/vgf_client/vgf_runner.sh: line 79: 1970300 Aborted                 (core dumped) "$RUNNER" --model "$PTE" --inputs "$INARG" --output "$OUTDIR" > "$RUN_LOG" 2>&1 runner rc=134 (see /tmp/vgf_job_bfdksawb/run.log) 	n0=lt.Tensor_out(L0,L1,·) ; n1=t_copy(n0) ; n2=narrow_copy(n1,·,·,·) ; n3=bitwise_left_shift.Tensor_Scalar(n2,·) ; n4=logical_xor.out(n3,L2,·) ; n5*=div.Scalar_mode(n4,·,·) ; n6*=clone(n1,·) ; n7*=unfold_copy(n0,·,·,·)
w100:81	vgf_runner rc=134: /data/jwen929/mobile/vgf_client/vgf_runner.sh: line 79: 1974934 Aborted                 (core dumped) "$RUNNER" --model "$PTE" --inputs "$INARG" --output "$OUTDIR" > "$RUN_LOG" 2>&1 runner rc=134 (see /tmp/vgf_job_p3xgp2lk/run.log) 	n0=min(L0) ; n1=unfold_copy(n0,·,·,·) ; n2*=fmod.Scalar(n0,·) ; n3*=lift_fresh_copy(n1) ; n4=sub.Scalar(n0,·,·) ; n5=lt.Tensor_out(n4,n0,·) ; n6*=round.out(n5,·) ; n7*=alias_copy(n4)
w101:52	vgf_runner rc=134: /data/jwen929/mobile/vgf_client/vgf_runner.sh: line 79: 1984302 Aborted                 (core dumped) "$RUNNER" --model "$PTE" --inputs "$INARG" --output "$OUTDIR" > "$RUN_LOG" 2>&1 runner rc=134 (see /tmp/vgf_job_hpu9gygy/run.log) 	n0=lt.Scalar_out(L0,·,·) ; n1=abs.out(n0,·) ; n2=tan.out(n0,·) ; n3=slice(n1,·,·,·,·) ; n4=to(n2,·) ; n5=slice(n4,·,·,·,·) ; n6=min.dim_min(n1,·,·,n3,n5) ; n7*=narrow_copy(n6,·,·,·) ; n8=_pdist_forward(n6,·) ; n9*=bitwise_xor.Scalar(n0,·) ; n10*=any.dims_out(n8,·,·,·)
w103:26	vgf_runner rc=134: /data/jwen929/mobile/vgf_client/vgf_runner.sh: line 79: 2011432 Aborted                 (core dumped) "$RUNNER" --model "$PTE" --inputs "$INARG" --output "$OUTDIR" > "$RUN_LOG" 2>&1 runner rc=134 (see /tmp/vgf_job_0ojozbj6/run.log) 	n0=flip(L0,·) ; n1=max.unary_out(n0,·) ; n2=slice(n0,·,·,·,·) ; n3=scatter_add.out(n2,·,L1,n0,·) ; n4=bcast(n3,·) ; n5=to(n1,·) ; n6=bcast(n5,·) ; n7*=addmm.out(n2,n4,n6,·,·,·) ; n8*=sub.Scalar(n2,·,·) ; n9*=narrow_copy(n0,·,·,·) ; n10*=relu(n2) ; n11*=asin.out(n6,·)
w104:171	vgf_runner rc=134: /data/jwen929/mobile/vgf_client/vgf_runner.sh: line 79: 2027814 Aborted                 (core dumped) "$RUNNER" --model "$PTE" --inputs "$INARG" --output "$OUTDIR" > "$RUN_LOG" 2>&1 runner rc=134 (see /tmp/vgf_job_22sf9tpe/run.log) 	n0=any.dims_out(L0,·,·,·) ; n1=acos.out(n0,·) ; n2*=remainder.Scalar(n0,·) ; n3=sub.out(L1,n1,·,·) ; n4=sub.Scalar(n1,·,·) ; n5*=select_copy.int(n3,·,·) ; n6*=unfold_copy(n4,·,·,·) ; n7*=isinf(n4)
w104:658	vgf_runner rc=134: /data/jwen929/mobile/vgf_client/vgf_runner.sh: line 79: 2040489 Aborted                 (core dumped) "$RUNNER" --model "$PTE" --inputs "$INARG" --output "$OUTDIR" > "$RUN_LOG" 2>&1 runner rc=134 (see /tmp/vgf_job_6rm781ux/run.log) 	n0=argmax.out(L0,·,·,·) ; n1=floor_divide(n0,L1) ; n2*=log1p.out(n1,·) ; n3=narrow_copy(n1,·,·,·) ; n4*=bitwise_xor.Scalar_out(n3,·,·) ; n5*=unfold_copy(n0,·,·,·) ; n6*=floor_divide(n1,n0) ; n7*=bitwise_and.Tensor_out(n0,n0,·)
w105:167	vgf_runner rc=134: /data/jwen929/mobile/vgf_client/vgf_runner.sh: line 79: 2046077 Aborted                 (core dumped) "$RUNNER" --model "$PTE" --inputs "$INARG" --output "$OUTDIR" > "$RUN_LOG" 2>&1 runner rc=134 (see /tmp/vgf_job_0g4t9rk6/run.log) 	n0=argmin.out(L0,·,·,·) ; n1=clamp.out(n0,·,·,·) ; n2=bitwise_xor.Scalar_out(n0,·,n1) ; n3*=fmod.Scalar(n1,·) ; n4=unfold_copy(n0,·,·,·) ; n5*=narrow_copy(n4,·,·,·) ; n6*=logical_not(n4) ; n7*=flip(n2,·)
w107:308	vgf_runner rc=134: /data/jwen929/mobile/vgf_client/vgf_runner.sh: line 79: 2086952 Aborted                 (core dumped) "$RUNNER" --model "$PTE" --inputs "$INARG" --output "$OUTDIR" > "$RUN_LOG" 2>&1 runner rc=134 (see /tmp/vgf_job_0oxm79wm/run.log) 	n0=amin.out(L0,·,·,·) ; n1=rsqrt.out(n0,·) ; n2=unfold_copy(n1,·,·,·) ; n3=native_layer_norm(n2,·,·,·,·) ; n4=any.dims_out(n1,·,·,·) ; n5=atanh.out(n2,n3) ; n6*=remainder.Tensor_out(n5,n1,·) ; n7*=clone(n4,·)
w110:482	vgf_runner rc=134: /data/jwen929/mobile/vgf_client/vgf_runner.sh: line 79: 2150620 Aborted                 (core dumped) "$RUNNER" --model "$PTE" --inputs "$INARG" --output "$OUTDIR" > "$RUN_LOG" 2>&1 runner rc=134 (see /tmp/vgf_job_heeobunf/run.log) 	n0=t_copy(L0) ; n1=log.out(n0,·) ; n2=to(n1,·) ; n3=rshp(n2,·) ; n4=copy(n1,n3,·) ; n5=logical_or.out(n4,L1,·) ; n6*=exp.out(n4,·) ; n7*=remainder.Scalar_out(n0,·,·) ; n8=to(n5,·) ; n9=rshp(n8,·) ; n10*=le.Tensor_out(n9,n0,·) ; n11*=narrow_copy(n0,·,·,·)
w111:747	vgf_runner rc=134: /data/jwen929/mobile/vgf_client/vgf_runner.sh: line 79: 2172782 Aborted                 (core dumped) "$RUNNER" --model "$PTE" --inputs "$INARG" --output "$OUTDIR" > "$RUN_LOG" 2>&1 runner rc=134 (see /tmp/vgf_job_v_iti67a/run.log) 	n0=bitwise_and.Scalar_out(L0,·,·) ; n1=bitwise_or.Tensor_out(n0,n0,·) ; n2*=unbind_copy.int(n1,·) ; n3=narrow_copy(n0,·,·,·) ; n4=bitwise_left_shift.Tensor_Scalar(n0,·) ; n5*=roll(n1,·,·) ; n6*=unsqueeze_copy(n4,·) ; n7*=any.dims_out(n3,·,·,·)
w112:239	vgf_runner rc=134: /data/jwen929/mobile/vgf_client/vgf_runner.sh: line 79: 2177700 Aborted                 (core dumped) "$RUNNER" --model "$PTE" --inputs "$INARG" --output "$OUTDIR" > "$RUN_LOG" 2>&1 runner rc=134 (see /tmp/vgf_job_0j6ptcmn/run.log) 	n0=amax.out(L0,·,·,·) ; n1=squeeze_copy.dim(n0,·) ; n2=bitwise_not.out(n1,·) ; n3=log.out(n2,·) ; n4*=any.all_out(n2,·) ; n5=unfold_copy(n2,·,·,·) ; n6*=repeat(n5,·) ; n7*=fmod.Tensor_out(n0,n3,·)
w112:357	vgf_runner rc=134: /data/jwen929/mobile/vgf_client/vgf_runner.sh: line 79: 2180458 Aborted                 (core dumped) "$RUNNER" --model "$PTE" --inputs "$INARG" --output "$OUTDIR" > "$RUN_LOG" 2>&1 runner rc=134 (see /tmp/vgf_job_9rz2aimm/run.log) 	n0=prod.out(L0,·,·) ; n1*=logit.out(n0,·,·) ; n2*=acos.out(n0,·) ; n3=sinh.out(n0,·) ; n4*=logical_xor(n3,L1) ; n5=lt.Scalar_out(n0,·,·) ; n6*=unfold_copy(n0,·,·,·) ; n7*=bitwise_xor.Scalar_out(n5,·,·)
w113:186	vgf_runner rc=134: /data/jwen929/mobile/vgf_client/vgf_runner.sh: line 79: 2193323 Aborted                 (core dumped) "$RUNNER" --model "$PTE" --inputs "$INARG" --output "$OUTDIR" > "$RUN_LOG" 2>&1 runner rc=134 (see /tmp/vgf_job_qfeaj725/run.log) 	n0=addmm.out(L0,L1,L2,·,·,·) ; n1=ge.Tensor_out(L3,n0,·) ; n2=where.self(L4,L5,n1) ; n3=sqrt.out(n1,·) ; n4*=any.all_out(n3,·) ; n5*=narrow_copy.out(n2,·,·,·,·) ; n6=le.Scalar_out(n0,·,·) ; n7*=clamp.Tensor_out(n6,·,·,·)
w115:716	vgf_runner rc=134: /data/jwen929/mobile/vgf_client/vgf_runner.sh: line 79: 2238894 Aborted                 (core dumped) "$RUNNER" --model "$PTE" --inputs "$INARG" --output "$OUTDIR" > "$RUN_LOG" 2>&1 runner rc=134 (see /tmp/vgf_job_bke3y7jf/run.log) 	n0=bitwise_left_shift.Tensor_out(L0,L1,·) ; n1=narrow_copy(n0,·,·,·) ; n2=eq.Scalar_out(n1,·,·) ; n3*=logit(n2,·) ; n4=trunc.out(n2,·) ; n5*=acosh.out(n2,·) ; n6*=mul.out(L2,n4,·) ; n7*=any.dims_out(n0,·,·,·)
w116:469	vgf_runner rc=134: /data/jwen929/mobile/vgf_client/vgf_runner.sh: line 79: 2248871 Aborted                 (core dumped) "$RUNNER" --model "$PTE" --inputs "$INARG" --output "$OUTDIR" > "$RUN_LOG" 2>&1 runner rc=134 (see /tmp/vgf_job_4dhfhxjt/run.log) 	n0=clamp.out(L0,·,·,·) ; n1*=le.Tensor_out(L1,n0,·) ; n2*=tan.out(n0,·) ; n3=min(n0) ; n4*=neg.out(n0,·) ; n5=unfold_copy(n3,·,·,·) ; n6*=bitwise_or.Scalar_out(n0,·,·) ; n7*=any.dims_out(n5,·,·,·)
w118:740	vgf_runner rc=134: /data/jwen929/mobile/vgf_client/vgf_runner.sh: line 79: 2289906 Aborted                 (core dumped) "$RUNNER" --model "$PTE" --inputs "$INARG" --output "$OUTDIR" > "$RUN_LOG" 2>&1 runner rc=134 (see /tmp/vgf_job__0b9n005/run.log) 	n0=amin.out(L0,·,·,·) ; n1=expand_copy(n0,·,·) ; n2=trunc.out(n0,·) ; n3=narrow_copy(n0,·,·,·) ; n4*=acosh.out(n0,·) ; n5=bitwise_right_shift.Tensor_Scalar_out(n1,·,·) ; n6=to(n2,·) ; n7=rshp(n6,·) ; n8=to(n5,·) ; n9=bcast(n8,·) ; n10*=masked_scatter(n3,n7,n9) ; n11*=isnan(n6)
w119:49	vgf_runner rc=134: /data/jwen929/mobile/vgf_client/vgf_runner.sh: line 79: 2301195 Aborted                 (core dumped) "$RUNNER" --model "$PTE" --inputs "$INARG" --output "$OUTDIR" > "$RUN_LOG" 2>&1 runner rc=134 (see /tmp/vgf_job_1ecj6rps/run.log) 	n0*=narrow_copy(L0,·,·,·)
w120:103	vgf_runner rc=134: /data/jwen929/mobile/vgf_client/vgf_runner.sh: line 79: 2329132 Aborted                 (core dumped) "$RUNNER" --model "$PTE" --inputs "$INARG" --output "$OUTDIR" > "$RUN_LOG" 2>&1 runner rc=134 (see /tmp/vgf_job_x2oavzzp/run.log) 	n0=amax.out(L0,·,·,·) ; n1=view_copy(n0,·) ; n2=alias_copy(n1) ; n3*=mean(n0,·) ; n4=log1p.out(n2,·) ; n5*=unfold_copy(n2,·,·,·) ; n6*=max.unary_out(n1,·) ; n7*=fmod.Scalar(n4,·)
w120:261	vgf_runner rc=134: /data/jwen929/mobile/vgf_client/vgf_runner.sh: line 79: 2334277 Aborted                 (core dumped) "$RUNNER" --model "$PTE" --inputs "$INARG" --output "$OUTDIR" > "$RUN_LOG" 2>&1 runner rc=134 (see /tmp/vgf_job_inti40ma/run.log) 	n0=prod(L0,·) ; n1=unfold_copy(n0,·,·,·) ; n2=bcast(n1,·) ; n3=bitwise_and.Tensor_out(n2,n1,·) ; n4*=logical_or(L1,n3) ; n5*=sin.out(n0,·) ; n6=to(n0,·) ; n7=bcast(n6,·) ; n8=logical_or.out(n7,n0,·) ; n9*=asinh.out(n8,·) ; n10*=log10.out(n1,·)
w13:121	vgf_runner rc=134: /data/jwen929/mobile/vgf_client/vgf_runner.sh: line 79: 2465317 Aborted                 (core dumped) "$RUNNER" --model "$PTE" --inputs "$INARG" --output "$OUTDIR" > "$RUN_LOG" 2>&1 runner rc=134 (see /tmp/vgf_job_hj3la_if/run.log) 	n0=bitwise_left_shift.Tensor_Scalar(L0,·) ; n1*=unsqueeze_copy(n0,·) ; n2=expand_copy(n0,·,·) ; n3=floor_divide(n0,L1) ; n4=abs(n2) ; n5*=constant_pad_nd(n3,·,·) ; n6*=sum.IntList_out(n4,·,·,·,·) ; n7*=narrow_copy(n2,·,·,·)
w14:250	vgf_runner rc=134: /data/jwen929/mobile/vgf_client/vgf_runner.sh: line 79: 2485093 Aborted                 (core dumped) "$RUNNER" --model "$PTE" --inputs "$INARG" --output "$OUTDIR" > "$RUN_LOG" 2>&1 runner rc=134 (see /tmp/vgf_job_m9_vjmjk/run.log) 	n0=amin.out(L0,·,·,·) ; n1=unfold_copy(n0,·,·,·) ; n2=floor_divide(n0,L1) ; n3*=bitwise_not.out(n2,·) ; n4*=logical_or.out(n1,L2,·) ; n5=log.out(n0,·) ; n6=log.out(n0,·) ; n7*=sub.out(n6,n5,·,·)
w15:458	vgf_runner rc=134: /data/jwen929/mobile/vgf_client/vgf_runner.sh: line 79: 2507655 Aborted                 (core dumped) "$RUNNER" --model "$PTE" --inputs "$INARG" --output "$OUTDIR" > "$RUN_LOG" 2>&1 runner rc=134 (see /tmp/vgf_job_yimalje0/run.log) 	n0=floor_divide(L0,L1) ; n1=narrow_copy(n0,·,·,·) ; n2=bcast(n0,·) ; n3=addmm.out(n0,L2,n2,·,·,·) ; n4*=remainder.Scalar(n0,·) ; n5=logical_xor.out(L3,n2,·) ; n6*=isinf(n1) ; n7*=neg.out(n3,n2) ; n8*=minimum.out(L4,n5,·)
w16:231	vgf_runner rc=134: /data/jwen929/mobile/vgf_client/vgf_runner.sh: line 79: 2518471 Aborted                 (core dumped) "$RUNNER" --model "$PTE" --inputs "$INARG" --output "$OUTDIR" > "$RUN_LOG" 2>&1 runner rc=134 (see /tmp/vgf_job_ca43pj88/run.log) 	n0=bitwise_xor.Scalar(L0,·) ; n1=bitwise_and.Scalar(n0,·) ; n2*=sub.Scalar(n0,·,·) ; n3=masked_fill.Scalar(n1,L1,·) ; n4*=select_copy.int(n3,·,·) ; n5=unsqueeze_copy(n3,·) ; n6=narrow_copy(n1,·,·,·) ; n7=pad(n6,·,·) ; n8=clampr(n7,·,·) ; n9*=index_select.out(n5,·,n8,·)
w17:238	vgf_runner rc=134: /data/jwen929/mobile/vgf_client/vgf_runner.sh: line 79: 2531764 Aborted                 (core dumped) "$RUNNER" --model "$PTE" --inputs "$INARG" --output "$OUTDIR" > "$RUN_LOG" 2>&1 runner rc=134 (see /tmp/vgf_job_gkbg9n7o/run.log) 	n0=amax.out(L0,·,·,·) ; n1=detach_copy(n0) ; n2*=sin.out(n0,·) ; n3=alias_copy(n1) ; n4*=unfold_copy(n3,·,·,·) ; n5*=detach_copy(n0) ; n6*=neg.out(n1,·) ; n7*=log1p.out(n3,·)
w2:756	vgf_runner rc=134: /data/jwen929/mobile/vgf_client/vgf_runner.sh: line 79: 2595006 Aborted                 (core dumped) "$RUNNER" --model "$PTE" --inputs "$INARG" --output "$OUTDIR" > "$RUN_LOG" 2>&1 runner rc=134 (see /tmp/vgf_job_a9nj9p2u/run.log) 	n0=trunc.out(L0,·) ; n1=unbind_copy.int(n0,·) ; n2=to(n1,·) ; n3=bcast(n2,·) ; n4=floor_divide(n3,n1) ; n5*=logical_or(L1,n3) ; n6*=narrow_copy(n0,·,·,·) ; n7*=alias_copy(n3) ; n8*=topk.values(L2,·,·,·,·,n3,L3) ; n9*=bitwise_and.Scalar(n4,·)
w2:8	vgf_runner rc=134: /data/jwen929/mobile/vgf_client/vgf_runner.sh: line 79: 2595567 Aborted                 (core dumped) "$RUNNER" --model "$PTE" --inputs "$INARG" --output "$OUTDIR" > "$RUN_LOG" 2>&1 runner rc=134 (see /tmp/vgf_job_rpcok6sb/run.log) 	n0=amin.out(L0,·,·,·) ; n1*=logit(n0,·) ; n2*=logical_and(L1,n0) ; n3=bitwise_and.Scalar_out(n0,·,·) ; n4*=narrow_copy(n3,·,·,·) ; n5=native_layer_norm(n3,·,·,·,·) ; n6*=sin.out(n5,·) ; n7*=bitwise_xor.Scalar_out(n0,·,·)
w21:158	vgf_runner rc=134: /data/jwen929/mobile/vgf_client/vgf_runner.sh: line 79: 2614032 Aborted                 (core dumped) "$RUNNER" --model "$PTE" --inputs "$INARG" --output "$OUTDIR" > "$RUN_LOG" 2>&1 runner rc=134 (see /tmp/vgf_job_g9rvdihr/run.log) 	n0=le.Scalar_out(L0,·,·) ; n1*=max.unary_out(n0,·) ; n2=bitwise_xor.Scalar_out(n0,·,·) ; n3*=elu.out(n2,·,·,·,·) ; n4=le.Scalar_out(n0,·,·) ; n5=narrow_copy(n4,·,·,·) ; n6*=log2.out(n0,·) ; n7*=abs(n5)
w25:138	vgf_runner rc=134: /data/jwen929/mobile/vgf_client/vgf_runner.sh: line 79: 2678230 Aborted                 (core dumped) "$RUNNER" --model "$PTE" --inputs "$INARG" --output "$OUTDIR" > "$RUN_LOG" 2>&1 runner rc=134 (see /tmp/vgf_job_vz3hcmnc/run.log) 	n0=min.unary_out(L0,·) ; n1=unfold_copy(n0,·,·,·) ; n2=unfold_copy(n0,·,·,·) ; n3=neg.out(n2,·) ; n4*=any.all_out(n2,·) ; n5*=abs(n1) ; n6*=bitwise_not.out(n3,·) ; n7*=transpose_copy.int(n3,·,·)
w25:368	vgf_runner rc=134: /data/jwen929/mobile/vgf_client/vgf_runner.sh: line 79: 2685912 Aborted                 (core dumped) "$RUNNER" --model "$PTE" --inputs "$INARG" --output "$OUTDIR" > "$RUN_LOG" 2>&1 runner rc=134 (see /tmp/vgf_job_0fhvqf_c/run.log) 	n0=prod.int_out(L0,·,·,·,·) ; n1=narrow_copy(n0,·,·,·) ; n2=flip(n1,·) ; n3=to(n0,·) ; n4=rshp(n3,·) ; n5*=fill.Tensor(n0,n4) ; n6=argmin.out(n3,·,·,·) ; n7*=tan.out(n6,·) ; n8*=unfold_copy(n4,·,·,·) ; n9*=gt.Scalar_out(n2,·,·)
w25:505	vgf_runner rc=134: /data/jwen929/mobile/vgf_client/vgf_runner.sh: line 79: 2689845 Aborted                 (core dumped) "$RUNNER" --model "$PTE" --inputs "$INARG" --output "$OUTDIR" > "$RUN_LOG" 2>&1 runner rc=134 (see /tmp/vgf_job_n8jqk8v9/run.log) 	n0=max.dim_max(L0,·,·,L1,L2) ; n1*=narrow_copy(n0,·,·,·) ; n2=any.dims_out(n0,·,·,·) ; n3=unfold_copy(n0,·,·,·) ; n4*=logical_not(n0) ; n5*=exp.out(n2,·) ; n6=bcast(n3,·) ; n7=sub.out(n0,n6,·,·) ; n8*=split_with_sizes_copy(n7,·,·)
w25:585	vgf_runner rc=134: /data/jwen929/mobile/vgf_client/vgf_runner.sh: line 79: 2691758 Aborted                 (core dumped) "$RUNNER" --model "$PTE" --inputs "$INARG" --output "$OUTDIR" > "$RUN_LOG" 2>&1 runner rc=134 (see /tmp/vgf_job_9xfymvw_/run.log) 	n0=prod(L0,·) ; n1=log.out(n0,·) ; n2=bitwise_and.Scalar_out(n0,·,·) ; n3*=unfold_copy(n2,·,·,·) ; n4*=argmax.out(n1,·,·,·) ; n5=to(n0,·) ; n6=bcast(n5,·) ; n7*=mul.out(n6,n2,·) ; n8*=elu.out(n6,·,·,·,·) ; n9*=transpose_copy.int(n0,·,·)
w25:736	vgf_runner rc=134: /data/jwen929/mobile/vgf_client/vgf_runner.sh: line 79: 2694819 Aborted                 (core dumped) "$RUNNER" --model "$PTE" --inputs "$INARG" --output "$OUTDIR" > "$RUN_LOG" 2>&1 runner rc=134 (see /tmp/vgf_job_ue0tcjdd/run.log) 	n0=max.dim_max(L0,·,·,L1,L2) ; n1=narrow_copy(n0,·,·,·) ; n2*=unsqueeze_copy(n1,·) ; n3=sign.out(n1,·) ; n4*=fmod.Tensor_out(L3,n1,·) ; n5*=add.Scalar(n3,·,·) ; n6=to(n0,·) ; n7=rshp(n6,·) ; n8*=lt.Tensor_out(n7,n3,·) ; n9*=neg.out(n3,·)
w25:83	vgf_runner rc=134: /data/jwen929/mobile/vgf_client/vgf_runner.sh: line 79: 2696101 Aborted                 (core dumped) "$RUNNER" --model "$PTE" --inputs "$INARG" --output "$OUTDIR" > "$RUN_LOG" 2>&1 runner rc=134 (see /tmp/vgf_job_po490p19/run.log) 	n0=prod.out(L0,·,·) ; n1=minimum.out(n0,n0,·) ; n2=to(n0,·) ; n3=bcast(n2,·) ; n4*=mul.out(n1,n3,·) ; n5*=repeat(n2,·) ; n6=prod.int_out(n0,·,·,·,·) ; n7*=rsqrt.out(n6,n0) ; n8*=unfold_copy(n6,·,·,·) ; n9*=pow.Tensor_Scalar_out(n3,·,·)
w27:253	vgf_runner rc=134: /data/jwen929/mobile/vgf_client/vgf_runner.sh: line 79: 2718620 Aborted                 (core dumped) "$RUNNER" --model "$PTE" --inputs "$INARG" --output "$OUTDIR" > "$RUN_LOG" 2>&1 runner rc=134 (see /tmp/vgf_job_l6fjuw3r/run.log) 	n0=amin.out(L0,·,·,·) ; n1=rsqrt.out(n0,·) ; n2=unfold_copy(n0,·,·,·) ; n3=bitwise_or.Scalar_out(n2,·,·) ; n4=le.Scalar_out(n1,·,·) ; n5=to(n3,·) ; n6=bcast(n5,·) ; n7=clampr(n6,·,·) ; n8*=gather.out(n2,·,n7,·,·) ; n9*=bitwise_and.Scalar(n4,·) ; n10*=expm1.out(n7,·)
w27:8	vgf_runner rc=134: /data/jwen929/mobile/vgf_client/vgf_runner.sh: line 79: 2731987 Aborted                 (core dumped) "$RUNNER" --model "$PTE" --inputs "$INARG" --output "$OUTDIR" > "$RUN_LOG" 2>&1 runner rc=134 (see /tmp/vgf_job_9k785wxn/run.log) 	n0=amax.out(L0,·,·,·) ; n1=logit(n0,·) ; n2=bitwise_left_shift.Tensor_Scalar(n0,·) ; n3*=mul.out(L1,n0,·) ; n4=fmod.Scalar(n2,·) ; n5*=unfold_copy(n2,·,·,·) ; n6*=gt.Scalar_out(n4,·,·) ; n7=to(n0,·) ; n8=bcast(n7,·) ; n9*=logical_xor.out(n8,n1,·)
w28:92	vgf_runner rc=134: /data/jwen929/mobile/vgf_client/vgf_runner.sh: line 79: 2748797 Aborted                 (core dumped) "$RUNNER" --model "$PTE" --inputs "$INARG" --output "$OUTDIR" > "$RUN_LOG" 2>&1 runner rc=134 (see /tmp/vgf_job_32trj9_l/run.log) 	n0=any.dims_out(L0,·,·,·) ; n1*=mean(n0,·) ; n2=alias_copy(n0) ; n3=log.out(n0,·) ; n4*=prod(n3,·) ; n5=index.Tensor_out(n3,·,·) ; n6*=transpose_copy.int(n5,·,·) ; n7*=narrow_copy(n2,·,·,·)
w3:665	vgf_runner rc=134: /data/jwen929/mobile/vgf_client/vgf_runner.sh: line 79: 2777119 Aborted                 (core dumped) "$RUNNER" --model "$PTE" --inputs "$INARG" --output "$OUTDIR" > "$RUN_LOG" 2>&1 runner rc=134 (see /tmp/vgf_job_w8sie6cf/run.log) 	n0=floor_divide(L0,L1) ; n1=max(n0) ; n2=prod(n1,·) ; n3*=unfold_copy(n2,·,·,·) ; n4=bitwise_xor.Scalar(n1,·) ; n5*=hardtanh(n4,·,·) ; n6*=atan2.out(L2,n4,·) ; n7*=sum.IntList_out(n2,·,·,·,·)
w31:161	vgf_runner rc=134: /data/jwen929/mobile/vgf_client/vgf_runner.sh: line 79: 2798190 Aborted                 (core dumped) "$RUNNER" --model "$PTE" --inputs "$INARG" --output "$OUTDIR" > "$RUN_LOG" 2>&1 runner rc=134 (see /tmp/vgf_job_0_0lfm8n/run.log) 	n0=argmax.out(L0,·,·,·) ; n1=to(n0,·) ; n2=bcast(n1,·) ; n3=fill.Tensor(n2,n0) ; n4=unfold_copy(n1,·,·,·) ; n5*=copy(L1,n4,·) ; n6=div.out_mode(L2,n3,·,·) ; n7*=prod(n6,·) ; n8*=rsqrt.out(n3,·) ; n9*=leaky_relu.out(n6,·,·)
w32:244	vgf_runner rc=134: /data/jwen929/mobile/vgf_client/vgf_runner.sh: line 79: 2813787 Aborted                 (core dumped) "$RUNNER" --model "$PTE" --inputs "$INARG" --output "$OUTDIR" > "$RUN_LOG" 2>&1 runner rc=134 (see /tmp/vgf_job_rzrnv6da/run.log) 	n0=amin.out(L0,·,·,·) ; n1=min.unary_out(n0,·) ; n2=to(n1,·) ; n3=bcast(n2,·) ; n4=fill.Tensor(n3,n1) ; n5*=expm1.out(n4,·) ; n6=unfold_copy(n1,·,·,·) ; n7*=add.Scalar(n1,·,·) ; n8*=maximum.out(n2,L1,·) ; n9*=hardtanh(n6,·,·)
w34:354	vgf_runner rc=134: /data/jwen929/mobile/vgf_client/vgf_runner.sh: line 79: 2847443 Aborted                 (core dumped) "$RUNNER" --model "$PTE" --inputs "$INARG" --output "$OUTDIR" > "$RUN_LOG" 2>&1 runner rc=134 (see /tmp/vgf_job_ifv9zenr/run.log) 	n0=neg.out(L0,·) ; n1*=select_scatter(n0,L1,·,·) ; n2=amax.out(n0,·,·,·) ; n3=unfold_copy(n2,·,·,·) ; n4=div.Scalar(n3,·) ; n5*=bitwise_or.Tensor_out(L2,n0,·) ; n6*=logical_xor.out(n2,L3,·) ; n7*=any.dims_out(n4,·,·,·)
w36:429	vgf_runner rc=134: /data/jwen929/mobile/vgf_client/vgf_runner.sh: line 79: 2884825 Aborted                 (core dumped) "$RUNNER" --model "$PTE" --inputs "$INARG" --output "$OUTDIR" > "$RUN_LOG" 2>&1 runner rc=134 (see /tmp/vgf_job_i1hfgod4/run.log) 	n0=pixel_shuffle(L0,·) ; n1=log1p.out(n0,·) ; n2=logical_not(n1) ; n3*=clamp.out(n0,·,·,·) ; n4*=clamp.Tensor_out(n0,·,·,·) ; n5*=squeeze_copy.dim(n2,·) ; n6*=remainder.Scalar_out(n1,·,·) ; n7*=narrow_copy(n0,·,·,·)
w37:456	vgf_runner rc=134: /data/jwen929/mobile/vgf_client/vgf_runner.sh: line 79: 2902730 Aborted                 (core dumped) "$RUNNER" --model "$PTE" --inputs "$INARG" --output "$OUTDIR" > "$RUN_LOG" 2>&1 runner rc=134 (see /tmp/vgf_job_9du3sllj/run.log) 	n0=prod(L0,·) ; n1=squeeze_copy.dims(n0,·) ; n2*=unfold_copy(n1,·,·,·) ; n3=trunc.out(n0,·) ; n4=ne.Tensor_out(n1,n3,·) ; n5=tan.out(n3,·) ; n6*=neg.out(n5,·) ; n7*=rsub.Scalar(n4,·,·)
w39:298	vgf_runner rc=134: /data/jwen929/mobile/vgf_client/vgf_runner.sh: line 79: 2932760 Aborted                 (core dumped) "$RUNNER" --model "$PTE" --inputs "$INARG" --output "$OUTDIR" > "$RUN_LOG" 2>&1 runner rc=134 (see /tmp/vgf_job_9ya89jym/run.log) 	n0=prod(L0,·) ; n1=unfold_copy(n0,·,·,·) ; n2=log.out(n1,·) ; n3*=min.unary_out(n2,·) ; n4*=asin.out(n2,·) ; n5*=le.Scalar_out(n1,·,·) ; n6=lift_fresh_copy(n0) ; n7*=isinf(n6)
w39:549	vgf_runner rc=134: /data/jwen929/mobile/vgf_client/vgf_runner.sh: line 79: 2939442 Aborted                 (core dumped) "$RUNNER" --model "$PTE" --inputs "$INARG" --output "$OUTDIR" > "$RUN_LOG" 2>&1 runner rc=134 (see /tmp/vgf_job_hgf329td/run.log) 	n0=narrow_copy(L0,·,·,·) ; n1=squeeze_copy.dims(n0,·) ; n2=masked_fill.Scalar(n0,L1,·) ; n3=select_scatter(n2,L2,·,·) ; n4=cumsum.out(n1,·,·,·) ; n5=floor_divide(n1,n4) ; n6*=index_put(n5,·,L3,·) ; n7*=narrow_copy(n3,·,·,·)
w4:233	vgf_runner rc=134: /data/jwen929/mobile/vgf_client/vgf_runner.sh: line 79: 2949870 Aborted                 (core dumped) "$RUNNER" --model "$PTE" --inputs "$INARG" --output "$OUTDIR" > "$RUN_LOG" 2>&1 runner rc=134 (see /tmp/vgf_job_x5yjdjua/run.log) 	n0=prod(L0,·) ; n1=unfold_copy(n0,·,·,·) ; n2*=min.unary_out(n1,·) ; n3=scatter.value_out(n1,·,n1,·,·) ; n4*=squeeze_copy.dims(n0,·) ; n5*=bitwise_left_shift.Tensor_out(L1,n0,·) ; n6*=logical_xor.out(L2,n3,·) ; n7*=clone(n0,·)
w4:306	vgf_runner rc=134: /data/jwen929/mobile/vgf_client/vgf_runner.sh: line 79: 2951870 Aborted                 (core dumped) "$RUNNER" --model "$PTE" --inputs "$INARG" --output "$OUTDIR" > "$RUN_LOG" 2>&1 runner rc=134 (see /tmp/vgf_job_rlotwwg5/run.log) 	n0=amax.out(L0,·,·,·) ; n1=bitwise_not.out(n0,·) ; n2=lt.Scalar_out(n0,·,·) ; n3*=unfold_copy(n0,·,·,·) ; n4=fill.Scalar(n1,·) ; n5*=alias_copy(n4) ; n6=pow.Scalar_out(·,n2,·) ; n7*=logical_not(n6)
w40:216	vgf_runner rc=134: /data/jwen929/mobile/vgf_client/vgf_runner.sh: line 79: 2966305 Aborted                 (core dumped) "$RUNNER" --model "$PTE" --inputs "$INARG" --output "$OUTDIR" > "$RUN_LOG" 2>&1 runner rc=134 (see /tmp/vgf_job_h15crmc1/run.log) 	n0=max.dim_max(L0,·,·,L1,L2) ; n1=transpose_copy.int(n0,·,·) ; n2*=narrow_copy(n1,·,·,·) ; n3*=constant_pad_nd(n0,·,·) ; n4*=sign.out(n1,·) ; n5=mul.Scalar(n1,·) ; n6=bcast(n0,·) ; n7*=gt.Tensor_out(n5,n6,·) ; n8*=roll(n0,·,·)
w41:250	vgf_runner rc=134: /data/jwen929/mobile/vgf_client/vgf_runner.sh: line 79: 2984721 Aborted                 (core dumped) "$RUNNER" --model "$PTE" --inputs "$INARG" --output "$OUTDIR" > "$RUN_LOG" 2>&1 runner rc=134 (see /tmp/vgf_job_2hty6jp6/run.log) 	n0=bitwise_or.Scalar(L0,·) ; n1=narrow_copy(n0,·,·,·) ; n2=logical_not.out(n1,·) ; n3=abs.out(n1,·) ; n4*=logical_not(n3) ; n5*=remainder.Scalar_out(n2,·,·) ; n6*=view_copy(n3,·) ; n7*=hardtanh.out(n2,·,·,·)
w43:728	vgf_runner rc=134: /data/jwen929/mobile/vgf_client/vgf_runner.sh: line 79: 3029594 Aborted                 (core dumped) "$RUNNER" --model "$PTE" --inputs "$INARG" --output "$OUTDIR" > "$RUN_LOG" 2>&1 runner rc=134 (see /tmp/vgf_job_d0ogdmma/run.log) 	n0=gt.Tensor_out(L0,L1,·) ; n1=exp.out(n0,·) ; n2=min.unary_out(n0,·) ; n3*=expm1.out(n0,·) ; n4*=narrow_copy(n0,·,·,·) ; n5*=logit(n2,·) ; n6*=detach_copy(n0) ; n7*=select_scatter(n1,n2,·,·)
w45:628	vgf_runner rc=134: /data/jwen929/mobile/vgf_client/vgf_runner.sh: line 79: 3061499 Aborted                 (core dumped) "$RUNNER" --model "$PTE" --inputs "$INARG" --output "$OUTDIR" > "$RUN_LOG" 2>&1 runner rc=134 (see /tmp/vgf_job_vk88z5le/run.log) 	n0=topk.values(L0,·,·,·,·,L1,L2) ; n1=any.dims_out(n0,·,·,·) ; n2=fill.Scalar(n0,·) ; n3*=floor_divide.out(L3,n0,·) ; n4*=narrow_copy(n2,·,·,·) ; n5=acos.out(n1,·) ; n6*=amin.out(n5,·,·,·) ; n7*=clamp.Tensor_out(n0,·,·,·)
w47:523	vgf_runner rc=134: /data/jwen929/mobile/vgf_client/vgf_runner.sh: line 79: 3092193 Aborted                 (core dumped) "$RUNNER" --model "$PTE" --inputs "$INARG" --output "$OUTDIR" > "$RUN_LOG" 2>&1 runner rc=134 (see /tmp/vgf_job_c_q2ssuq/run.log) 	n0=argmax.out(L0,·,·,·) ; n1=any.dims_out(n0,·,·,·) ; n2=ge.Scalar_out(n0,·,·) ; n3=bcast(n1,·) ; n4*=sub.out(n2,n3,·,·) ; n5=unfold_copy(n2,·,·,·) ; n6*=mean(n1,·) ; n7*=ge.Tensor_out(n1,n5,·) ; n8*=abs(n1)
w48:381	vgf_runner rc=134: /data/jwen929/mobile/vgf_client/vgf_runner.sh: line 79: 3106744 Aborted                 (core dumped) "$RUNNER" --model "$PTE" --inputs "$INARG" --output "$OUTDIR" > "$RUN_LOG" 2>&1 runner rc=134 (see /tmp/vgf_job_ipun50jq/run.log) 	n0=any.dims_out(L0,·,·,·) ; n1*=remainder.Scalar_out(n0,·,·) ; n2=tan.out(n0,·) ; n3=unfold_copy(n0,·,·,·) ; n4*=max.unary_out(n3,·) ; n5*=acos.out(n2,·) ; n6*=abs(n3) ; n7*=max(n0)
w49:545	vgf_runner rc=134: /data/jwen929/mobile/vgf_client/vgf_runner.sh: line 79: 3124421 Aborted                 (core dumped) "$RUNNER" --model "$PTE" --inputs "$INARG" --output "$OUTDIR" > "$RUN_LOG" 2>&1 runner rc=134 (see /tmp/vgf_job_kvy1efbn/run.log) 	n0=max(L0) ; n1*=bitwise_left_shift.Tensor_Scalar(n0,·) ; n2=floor.out(n0,·) ; n3=roll(n2,·,·) ; n4*=div.Scalar(n0,·) ; n5*=amax.out(n2,·,·,·) ; n6*=bitwise_or.Scalar(n3,·) ; n7*=unfold_copy(n3,·,·,·)
w5:269	vgf_runner rc=134: /data/jwen929/mobile/vgf_client/vgf_runner.sh: line 79: 3135624 Aborted                 (core dumped) "$RUNNER" --model "$PTE" --inputs "$INARG" --output "$OUTDIR" > "$RUN_LOG" 2>&1 runner rc=134 (see /tmp/vgf_job_fougzcnk/run.log) 	n0=cumsum.out(L0,·,·,·) ; n1*=bitwise_right_shift.Tensor_Scalar(n0,·) ; n2=alias_copy(n0) ; n3*=repeat(n2,·) ; n4=constant_pad_nd(n0,·,·) ; n5*=narrow_copy(n0,·,·,·) ; n6*=logical_xor(L1,n4) ; n7*=bitwise_right_shift.Tensor_Scalar_out(n4,·,·)
w5:299	vgf_runner rc=134: /data/jwen929/mobile/vgf_client/vgf_runner.sh: line 79: 3136178 Aborted                 (core dumped) "$RUNNER" --model "$PTE" --inputs "$INARG" --output "$OUTDIR" > "$RUN_LOG" 2>&1 runner rc=134 (see /tmp/vgf_job_tes53sef/run.log) 	n0=argmax.out(L0,·,·,·) ; n1*=max.unary_out(n0,·) ; n2=ne.Scalar_out(n0,·,·) ; n3=unfold_copy(n0,·,·,·) ; n4*=cosh.out(n2,·) ; n5*=abs(n2) ; n6*=sub.Scalar(n3,·,·) ; n7*=cos.out(n3,·)
w5:449	vgf_runner rc=134: /data/jwen929/mobile/vgf_client/vgf_runner.sh: line 79: 3140483 Aborted                 (core dumped) "$RUNNER" --model "$PTE" --inputs "$INARG" --output "$OUTDIR" > "$RUN_LOG" 2>&1 runner rc=134 (see /tmp/vgf_job_l73zxj2f/run.log) 	n0=argmin.out(L0,·,·,·) ; n1=relu(n0) ; n2=transpose_copy.int(n1,·,·) ; n3=detach_copy(n2) ; n4*=div.Scalar(n0,·) ; n5*=gt.Scalar_out(n3,·,·) ; n6*=trunc.out(n2,·) ; n7*=unfold_copy(n3,·,·,·)
w5:81	vgf_runner rc=134: /data/jwen929/mobile/vgf_client/vgf_runner.sh: line 79: 3148244 Aborted                 (core dumped) "$RUNNER" --model "$PTE" --inputs "$INARG" --output "$OUTDIR" > "$RUN_LOG" 2>&1 runner rc=134 (see /tmp/vgf_job_9dyit81l/run.log) 	n0=any.all_out(L0,·) ; n1*=ge.Scalar_out(n0,·,·) ; n2=constant_pad_nd(n0,·,·) ; n3*=unfold_copy(n0,·,·,·) ; n4=clone(n2,·) ; n5*=roll(n4,·,·) ; n6*=asin.out(n4,·) ; n7*=bitwise_left_shift.Tensor_Scalar_out(n4,·,·)
w50:376	vgf_runner rc=134: /data/jwen929/mobile/vgf_client/vgf_runner.sh: line 79: 3155678 Aborted                 (core dumped) "$RUNNER" --model "$PTE" --inputs "$INARG" --output "$OUTDIR" > "$RUN_LOG" 2>&1 runner rc=134 (see /tmp/vgf_job_0uwhjfw3/run.log) 	n0=prod(L0,·) ; n1=transpose_copy.int(n0,·,·) ; n2*=cos.out(n0,·) ; n3*=index_put(L1,·,n1,·) ; n4=unfold_copy(n1,·,·,·) ; n5*=pow.Scalar_out(·,n4,·) ; n6=hardtanh.out(n4,·,·,·) ; n7*=asin.out(n6,·)
w51:294	vgf_runner rc=134: /data/jwen929/mobile/vgf_client/vgf_runner.sh: line 79: 3171586 Aborted                 (core dumped) "$RUNNER" --model "$PTE" --inputs "$INARG" --output "$OUTDIR" > "$RUN_LOG" 2>&1 runner rc=134 (see /tmp/vgf_job_rrkit_yk/run.log) 	n0=ones.out(·,·) ; n1=bitwise_not.out(n0,·) ; n2=min.unary_out(n1,·) ; n3*=amax.out(n0,·,·,·) ; n4=any.dims_out(n0,·,·,·) ; n5*=min.unary_out(n2,·) ; n6*=pow.Tensor_Scalar_out(n2,·,·) ; n7*=unfold_copy(n4,·,·,·)
w52:306	vgf_runner rc=134: /data/jwen929/mobile/vgf_client/vgf_runner.sh: line 79: 3189113 Aborted                 (core dumped) "$RUNNER" --model "$PTE" --inputs "$INARG" --output "$OUTDIR" > "$RUN_LOG" 2>&1 runner rc=134 (see /tmp/vgf_job_rg7xcopa/run.log) 	n0=repeat(L0,·) ; n1=masked_fill.Scalar(n0,L1,·) ; n2=mean.out(n0,·,·,·,·) ; n3*=mean(n1,·) ; n4=to(n2,·) ; n5=bcast(n4,·) ; n6=bitwise_and.Tensor_out(n1,n5,·) ; n7=bcast(n4,·) ; n8*=ne.Tensor_out(n6,n7,·) ; n9*=lift_fresh_copy(n0) ; n10*=unfold_copy(n4,·,·,·)
w56:41	vgf_runner rc=134: /data/jwen929/mobile/vgf_client/vgf_runner.sh: line 79: 3257719 Aborted                 (core dumped) "$RUNNER" --model "$PTE" --inputs "$INARG" --output "$OUTDIR" > "$RUN_LOG" 2>&1 runner rc=134 (see /tmp/vgf_job_viqq0spx/run.log) 	n0=ne.Tensor_out(L0,L1,·) ; n1=narrow_copy(n0,·,·,·) ; n2=tan.out(n1,·) ; n3*=bitwise_xor.Scalar(n0,·) ; n4=bitwise_and.Scalar_out(n1,·,·) ; n5=to(n4,·) ; n6=pad(n5,·,·) ; n7=to(n2,·) ; n8=bcast(n7,·) ; n9*=max.dim_max(n6,·,·,n1,n8) ; n10*=unfold_copy(n4,·,·,·) ; n11*=lt.Scalar_out(n6,·,·)
w57:21	vgf_runner rc=134: /data/jwen929/mobile/vgf_client/vgf_runner.sh: line 79: 3268872 Aborted                 (core dumped) "$RUNNER" --model "$PTE" --inputs "$INARG" --output "$OUTDIR" > "$RUN_LOG" 2>&1 runner rc=134 (see /tmp/vgf_job_b0l0g74i/run.log) 	n0=gt.Scalar_out(L0,·,·) ; n1=logical_xor.out(L1,n0,·) ; n2=bitwise_and.Tensor_out(n0,L2,·) ; n3=clamp.out(n0,·,·,·) ; n4=sign.out(n1,·) ; n5*=prod.int_out(n4,·,·,·,·) ; n6*=narrow_copy(n2,·,·,·) ; n7*=roll(n3,·,·)
w58:735	vgf_runner rc=134: /data/jwen929/mobile/vgf_client/vgf_runner.sh: line 79: 3293705 Aborted                 (core dumped) "$RUNNER" --model "$PTE" --inputs "$INARG" --output "$OUTDIR" > "$RUN_LOG" 2>&1 runner rc=134 (see /tmp/vgf_job_wf69sxs2/run.log) 	n0=select_copy.int(L0,·,·) ; n1=flip(n0,·) ; n2=logical_not(n0) ; n3=flip(n0,·) ; n4*=bitwise_xor.Scalar_out(n1,·,·) ; n5*=unsqueeze_copy(n3,·) ; n6*=t_copy(n2) ; n7*=unfold_copy(n1,·,·,·)
w60:117	vgf_runner rc=134: /data/jwen929/mobile/vgf_client/vgf_runner.sh: line 79: 3331991 Aborted                 (core dumped) "$RUNNER" --model "$PTE" --inputs "$INARG" --output "$OUTDIR" > "$RUN_LOG" 2>&1 runner rc=134 (see /tmp/vgf_job_doya6f_3/run.log) 	n0=bitwise_right_shift.Tensor_Scalar(L0,·) ; n1=unbind_copy.int(n0,·) ; n2=bitwise_and.Scalar(n1,·) ; n3=any.dims_out(n1,·,·,·) ; n4=prod.out(n2,·,n1) ; n5*=neg.out(n3,·) ; n6*=unfold_copy(n4,·,·,·) ; n7*=logical_or.out(n3,n3,·)
w60:552	vgf_runner rc=134: /data/jwen929/mobile/vgf_client/vgf_runner.sh: line 79: 3345191 Aborted                 (core dumped) "$RUNNER" --model "$PTE" --inputs "$INARG" --output "$OUTDIR" > "$RUN_LOG" 2>&1 runner rc=134 (see /tmp/vgf_job_3q_t7oyl/run.log) 	n0=any.dims_out(L0,·,·,·) ; n1=bcast(n0,·) ; n2=div.out_mode(n1,n0,·,·) ; n3*=atan.out(n0,·) ; n4=narrow_copy(n1,·,·,·) ; n5=mul.Scalar(n1,·) ; n6*=pow.Tensor_Scalar_out(n2,·,·) ; n7*=clamp.Tensor_out(n5,·,·,·) ; n8*=bitwise_and.Tensor_out(L1,n4,·)
w63:204	vgf_runner rc=134: /data/jwen929/mobile/vgf_client/vgf_runner.sh: line 79: 3387945 Aborted                 (core dumped) "$RUNNER" --model "$PTE" --inputs "$INARG" --output "$OUTDIR" > "$RUN_LOG" 2>&1 runner rc=134 (see /tmp/vgf_job_sgi87e07/run.log) 	n0=bitwise_xor.Scalar_out(L0,·,·) ; n1=detach_copy(n0) ; n2*=narrow_copy(n0,·,·,·) ; n3=prod.out(n1,·,·) ; n4=eq.Scalar_out(n1,·,·) ; n5=to(n3,·) ; n6=bcast(n5,·) ; n7=to(n1,·) ; n8=bcast(n7,·) ; n9*=addmm.out(n4,n6,n8,·,·,·) ; n10=to(n5,·) ; n11=bcast(n10,·) ; n12=clampr(n11,·,·) ; n13*=scatter.value_out(n7,·,n12,·,·) ; n14*=cos.out(n5,·)
w63:623	vgf_runner rc=134: /data/jwen929/mobile/vgf_client/vgf_runner.sh: line 79: 3399699 Aborted                 (core dumped) "$RUNNER" --model "$PTE" --inputs "$INARG" --output "$OUTDIR" > "$RUN_LOG" 2>&1 runner rc=134 (see /tmp/vgf_job_pylroyfu/run.log) 	n0=min(L0) ; n1=neg.out(n0,·) ; n2=unfold_copy(n1,·,·,·) ; n3=logical_xor.out(n2,n0,·) ; n4*=ne.Scalar_out(n1,·,·) ; n5*=prod.out(n2,·,·) ; n6*=lift_fresh_copy(n0) ; n7*=t_copy(n3)
w64:541	vgf_runner rc=134: /data/jwen929/mobile/vgf_client/vgf_runner.sh: line 79: 3411620 Aborted                 (core dumped) "$RUNNER" --model "$PTE" --inputs "$INARG" --output "$OUTDIR" > "$RUN_LOG" 2>&1 runner rc=134 (see /tmp/vgf_job_hxig8ifj/run.log) 	n0=ne.Scalar_out(L0,·,·) ; n1=lift_fresh_copy(n0) ; n2*=fill.Tensor(n1,L1) ; n3*=select_scatter(n1,L2,·,·) ; n4*=narrow_copy(n0,·,·,·) ; n5*=cos.out(n1,·) ; n6=logit.out(n1,·,·) ; n7*=_log_softmax.out(n6,·,·,·)
w64:719	vgf_runner rc=134: /data/jwen929/mobile/vgf_client/vgf_runner.sh: line 79: 3415494 Aborted                 (core dumped) "$RUNNER" --model "$PTE" --inputs "$INARG" --output "$OUTDIR" > "$RUN_LOG" 2>&1 runner rc=134 (see /tmp/vgf_job_yvn4km5r/run.log) 	n0=split_copy.Tensor(L0,·,·) ; n1*=where.self_out(L1,n0,L2,·) ; n2=transpose_copy.int(n0,·,·) ; n3=narrow_copy(n2,·,·,·) ; n4*=eq.Tensor_out(n3,L3,·) ; n5*=view_copy(n2,·) ; n6*=ge.Tensor_out(n3,L4,·) ; n7*=hardtanh(n2,·,·)
w66:705	vgf_runner rc=134: /data/jwen929/mobile/vgf_client/vgf_runner.sh: line 79: 3448067 Aborted                 (core dumped) "$RUNNER" --model "$PTE" --inputs "$INARG" --output "$OUTDIR" > "$RUN_LOG" 2>&1 runner rc=134 (see /tmp/vgf_job_sh204cbu/run.log) 	n0=lt.Scalar_out(L0,·,·) ; n1*=neg.out(n0,·) ; n2=ge.Scalar_out(n0,·,·) ; n3*=detach_copy(n2) ; n4=sqrt.out(n0,·) ; n5*=narrow_copy(n4,·,·,·) ; n6=hardtanh.out(n2,·,·,·) ; n7*=logical_not(n6)
w67:534	vgf_runner rc=134: /data/jwen929/mobile/vgf_client/vgf_runner.sh: line 79: 3458606 Aborted                 (core dumped) "$RUNNER" --model "$PTE" --inputs "$INARG" --output "$OUTDIR" > "$RUN_LOG" 2>&1 runner rc=134 (see /tmp/vgf_job_y7vsovei/run.log) 	n0=amax.out(L0,·,·,·) ; n1=to(n0,·) ; n2=bcast(n1,·) ; n3=logical_or(n0,n2) ; n4=floor.out(n1,·) ; n5=eq.Scalar_out(n1,·,·) ; n6*=sqrt.out(n3,·) ; n7*=roll(n4,·,·) ; n8*=rsqrt.out(n1,·) ; n9*=unfold_copy(n5,·,·,·)
w69:174	vgf_runner rc=134: /data/jwen929/mobile/vgf_client/vgf_runner.sh: line 79: 3478291 Aborted                 (core dumped) "$RUNNER" --model "$PTE" --inputs "$INARG" --output "$OUTDIR" > "$RUN_LOG" 2>&1 runner rc=134 (see /tmp/vgf_job_y1mpw3xt/run.log) 	n0=amin.out(L0,·,·,·) ; n1=view_copy(n0,·) ; n2=view_copy(n1,·) ; n3=asin.out(n0,·) ; n4*=sub.Scalar(n0,·,·) ; n5*=gt.Scalar_out(n3,·,·) ; n6*=unfold_copy(n2,·,·,·) ; n7*=div.Scalar_mode(n3,·,·)
w69:531	vgf_runner rc=134: /data/jwen929/mobile/vgf_client/vgf_runner.sh: line 79: 3487422 Aborted                 (core dumped) "$RUNNER" --model "$PTE" --inputs "$INARG" --output "$OUTDIR" > "$RUN_LOG" 2>&1 runner rc=134 (see /tmp/vgf_job_hhz739hm/run.log) 	n0=argmax.out(L0,·,·,·) ; n1=expand_copy(n0,·,·) ; n2=view_copy(n1,·) ; n3=eq.Tensor_out(n2,n2,·) ; n4*=prod.out(n0,·,·) ; n5*=abs(n3) ; n6*=div.Scalar(n3,·) ; n7*=unfold_copy(n3,·,·,·)
w7:186	vgf_runner rc=134: /data/jwen929/mobile/vgf_client/vgf_runner.sh: line 79: 3496464 Aborted                 (core dumped) "$RUNNER" --model "$PTE" --inputs "$INARG" --output "$OUTDIR" > "$RUN_LOG" 2>&1 runner rc=134 (see /tmp/vgf_job_5f4hdpoo/run.log) 	n0=trunc.out(L0,·) ; n1*=any.dims_out(n0,·,·,·) ; n2*=narrow_copy(n0,·,·,·) ; n3=ge.Scalar_out(n0,·,·) ; n4=unsqueeze_copy(n3,·) ; n5*=permute_copy(n4,·) ; n6=to(n0,·) ; n7=pad(n6,·,·) ; n8=clampr(n7,·,·) ; n9*=index_select.out(n3,·,n8,·) ; n10=to(n4,·) ; n11=rshp(n10,·) ; n12=clampr(n11,·,·) ; n13*=index_select(n4,·,n12)
w71:633	vgf_runner rc=134: /data/jwen929/mobile/vgf_client/vgf_runner.sh: line 79: 3540187 Aborted                 (core dumped) "$RUNNER" --model "$PTE" --inputs "$INARG" --output "$OUTDIR" > "$RUN_LOG" 2>&1 runner rc=134 (see /tmp/vgf_job_pq94r6q6/run.log) 	n0=amin.out(L0,·,·,·) ; n1=lift_fresh_copy(n0) ; n2=acos.out(n1,·) ; n3=rshp(n1,·) ; n4*=index_put(n1,·,n3,·) ; n5*=fmod.Scalar(n1,·) ; n6*=copy(n0,n0,·) ; n7*=narrow_copy(n2,·,·,·) ; n8*=clamp.Tensor_out(n3,·,·,·)
w73:67	vgf_runner rc=134: /data/jwen929/mobile/vgf_client/vgf_runner.sh: line 79: 3575736 Aborted                 (core dumped) "$RUNNER" --model "$PTE" --inputs "$INARG" --output "$OUTDIR" > "$RUN_LOG" 2>&1 runner rc=134 (see /tmp/vgf_job_bzyuw5ta/run.log) 	n0=min(L0) ; n1=flip(n0,·) ; n2=unfold_copy(n0,·,·,·) ; n3=bitwise_right_shift.Tensor_Scalar(n1,·) ; n4=argmax.out(n3,·,·,n1) ; n5*=hardtanh(n4,·,·) ; n6=any.dims_out(n2,·,·,·) ; n7*=min.unary_out(n6,·)
w73:717	vgf_runner rc=134: /data/jwen929/mobile/vgf_client/vgf_runner.sh: line 79: 3576856 Aborted                 (core dumped) "$RUNNER" --model "$PTE" --inputs "$INARG" --output "$OUTDIR" > "$RUN_LOG" 2>&1 runner rc=134 (see /tmp/vgf_job_f4b6te7_/run.log) 	n0=narrow_copy(L0,·,·,·) ; n1=to(n0,·) ; n2=rshp(n1,·) ; n3=select_scatter(n0,n2,·,·) ; n4=bitwise_right_shift.Tensor_Scalar_out(n3,·,·) ; n5=narrow_copy(n4,·,·,·) ; n6=bcast(n2,·) ; n7*=fmod.Tensor_out(n6,n1,·) ; n8*=_log_softmax.out(n5,·,·,·) ; n9*=tanh.out(n0,·) ; n10=rshp(n3,·) ; n11*=index_put(n3,·,n10,·)
w77:190	vgf_runner rc=134: /data/jwen929/mobile/vgf_client/vgf_runner.sh: line 79: 3627786 Aborted                 (core dumped) "$RUNNER" --model "$PTE" --inputs "$INARG" --output "$OUTDIR" > "$RUN_LOG" 2>&1 runner rc=134 (see /tmp/vgf_job_ezfr9iww/run.log) 	n0=min.unary_out(L0,·) ; n1=transpose_copy.int(n0,·,·) ; n2*=transpose_copy.int(n1,·,·) ; n3=clone(n1,·) ; n4=to(n0,·) ; n5=bcast(n4,·) ; n6=where.self_out(n3,n3,n5,·) ; n7*=unfold_copy(n3,·,·,·) ; n8*=pixel_shuffle(n5,·) ; n9*=atanh.out(n6,·)
w77:722	vgf_runner rc=134: /data/jwen929/mobile/vgf_client/vgf_runner.sh: line 79: 3640714 Aborted                 (core dumped) "$RUNNER" --model "$PTE" --inputs "$INARG" --output "$OUTDIR" > "$RUN_LOG" 2>&1 runner rc=134 (see /tmp/vgf_job_mrynzkku/run.log) 	n0=floor.out(L0,·) ; n1=narrow_copy(n0,·,·,·) ; n2=any.dims_out(n1,·,·,·) ; n3=unsqueeze_copy(n2,·) ; n4*=copy(n0,n0,·) ; n5*=log2.out(n3,·) ; n6*=lift_fresh_copy(n2) ; n7*=ne.Scalar_out(n2,·,·)
w78:483	vgf_runner rc=134: /data/jwen929/mobile/vgf_client/vgf_runner.sh: line 79: 3652352 Aborted                 (core dumped) "$RUNNER" --model "$PTE" --inputs "$INARG" --output "$OUTDIR" > "$RUN_LOG" 2>&1 runner rc=134 (see /tmp/vgf_job_9vsx56g2/run.log) 	n0=any.dims_out(L0,·,·,·) ; n1=atan.out(n0,·) ; n2=ge.Scalar_out(n1,·,·) ; n3=t_copy(n1) ; n4*=cos.out(n3,·) ; n5*=narrow_copy(n1,·,·,·) ; n6*=mean.out(n3,·,·,·,·) ; n7*=min.unary_out(n2,·)
w78:526	vgf_runner rc=134: /data/jwen929/mobile/vgf_client/vgf_runner.sh: line 79: 3653527 Aborted                 (core dumped) "$RUNNER" --model "$PTE" --inputs "$INARG" --output "$OUTDIR" > "$RUN_LOG" 2>&1 runner rc=134 (see /tmp/vgf_job_ur96q92n/run.log) 	n0=prod(L0,·) ; n1*=argmax.out(n0,·,·,·) ; n2=sign.out(n0,·) ; n3=fmod.Scalar_out(n0,·,·) ; n4=bcast(n3,·) ; n5*=logical_and(n4,n3) ; n6=unfold_copy(n2,·,·,·) ; n7*=clone(n6,·) ; n8*=any.dims_out(n3,·,·,·)
w8:196	vgf_runner rc=134: /data/jwen929/mobile/vgf_client/vgf_runner.sh: line 79: 3679400 Aborted                 (core dumped) "$RUNNER" --model "$PTE" --inputs "$INARG" --output "$OUTDIR" > "$RUN_LOG" 2>&1 runner rc=134 (see /tmp/vgf_job_in7a7bng/run.log) 	n0=floor_divide.out(L0,L1,·) ; n1=slice(n0,·,·,·,·) ; n2=le.Tensor_out(n0,n1,·) ; n3=hardtanh(n0,·,·) ; n4=narrow_copy(n0,·,·,·) ; n5*=logical_not.out(n3,·) ; n6*=min.unary_out(n3,·) ; n7*=eq.Tensor_out(n3,n2,·) ; n8=to(n1,·) ; n9=rshp(n8,·) ; n10*=floor_divide(n9,n4)
w80:275	vgf_runner rc=134: /data/jwen929/mobile/vgf_client/vgf_runner.sh: line 79: 3698415 Aborted                 (core dumped) "$RUNNER" --model "$PTE" --inputs "$INARG" --output "$OUTDIR" > "$RUN_LOG" 2>&1 runner rc=134 (see /tmp/vgf_job_902v5aap/run.log) 	n0=unbind_copy.int(L0,·) ; n1=mul.Scalar(n0,·) ; n2=detach_copy(n1) ; n3=le.Scalar_out(n2,·,·) ; n4*=unfold_copy(n2,·,·,·) ; n5=repeat(n3,·) ; n6*=div.Scalar_mode(n5,·,·) ; n7*=logit.out(n2,·,·)
w81:148	vgf_runner rc=134: /data/jwen929/mobile/vgf_client/vgf_runner.sh: line 79: 3710734 Aborted                 (core dumped) "$RUNNER" --model "$PTE" --inputs "$INARG" --output "$OUTDIR" > "$RUN_LOG" 2>&1 runner rc=134 (see /tmp/vgf_job_9ejlavaw/run.log) 	n0=amin.out(L0,·,·,·) ; n1=gt.Scalar_out(n0,·,·) ; n2=prod.out(n1,·,·) ; n3=to(n2,·) ; n4=bcast(n3,·) ; n5=select_scatter(n1,n4,·,·) ; n6*=logical_not(n5) ; n7*=asin.out(n4,·) ; n8*=unfold_copy(n3,·,·,·) ; n9*=bitwise_left_shift.Tensor_Scalar_out(n4,·,·)
w82:726	vgf_runner rc=134: /data/jwen929/mobile/vgf_client/vgf_runner.sh: line 79: 3744745 Aborted                 (core dumped) "$RUNNER" --model "$PTE" --inputs "$INARG" --output "$OUTDIR" > "$RUN_LOG" 2>&1 runner rc=134 (see /tmp/vgf_job_hnsocdh9/run.log) 	n0=argmin.out(L0,·,·,·) ; n1=unfold_copy(n0,·,·,·) ; n2=eq.Scalar_out(n1,·,·) ; n3=bitwise_right_shift.Tensor_Scalar_out(n0,·,·) ; n4=ne.Tensor_out(n3,n3,·) ; n5*=any.dims_out(n2,·,·,·) ; n6*=div.Scalar_mode(n2,·,·) ; n7*=bitwise_and.Scalar(n4,·)
w83:420	vgf_runner rc=134: /data/jwen929/mobile/vgf_client/vgf_runner.sh: line 79: 3754584 Aborted                 (core dumped) "$RUNNER" --model "$PTE" --inputs "$INARG" --output "$OUTDIR" > "$RUN_LOG" 2>&1 runner rc=134 (see /tmp/vgf_job_frq3hi92/run.log) 	n0=amax.out(L0,·,·,·) ; n1=gt.Scalar_out(n0,·,·) ; n2*=sub.Scalar(n1,·,·) ; n3*=le.Scalar_out(n0,·,·) ; n4*=asin.out(n0,·) ; n5*=remainder.Scalar_out(n0,·,·) ; n6*=fill.Scalar(n0,·) ; n7*=unfold_copy(n0,·,·,·)
w85:104	vgf_runner rc=134: /data/jwen929/mobile/vgf_client/vgf_runner.sh: line 79: 3777413 Aborted                 (core dumped) "$RUNNER" --model "$PTE" --inputs "$INARG" --output "$OUTDIR" > "$RUN_LOG" 2>&1 runner rc=134 (see /tmp/vgf_job_gbyqc12p/run.log) 	n0=clamp.Tensor_out(L0,·,·,·) ; n1=argmax.out(n0,·,·,·) ; n2*=narrow_copy(n0,·,·,·) ; n3=neg.out(n1,·) ; n4*=bitwise_not.out(n0,·) ; n5=max.unary_out(n0,·) ; n6=copy(n5,n3,·) ; n7*=trunc.out(n6,·)
w85:333	vgf_runner rc=134: /data/jwen929/mobile/vgf_client/vgf_runner.sh: line 79: 3783307 Aborted                 (core dumped) "$RUNNER" --model "$PTE" --inputs "$INARG" --output "$OUTDIR" > "$RUN_LOG" 2>&1 runner rc=134 (see /tmp/vgf_job_mzm5kxme/run.log) 	n0=any.dims_out(L0,·,·,·) ; n1=asinh.out(n0,·) ; n2=logical_xor.out(n1,L1,·) ; n3=logical_or(n2,n2) ; n4=mean(n1,·) ; n5*=floor.out(n4,·) ; n6*=narrow_copy(n3,·,·,·) ; n7*=bitwise_and.Scalar_out(n3,·,·)
w85:64	vgf_runner rc=134: /data/jwen929/mobile/vgf_client/vgf_runner.sh: line 79: 3790646 Aborted                 (core dumped) "$RUNNER" --model "$PTE" --inputs "$INARG" --output "$OUTDIR" > "$RUN_LOG" 2>&1 runner rc=134 (see /tmp/vgf_job_g2hcnuqr/run.log) 	n0=pow.Scalar_out(·,L0,·) ; n1*=sin.out(n0,·) ; n2=narrow_copy(n0,·,·,·) ; n3=neg.out(n0,·) ; n4=prod.int_out(n2,·,·,·,·) ; n5*=reciprocal.out(n3,·) ; n6*=any.dims_out(n4,·,·,·) ; n7*=remainder.Scalar_out(n0,·,·)
w85:624	vgf_runner rc=134: /data/jwen929/mobile/vgf_client/vgf_runner.sh: line 79: 3790435 Aborted                 (core dumped) "$RUNNER" --model "$PTE" --inputs "$INARG" --output "$OUTDIR" > "$RUN_LOG" 2>&1 runner rc=134 (see /tmp/vgf_job_qpn2vljt/run.log) 	n0=prod.int_out(L0,·,·,·,·) ; n1*=bitwise_right_shift.Tensor_Scalar(n0,·) ; n2=amax.out(n0,·,·,·) ; n3=sub.Scalar(n2,·,·) ; n4*=div.Scalar_mode(n3,·,·) ; n5=unfold_copy(n2,·,·,·) ; n6*=exp.out(n5,·) ; n7*=argmax.out(n3,·,·,·)
w88:254	vgf_runner rc=134: /data/jwen929/mobile/vgf_client/vgf_runner.sh: line 79: 3834394 Aborted                 (core dumped) "$RUNNER" --model "$PTE" --inputs "$INARG" --output "$OUTDIR" > "$RUN_LOG" 2>&1 runner rc=134 (see /tmp/vgf_job_zzzuwhne/run.log) 	n0=argmin.out(L0,·,·,·) ; n1=repeat(n0,·) ; n2=abs.out(n1,·) ; n3=to(n1,·) ; n4=bcast(n3,·) ; n5=select_scatter(n4,n2,·,·) ; n6*=ge.Scalar_out(n5,·,·) ; n7=relu(n3) ; n8=unfold_copy(n3,·,·,·) ; n9=to(n7,·) ; n10=bcast(n9,·) ; n11*=logical_or(n10,n8)
w88:46	vgf_runner rc=134: /data/jwen929/mobile/vgf_client/vgf_runner.sh: line 79: 3839849 Aborted                 (core dumped) "$RUNNER" --model "$PTE" --inputs "$INARG" --output "$OUTDIR" > "$RUN_LOG" 2>&1 runner rc=134 (see /tmp/vgf_job_6tix2ltj/run.log) 	n0=max(L0) ; n1=remainder.Scalar_out(n0,·,·) ; n2=minimum.out(n0,n0,·) ; n3=mean.dtype_out(n0,·,·) ; n4*=unfold_copy(n1,·,·,·) ; n5*=isnan(n1) ; n6*=fill.Tensor(n0,n2) ; n7*=erf.out(n3,·)
w88:508	vgf_runner rc=134: /data/jwen929/mobile/vgf_client/vgf_runner.sh: line 79: 3841020 Aborted                 (core dumped) "$RUNNER" --model "$PTE" --inputs "$INARG" --output "$OUTDIR" > "$RUN_LOG" 2>&1 runner rc=134 (see /tmp/vgf_job_otz1fm4g/run.log) 	n0=max(L0) ; n1=rsqrt.out(n0,·) ; n2=bitwise_and.Scalar(n0,·) ; n3=le.Tensor_out(n0,n1,·) ; n4=relu(n0) ; n5*=unfold_copy(n2,·,·,·) ; n6*=detach_copy(n4) ; n7*=div.Scalar_mode(n3,·,·)
w9:236	vgf_runner rc=134: /data/jwen929/mobile/vgf_client/vgf_runner.sh: line 79: 3870090 Aborted                 (core dumped) "$RUNNER" --model "$PTE" --inputs "$INARG" --output "$OUTDIR" > "$RUN_LOG" 2>&1 runner rc=134 (see /tmp/vgf_job_easped5m/run.log) 	n0=logical_or.out(L0,L1,·) ; n1=bitwise_left_shift.Tensor_Scalar_out(n0,·,·) ; n2*=argmin.out(n1,·,·,·) ; n3*=split_with_sizes_copy(n0,·,·) ; n4*=narrow_copy(n0,·,·,·) ; n5*=clone(n1,·) ; n6=bitwise_right_shift.Tensor_Scalar_out(n0,·,·) ; n7*=expand_copy(n6,·,·)
w9:313	vgf_runner rc=134: /data/jwen929/mobile/vgf_client/vgf_runner.sh: line 79: 3871990 Aborted                 (core dumped) "$RUNNER" --model "$PTE" --inputs "$INARG" --output "$OUTDIR" > "$RUN_LOG" 2>&1 runner rc=134 (see /tmp/vgf_job_j76upshd/run.log) 	n0=bitwise_left_shift.Tensor_Scalar_out(L0,·,·) ; n1=narrow_copy(n0,·,·,·) ; n2*=unfold_copy(n1,·,·,·) ; n3=sub.Scalar(n0,·,·) ; n4*=scatter.value_out(n1,·,n1,·,·) ; n5*=mean.out(n1,·,·,·,·) ; n6*=detach_copy(n3) ; n7*=gt.Scalar_out(n1,·,·)
w90:712	vgf_runner rc=134: /data/jwen929/mobile/vgf_client/vgf_runner.sh: line 79: 3894912 Aborted                 (core dumped) "$RUNNER" --model "$PTE" --inputs "$INARG" --output "$OUTDIR" > "$RUN_LOG" 2>&1 runner rc=134 (see /tmp/vgf_job_jyl_f7lt/run.log) 	n0=bitwise_left_shift.Tensor_out(L0,L1,·) ; n1=isnan(n0) ; n2*=min(n1) ; n3=narrow_copy(n1,·,·,·) ; n4=t_copy(n0) ; n5*=view_copy(n3,·) ; n6*=add.Scalar(n3,·,·) ; n7*=prod(n4,·)
w91:220	vgf_runner rc=134: /data/jwen929/mobile/vgf_client/vgf_runner.sh: line 79: 3901497 Aborted                 (core dumped) "$RUNNER" --model "$PTE" --inputs "$INARG" --output "$OUTDIR" > "$RUN_LOG" 2>&1 runner rc=134 (see /tmp/vgf_job_t3gtvmej/run.log) 	n0=arange.out(·,·) ; n1=to(n0,·) ; n2=bcast(n1,·) ; n3=select_scatter(n2,n0,·,·) ; n4*=mean.dtype_out(n3,·,·) ; n5*=trunc.out(n2,·) ; n6=sin.out(n2,·) ; n7=to(n1,·) ; n8=bcast(n7,·) ; n9*=sub.out(n8,n6,·,·) ; n10*=trunc.out(n8,·) ; n11*=narrow_copy(n0,·,·,·)
w91:429	vgf_runner rc=134: /data/jwen929/mobile/vgf_client/vgf_runner.sh: line 79: 3906466 Aborted                 (core dumped) "$RUNNER" --model "$PTE" --inputs "$INARG" --output "$OUTDIR" > "$RUN_LOG" 2>&1 runner rc=134 (see /tmp/vgf_job_gj7243jp/run.log) 	n0=bitwise_or.Scalar(L0,·) ; n1=ge.Scalar_out(n0,·,·) ; n2=index.Tensor_out(n0,·,·) ; n3*=narrow_copy(n2,·,·,·) ; n4=pad(n2,·,·) ; n5*=eq.Tensor_out(n0,n4,·) ; n6*=select_copy.int(n2,·,·) ; n7*=bitwise_right_shift.Tensor_out(n0,L1,·) ; n8*=permute_copy(n1,·)
w92:538	vgf_runner rc=134: /data/jwen929/mobile/vgf_client/vgf_runner.sh: line 79: 3928427 Aborted                 (core dumped) "$RUNNER" --model "$PTE" --inputs "$INARG" --output "$OUTDIR" > "$RUN_LOG" 2>&1 runner rc=134 (see /tmp/vgf_job_3cslyj46/run.log) 	n0=any.dims_out(L0,·,·,·) ; n1=unfold_copy(n0,·,·,·) ; n2=cosh.out(n0,·) ; n3=to(n2,·) ; n4=bcast(n3,·) ; n5=bitwise_xor.Tensor_out(n1,n4,·) ; n6=bitwise_xor.Tensor_out(n4,n0,·) ; n7=expm1.out(n6,·) ; n8*=ne.Scalar_out(n7,·,·) ; n9*=roll(n5,·,·)
w92:573	vgf_runner rc=134: /data/jwen929/mobile/vgf_client/vgf_runner.sh: line 79: 3929781 Aborted                 (core dumped) "$RUNNER" --model "$PTE" --inputs "$INARG" --output "$OUTDIR" > "$RUN_LOG" 2>&1 runner rc=134 (see /tmp/vgf_job_9jv4404w/run.log) 	n0=gt.Scalar_out(L0,·,·) ; n1=any.dims_out(n0,·,·,·) ; n2=sub.Scalar(n1,·,·) ; n3*=amax.out(n0,·,·,·) ; n4=constant_pad_nd(n2,·,·) ; n5*=logical_and(L1,n0) ; n6=rshp(n2,·) ; n7*=select_scatter(n4,n6,·,·) ; n8*=narrow_copy(n1,·,·,·)
w93:534	vgf_runner rc=134: /data/jwen929/mobile/vgf_client/vgf_runner.sh: line 79: 3946125 Aborted                 (core dumped) "$RUNNER" --model "$PTE" --inputs "$INARG" --output "$OUTDIR" > "$RUN_LOG" 2>&1 runner rc=134 (see /tmp/vgf_job_7zrv1lxu/run.log) 	n0=sum.IntList_out(L0,·,·,·,·) ; n1=ceil.out(n0,·) ; n2*=slice_copy.Tensor(n1,·,·,·,·) ; n3*=index.Tensor_out(n0,·,·) ; n4=clone(n0,·) ; n5*=repeat(n4,·) ; n6*=narrow_copy(n4,·,·,·) ; n7*=sub.out(n4,L1,·,·)
w95:690	vgf_runner rc=134: /data/jwen929/mobile/vgf_client/vgf_runner.sh: line 79: 3988018 Aborted                 (core dumped) "$RUNNER" --model "$PTE" --inputs "$INARG" --output "$OUTDIR" > "$RUN_LOG" 2>&1 runner rc=134 (see /tmp/vgf_job_3ohl5xh9/run.log) 	n0=gt.Scalar_out(L0,·,·) ; n1=gt.Scalar_out(n0,·,·) ; n2=trunc.out(n0,·) ; n3=rsqrt.out(n2,·) ; n4*=logical_or(n0,n2) ; n5=detach_copy(n1) ; n6*=narrow_copy(n2,·,·,·) ; n7*=atan.out(n5,n3)
w96:269	vgf_runner rc=134: /data/jwen929/mobile/vgf_client/vgf_runner.sh: line 79: 3994457 Aborted                 (core dumped) "$RUNNER" --model "$PTE" --inputs "$INARG" --output "$OUTDIR" > "$RUN_LOG" 2>&1 runner rc=134 (see /tmp/vgf_job_w1dgms5x/run.log) 	n0=ge.Scalar_out(L0,·,·) ; n1*=logical_or(n0,n0) ; n2=narrow_copy(n0,·,·,·) ; n3=ge.Scalar_out(n2,·,·) ; n4*=mul.out(L1,n3,·) ; n5=slice_scatter(L2,n0,·,·,·,·) ; n6=transpose_copy.int(n5,·,·) ; n7*=atan.out(n6,·)
w97:333	vgf_runner rc=134: /data/jwen929/mobile/vgf_client/vgf_runner.sh: line 79: 4014400 Aborted                 (core dumped) "$RUNNER" --model "$PTE" --inputs "$INARG" --output "$OUTDIR" > "$RUN_LOG" 2>&1 runner rc=134 (see /tmp/vgf_job_d9fs9xcs/run.log) 	n0=min.dim_min(L0,·,·,L1,L2) ; n1=amax.out(n0,·,·,·) ; n2=any.dims_out(n1,·,·,·) ; n3=clone(n0,·) ; n4*=amax.out(n3,·,·,·) ; n5=unfold_copy(n1,·,·,·) ; n6*=bitwise_xor.Scalar_out(n5,·,·) ; n7*=sign.out(n2,·)
w97:41	vgf_runner rc=134: /data/jwen929/mobile/vgf_client/vgf_runner.sh: line 79: 4016554 Aborted                 (core dumped) "$RUNNER" --model "$PTE" --inputs "$INARG" --output "$OUTDIR" > "$RUN_LOG" 2>&1 runner rc=134 (see /tmp/vgf_job_f4rx326o/run.log) 	n0=amax.out(L0,·,·,·) ; n1=narrow_copy(n0,·,·,·) ; n2=bitwise_right_shift.Tensor_Scalar(n1,·) ; n3=to(n0,·) ; n4=bcast(n3,·) ; n5*=div.out(n4,n2,·) ; n6*=slice_scatter(L1,n2,·,·,·,·) ; n7*=logical_not(n4) ; n8*=roll(n1,·,·) ; n9*=narrow_copy(n3,·,·,·)
w99:341	vgf_runner rc=134: /data/jwen929/mobile/vgf_client/vgf_runner.sh: line 79: 4046101 Aborted                 (core dumped) "$RUNNER" --model "$PTE" --inputs "$INARG" --output "$OUTDIR" > "$RUN_LOG" 2>&1 runner rc=134 (see /tmp/vgf_job_mo87zpee/run.log) 	n0=abs.out(L0,·) ; n1*=narrow_copy(n0,·,·,·) ; n2*=sqrt.out(n0,·) ; n3=bitwise_xor.Scalar_out(n0,·,·) ; n4*=pow.Tensor_Scalar_out(n0,·,·) ; n5=ne.Scalar_out(n3,·,·) ; n6*=narrow_copy(n0,·,·,·) ; n7*=bitwise_right_shift.Tensor_Scalar(n5,·)
w99:383	vgf_runner rc=134: /data/jwen929/mobile/vgf_client/vgf_runner.sh: line 79: 4046960 Aborted                 (core dumped) "$RUNNER" --model "$PTE" --inputs "$INARG" --output "$OUTDIR" > "$RUN_LOG" 2>&1 runner rc=134 (see /tmp/vgf_job_z_1ff83b/run.log) 	n0=prod.int_out(L0,·,·,·,·) ; n1=fmod.Scalar(n0,·) ; n2=logical_not.out(n1,·) ; n3=unfold_copy(n0,·,·,·) ; n4=erf.out(n2,·) ; n5=copy(n3,n3,·) ; n6*=add.Scalar(n5,·,·) ; n7*=atan.out(n4,·)
