w83_1657.py	6	OPERATOR	n18	A=MISMATCH	B=MISMATCH
w20_1644.py	-	FULL_OK	-	-	-
w25_1165.py	-	FULL_OK	-	-	-
w90_1661.py	-	FULL_OK	-	-	-
w92_206.py	-	FULL_OK	-	-	-
w21_959.py	-	FULL_RUNEXC:RuntimeError	-	-	-
w38_1781.py	-	FULL_OK	-	-	-
w68_1077.py	-	FULL_OK	-	-	-
w93_356.py	-	FULL_RUNEXC:RuntimeError	-	-	-
w25_1399.py	-	FULL_OK	-	-	-
w58_1524.py	-	FULL_RUNEXC:RuntimeError	-	-	-
w77_785.py	-	FULL_RUNEXC:RuntimeError	-	-	-
w37_1525.py	-	FULL_RUNEXC:RuntimeError	-	-	-
w38_1157.py	-	FULL_OK	-	-	-
w43_97.py	-	FULL_OK	-	-	-
w85_1902.py	-	FULL_RUNEXC:RuntimeError	-	-	-
w33_156.py	-	FULL_RUNEXC:RuntimeError	-	-	-
w46_559.py	-	FULL_OK	-	-	-
w75_260.py	-	FULL_RUNEXC:RuntimeError	-	-	-
w53_1464.py	-	NATIVE_ABORT_sig6	-	-	-
w75_80.py	-	FULL_OK	-	-	-
w82_313.py	3	OPERATOR	n11	A=MISMATCH	B=MISMATCH
w82_313.py	5	OPERATOR	n13	A=MISMATCH	B=MISMATCH
w82_313.py	6	OPERATOR	n14	A=MISMATCH	B=MISMATCH
w82_313.py	7	OPERATOR	n15	A=MISMATCH	B=MISMATCH
w82_313.py	8	OPERATOR	n18	A=MISMATCH	B=MISMATCH
w82_313.py	9	OPERATOR	n19	A=MISMATCH	B=MISMATCH
w80_659.py	-	FULL_RUNEXC:RuntimeError	-	-	-
w30_766.py	-	FULL_OK	-	-	-
w55_231.py	-	FULL_OK	-	-	-
w45_1217.py	2	OPERATOR	n9	A=MISMATCH	B=MISMATCH
w19_377.py	-	FULL_OK	-	-	-
w0_83.py	0	OPERATOR	n7	A=MISMATCH	B=MISMATCH
w25_327.py	-	FULL_RUNEXC:RuntimeError	-	-	-
w19_469.py	-	NATIVE_ABORT_sig6	-	-	-
w38_437.py	-	FULL_RUNEXC:RuntimeError	-	-	-
w90_18.py	-	FULL_RUNEXC:RuntimeError	-	-	-
w6_878.py	-	FULL_RUNEXC:RuntimeError	-	-	-
w52_640.py	-	FULL_RUNEXC:RuntimeError	-	-	-
w31_508.py	7	GRAPHOPT	n19	A=OK	B=MISMATCH
w93_792.py	3	OPERATOR	n21	A=MISMATCH	B=MISMATCH
w29_1479.py	-	FULL_RUNEXC:RuntimeError	-	-	-
w83_1268.py	-	FULL_OK	-	-	-
w38_316.py	-	FULL_RUNEXC:RuntimeError	-	-	-
w25_1305.py	-	FULL_OK	-	-	-
w65_528.py	-	FULL_OK	-	-	-
w74_1384.py	-	FULL_OK	-	-	-
w14_655.py	-	FULL_OK	-	-	-
w9_638.py	5	GRAPHOPT	n15	A=OK	B=MISMATCH
w18_710.py	-	FULL_RUNEXC:RuntimeError	-	-	-
w30_299.py	-	FULL_OK	-	-	-
w16_991.py	-	FULL_RUNEXC:RuntimeError	-	-	-
w72_377.py	-	FULL_RUNEXC:RuntimeError	-	-	-
w8_182.py	-	FULL_OK	-	-	-
w2_172.py	-	FULL_OK	-	-	-
w17_196.py	-	FULL_RUNEXC:RuntimeError	-	-	-
w85_640.py	-	FULL_OK	-	-	-
w50_1427.py	-	FULL_OK	-	-	-
w24_975.py	-	FULL_OK	-	-	-
w25_777.py	-	FULL_OK	-	-	-
w91_1315.py	-	FULL_RUNEXC:RuntimeError	-	-	-
w74_1240.py	-	FULL_OK	-	-	-
w73_1645.py	-	FULL_RUNEXC:RuntimeError	-	-	-
w82_1727.py	-	FULL_RUNEXC:RuntimeError	-	-	-
w59_1677.py	5	OPERATOR	n15	A=MISMATCH	B=MISMATCH
w59_1677.py	6	OPERATOR	n18	A=MISMATCH	B=MISMATCH
w16_1295.py	-	FULL_RUNEXC:RuntimeError	-	-	-
w24_234.py	-	FULL_OK	-	-	-
w7_1466.py	-	FULL_OK	-	-	-
w69_1172.py	-	FULL_OK	-	-	-
w15_843.py	-	NATIVE_ABORT_sig6	-	-	-
w58_1306.py	3	OPERATOR	n15	A=MISMATCH	B=MISMATCH
w13_306.py	-	FULL_OK	-	-	-
w69_896.py	-	FULL_RUNEXC:RuntimeError	-	-	-
w42_378.py	7	OPERATOR	n16	A=MISMATCH	B=MISMATCH
w32_1264.py	0	OPERATOR	n7	A=MISMATCH	B=MISMATCH
w21_164.py	-	FULL_OK	-	-	-
w92_536.py	-	FULL_OK	-	-	-
w74_935.py	-	FULL_RUNEXC:RuntimeError	-	-	-
w80_14.py	-	FULL_RUNEXC:RuntimeError	-	-	-
w34_626.py	-	FULL_OK	-	-	-
w92_1535.py	-	FULL_RUNEXC:RuntimeError	-	-	-
w42_1531.py	-	FULL_RUNEXC:RuntimeError	-	-	-
w66_229.py	-	FULL_OK	-	-	-
w26_1659.py	-	FULL_RUNEXC:RuntimeError	-	-	-
w8_743.py	-	FULL_RUNEXC:RuntimeError	-	-	-
w83_998.py	-	FULL_RUNEXC:RuntimeError	-	-	-
w61_1274.py	-	FULL_OK	-	-	-
w7_1096.py	-	FULL_OK	-	-	-
w28_341.py	-	FULL_OK	-	-	-
w30_700.py	-	FULL_RUNEXC:RuntimeError	-	-	-
w1_940.py	-	FULL_RUNEXC:RuntimeError	-	-	-
w91_645.py	-	FULL_OK	-	-	-
w33_993.py	-	FULL_RUNEXC:RuntimeError	-	-	-
w59_1456.py	-	FULL_OK	-	-	-
w76_485.py	-	FULL_OK	-	-	-
w84_1599.py	-	FULL_RUNEXC:RuntimeError	-	-	-
w75_1103.py	-	FULL_RUNEXC:RuntimeError	-	-	-
w31_487.py	-	FULL_OK	-	-	-
w54_40.py	-	FULL_OK	-	-	-
w91_1435.py	0	OPERATOR	n5	A=MISMATCH	B=MISMATCH
w91_1435.py	1	OPERATOR	n8	A=MISMATCH	B=MISMATCH
w91_1435.py	2	OPERATOR	n9	A=MISMATCH	B=MISMATCH
w91_1435.py	4	OPERATOR	n11	A=MISMATCH	B=MISMATCH
w91_1435.py	5	OPERATOR	n12	A=MISMATCH	B=MISMATCH
w91_1435.py	7	OPERATOR	n18	A=MISMATCH	B=MISMATCH
w71_3.py	-	FULL_OK	-	-	-
w28_894.py	-	FULL_RUNEXC:RuntimeError	-	-	-
w57_1442.py	-	FULL_OK	-	-	-
w14_907.py	-	FULL_OK	-	-	-
w47_1292.py	8	OPERATOR	n23	A=MISMATCH	B=MISMATCH
w51_154.py	-	FULL_RUNEXC:RuntimeError	-	-	-
w87_563.py	-	FULL_OK	-	-	-
w35_196.py	-	FULL_OK	-	-	-
w52_520.py	-	FULL_OK	-	-	-
w41_1719.py	-	FULL_OK	-	-	-
w43_809.py	-	FULL_RUNEXC:RuntimeError	-	-	-
w10_195.py	-	FULL_OK	-	-	-
w25_773.py	-	FULL_RUNEXC:RuntimeError	-	-	-
w63_194.py	-	FULL_OK	-	-	-
w22_946.py	-	FULL_OK	-	-	-
w88_917.py	-	FULL_OK	-	-	-
w28_428.py	-	FULL_OK	-	-	-
w16_1594.py	-	FULL_OK	-	-	-
w0_1195.py	-	FULL_RUNEXC:RuntimeError	-	-	-
w14_647.py	-	NATIVE_ABORT_sig6	-	-	-
w71_1553.py	-	NATIVE_ABORT_sig6	-	-	-
w60_1421.py	4	OPERATOR	n10	A=MISMATCH	B=MISMATCH
w14_1369.py	-	FULL_OK	-	-	-
w24_306.py	-	FULL_OK	-	-	-
w17_1359.py	-	FULL_OK	-	-	-
w18_843.py	-	FULL_RUNEXC:RuntimeError	-	-	-
w3_48.py	-	FULL_OK	-	-	-
w32_401.py	-	FULL_RUNEXC:RuntimeError	-	-	-
w36_1501.py	-	FULL_RUNEXC:RuntimeError	-	-	-
w89_140.py	-	FULL_OK	-	-	-
w92_1565.py	4	OPERATOR	n15	A=MISMATCH	B=MISMATCH
w92_1565.py	6	OPERATOR	n19	A=MISMATCH	B=MISMATCH
w80_335.py	-	FULL_RUNEXC:RuntimeError	-	-	-
w77_1325.py	-	NATIVE_ABORT_sig6	-	-	-
w27_18.py	-	FULL_RUNEXC:RuntimeError	-	-	-
w65_1098.py	-	FULL_OK	-	-	-
w77_1440.py	-	FULL_OK	-	-	-
w6_178.py	-	FULL_OK	-	-	-
w57_147.py	-	FULL_OK	-	-	-
w76_1320.py	-	FULL_OK	-	-	-
w41_462.py	-	NATIVE_ABORT_sig6	-	-	-
w23_162.py	-	FULL_OK	-	-	-
w29_704.py	-	FULL_OK	-	-	-
w41_465.py	-	FULL_OK	-	-	-
w15_582.py	-	FULL_OK	-	-	-
w72_609.py	-	FULL_OK	-	-	-
w26_818.py	-	FULL_RUNEXC:RuntimeError	-	-	-
w26_1129.py	-	FULL_RUNEXC:RuntimeError	-	-	-
w49_1533.py	-	FULL_OK	-	-	-
w44_199.py	-	FULL_OK	-	-	-
w15_936.py	-	NATIVE_ABORT_sig6	-	-	-
w88_465.py	-	FULL_RUNEXC:RuntimeError	-	-	-
w47_1145.py	-	FULL_OK	-	-	-
w9_850.py	-	FULL_RUNEXC:RuntimeError	-	-	-
w74_186.py	4	OPERATOR	n13	A=MISMATCH	B=MISMATCH
w88_1659.py	-	NATIVE_ABORT_sig6	-	-	-
w42_1324.py	-	FULL_OK	-	-	-
w55_1323.py	0	OPERATOR	n8	A=MISMATCH	B=MISMATCH
w11_699.py	-	FULL_RUNEXC:RuntimeError	-	-	-
w71_1215.py	-	FULL_OK	-	-	-
w91_192.py	-	FULL_RUNEXC:RuntimeError	-	-	-
w71_683.py	-	FULL_RUNEXC:RuntimeError	-	-	-
w36_398.py	-	NATIVE_ABORT_sig6	-	-	-
w34_1024.py	0	OPERATOR	n8	A=MISMATCH	B=MISMATCH
w56_1552.py	-	FULL_RUNEXC:RuntimeError	-	-	-
w0_499.py	-	FULL_RUNEXC:RuntimeError	-	-	-
w52_195.py	-	FULL_OK	-	-	-
w72_578.py	-	FULL_RUNEXC:RuntimeError	-	-	-
w38_1271.py	-	NATIVE_ABORT_sig6	-	-	-
w50_1443.py	1	OPERATOR	n7	A=MISMATCH	B=MISMATCH
w50_1443.py	4	OPERATOR	n13	A=MISMATCH	B=MISMATCH
w29_238.py	-	FULL_OK	-	-	-
w39_971.py	-	FULL_OK	-	-	-
w7_418.py	-	FULL_RUNEXC:RuntimeError	-	-	-
w83_314.py	-	FULL_RUNEXC:RuntimeError	-	-	-
w79_665.py	-	FULL_OK	-	-	-
w80_1481.py	-	FULL_OK	-	-	-
w64_558.py	-	FULL_OK	-	-	-
w24_1108.py	-	FULL_OK	-	-	-
w73_625.py	-	FULL_OK	-	-	-
w80_1123.py	-	FULL_OK	-	-	-
w62_1559.py	-	FULL_OK	-	-	-
w45_369.py	-	FULL_RUNEXC:RuntimeError	-	-	-
w84_278.py	-	FULL_RUNEXC:RuntimeError	-	-	-
w0_667.py	-	FULL_OK	-	-	-
w80_141.py	-	FULL_OK	-	-	-
w57_609.py	-	FULL_OK	-	-	-
w53_1549.py	-	FULL_OK	-	-	-
w4_508.py	-	FULL_RUNEXC:RuntimeError	-	-	-
w43_781.py	-	FULL_OK	-	-	-
w50_817.py	-	FULL_OK	-	-	-
w46_1421.py	-	NATIVE_ABORT_sig6	-	-	-
w21_508.py	-	FULL_OK	-	-	-
w39_888.py	-	FULL_RUNEXC:RuntimeError	-	-	-
w95_1686.py	-	FULL_RUNEXC:RuntimeError	-	-	-
w15_755.py	-	FULL_OK	-	-	-
w27_248.py	-	NATIVE_ABORT_sig6	-	-	-
w3_842.py	-	FULL_OK	-	-	-
w3_401.py	-	FULL_OK	-	-	-
w68_1317.py	-	FULL_RUNEXC:RuntimeError	-	-	-
w55_217.py	-	FULL_OK	-	-	-
w42_717.py	0	OPERATOR	n7	A=MISMATCH	B=MISMATCH
w42_717.py	1	OPERATOR	n12	A=MISMATCH	B=MISMATCH
w42_717.py	2	OPERATOR	n13	A=MISMATCH	B=MISMATCH
w42_717.py	4	OPERATOR	n15	A=MISMATCH	B=MISMATCH
w42_717.py	6	OPERATOR	n17	A=MISMATCH	B=MISMATCH
w42_717.py	7	OPERATOR	n18	A=MISMATCH	B=MISMATCH
w42_717.py	8	OPERATOR	n19	A=MISMATCH	B=MISMATCH
w42_717.py	9	OPERATOR	n20	A=MISMATCH	B=MISMATCH
w8_1178.py	-	FULL_RUNEXC:RuntimeError	-	-	-
w65_1060.py	-	FULL_RUNEXC:RuntimeError	-	-	-
w48_698.py	-	FULL_RUNEXC:RuntimeError	-	-	-
w13_778.py	-	FULL_OK	-	-	-
w8_556.py	-	FULL_RUNEXC:RuntimeError	-	-	-
w52_505.py	-	FULL_RUNEXC:RuntimeError	-	-	-
w74_549.py	-	FULL_OK	-	-	-
w54_120.py	-	FULL_RUNEXC:RuntimeError	-	-	-
w21_1035.py	-	FULL_RUNEXC:RuntimeError	-	-	-
w42_1305.py	-	FULL_RUNEXC:RuntimeError	-	-	-
w72_783.py	-	NATIVE_ABORT_sig6	-	-	-
w52_1448.py	-	FULL_RUNEXC:RuntimeError	-	-	-
w44_669.py	-	FULL_RUNEXC:RuntimeError	-	-	-
w16_1146.py	-	FULL_RUNEXC:RuntimeError	-	-	-
w7_916.py	-	FULL_RUNEXC:RuntimeError	-	-	-
w47_810.py	1	OPERATOR	n7	A=MISMATCH	B=MISMATCH
w6_106.py	-	FULL_RUNEXC:RuntimeError	-	-	-
w37_625.py	-	FULL_OK	-	-	-
w14_576.py	-	FULL_RUNEXC:RuntimeError	-	-	-
w67_100.py	1	OPERATOR	n6	A=MISMATCH	B=MISMATCH
w67_100.py	2	OPERATOR	n10	A=MISMATCH	B=MISMATCH
w67_100.py	3	OPERATOR	n19	A=MISMATCH	B=MISMATCH
w6_1171.py	-	FULL_OK	-	-	-
w9_184.py	-	FULL_OK	-	-	-
w11_1229.py	-	FULL_OK	-	-	-
w81_514.py	-	FULL_OK	-	-	-
w59_930.py	-	FULL_OK	-	-	-
w4_483.py	-	FULL_OK	-	-	-
w72_565.py	-	FULL_RUNEXC:RuntimeError	-	-	-
w9_1525.py	-	FULL_RUNEXC:RuntimeError	-	-	-
w73_1489.py	-	FULL_RUNEXC:RuntimeError	-	-	-
w50_1147.py	0	OPERATOR	n6	A=MISMATCH	B=MISMATCH
w75_472.py	-	FULL_OK	-	-	-
w14_810.py	-	FULL_OK	-	-	-
w74_85.py	-	FULL_OK	-	-	-
w11_1494.py	3	OPERATOR	n9	A=MISMATCH	B=MISMATCH
w18_1452.py	-	FULL_OK	-	-	-
w40_201.py	-	FULL_RUNEXC:RuntimeError	-	-	-
w22_83.py	-	FULL_RUNEXC:RuntimeError	-	-	-
w53_792.py	-	FULL_RUNEXC:RuntimeError	-	-	-
w91_1147.py	-	FULL_OK	-	-	-
w16_1306.py	-	FULL_OK	-	-	-
w43_1015.py	-	FULL_RUNEXC:RuntimeError	-	-	-
w30_485.py	-	FULL_OK	-	-	-
w18_1278.py	-	FULL_RUNEXC:RuntimeError	-	-	-
w77_1498.py	-	FULL_OK	-	-	-
w65_673.py	-	FULL_OK	-	-	-
w29_564.py	-	NATIVE_ABORT_sig6	-	-	-
w54_726.py	-	FULL_RUNEXC:RuntimeError	-	-	-
w55_1344.py	-	FULL_OK	-	-	-
w10_1593.py	-	FULL_RUNEXC:RuntimeError	-	-	-
w40_531.py	-	FULL_OK	-	-	-
w59_731.py	-	FULL_OK	-	-	-
w29_1058.py	-	FULL_OK	-	-	-
w22_355.py	2	OPERATOR	n9	A=MISMATCH	B=MISMATCH
w22_355.py	4	OPERATOR	n11	A=MISMATCH	B=MISMATCH
w22_355.py	5	OPERATOR	n12	A=MISMATCH	B=MISMATCH
w22_355.py	7	OPERATOR	n14	A=MISMATCH	B=MISMATCH
w4_327.py	-	FULL_RUNEXC:RuntimeError	-	-	-
w30_373.py	-	NATIVE_ABORT_sig6	-	-	-
w45_67.py	-	FULL_OK	-	-	-
w51_1138.py	-	FULL_OK	-	-	-
w50_1044.py	-	FULL_OK	-	-	-
w69_1194.py	-	FULL_OK	-	-	-
w74_1332.py	-	FULL_OK	-	-	-
w47_618.py	-	FULL_RUNEXC:RuntimeError	-	-	-
w0_741.py	-	FULL_RUNEXC:RuntimeError	-	-	-
w11_1239.py	-	FULL_RUNEXC:RuntimeError	-	-	-
w88_1396.py	-	FULL_OK	-	-	-
w45_1846.py	-	FULL_RUNEXC:RuntimeError	-	-	-
w16_744.py	-	FULL_OK	-	-	-
w21_519.py	-	FULL_OK	-	-	-
w0_662.py	-	FULL_OK	-	-	-
w65_107.py	-	FULL_OK	-	-	-
w65_1103.py	-	FULL_RUNEXC:RuntimeError	-	-	-
w59_1670.py	-	FULL_RUNEXC:RuntimeError	-	-	-
w47_319.py	-	FULL_RUNEXC:RuntimeError	-	-	-
w55_1010.py	-	FULL_OK	-	-	-
w68_1416.py	-	FULL_OK	-	-	-
w50_116.py	-	FULL_OK	-	-	-
w20_1433.py	-	NATIVE_ABORT_sig6	-	-	-
w39_575.py	-	FULL_OK	-	-	-
w6_389.py	-	FULL_RUNEXC:RuntimeError	-	-	-
w19_1590.py	-	NATIVE_ABORT_sig6	-	-	-
w31_941.py	-	NATIVE_ABORT_sig6	-	-	-
w59_1772.py	-	FULL_RUNEXC:RuntimeError	-	-	-
w87_737.py	2	OPERATOR	n9	A=MISMATCH	B=MISMATCH
w87_737.py	7	OPERATOR	n15	A=MISMATCH	B=MISMATCH
w87_737.py	8	OPERATOR	n18	A=MISMATCH	B=MISMATCH
w87_737.py	9	OPERATOR	n19	A=MISMATCH	B=MISMATCH
w32_453.py	6	OPERATOR	n20	A=MISMATCH	B=MISMATCH
w28_1729.py	-	NATIVE_ABORT_sig6	-	-	-
w35_284.py	-	FULL_OK	-	-	-
w13_860.py	-	FULL_OK	-	-	-
w79_1109.py	-	FULL_OK	-	-	-
w87_330.py	-	FULL_OK	-	-	-
w31_957.py	-	FULL_OK	-	-	-
w38_210.py	-	FULL_OK	-	-	-
w10_472.py	4	OPERATOR	n12	A=MISMATCH	B=MISMATCH
w15_1742.py	-	FULL_OK	-	-	-
w59_1594.py	-	FULL_OK	-	-	-
w71_96.py	-	NATIVE_ABORT_sig6	-	-	-
w30_628.py	-	FULL_RUNEXC:RuntimeError	-	-	-
w62_141.py	-	NATIVE_ABORT_sig6	-	-	-
w26_228.py	-	FULL_OK	-	-	-
w65_1352.py	-	FULL_OK	-	-	-
w69_1018.py	-	FULL_RUNEXC:RuntimeError	-	-	-
w5_362.py	-	NATIVE_ABORT_sig6	-	-	-
w12_1463.py	-	FULL_RUNEXC:RuntimeError	-	-	-
w43_39.py	-	FULL_OK	-	-	-
w52_418.py	-	FULL_OK	-	-	-
w65_437.py	-	FULL_OK	-	-	-
w78_1377.py	-	FULL_OK	-	-	-
w16_198.py	-	FULL_OK	-	-	-
w12_1491.py	-	FULL_OK	-	-	-
w29_78.py	-	FULL_RUNEXC:RuntimeError	-	-	-
w39_446.py	-	FULL_RUNEXC:RuntimeError	-	-	-
w68_54.py	-	FULL_OK	-	-	-
w45_223.py	-	FULL_OK	-	-	-
w47_1135.py	-	FULL_OK	-	-	-
w74_690.py	-	NATIVE_ABORT_sig6	-	-	-
w48_934.py	-	FULL_RUNEXC:RuntimeError	-	-	-
w68_1154.py	-	FULL_OK	-	-	-
w92_87.py	-	FULL_OK	-	-	-
w26_853.py	1	OPERATOR	n7	A=MISMATCH	B=MISMATCH
w26_853.py	4	OPERATOR	n12	A=MISMATCH	B=MISMATCH
w19_929.py	-	NATIVE_ABORT_sig6	-	-	-
w77_68.py	2	OPERATOR	n10	A=MISMATCH	B=MISMATCH
w16_433.py	-	FULL_OK	-	-	-
w52_527.py	-	FULL_RUNEXC:RuntimeError	-	-	-
w87_220.py	-	NATIVE_ABORT_sig6	-	-	-
w53_1415.py	-	FULL_OK	-	-	-
w63_947.py	-	FULL_OK	-	-	-
w57_505.py	-	FULL_OK	-	-	-
w7_798.py	-	FULL_OK	-	-	-
w24_1717.py	-	FULL_RUNEXC:RuntimeError	-	-	-
w80_1563.py	-	FULL_RUNEXC:RuntimeError	-	-	-
w30_1462.py	1	OPERATOR	n4	A=MISMATCH	B=MISMATCH
w24_1524.py	-	NATIVE_ABORT_sig6	-	-	-
w53_576.py	-	FULL_RUNEXC:RuntimeError	-	-	-
w20_1109.py	-	FULL_OK	-	-	-
w75_277.py	-	FULL_RUNEXC:RuntimeError	-	-	-
w89_868.py	-	FULL_RUNEXC:RuntimeError	-	-	-
w8_753.py	-	FULL_OK	-	-	-
w47_1300.py	-	FULL_OK	-	-	-
w7_693.py	-	NATIVE_ABORT_sig6	-	-	-
w82_415.py	-	FULL_OK	-	-	-
w8_1589.py	-	FULL_RUNEXC:RuntimeError	-	-	-
w82_5.py	-	FULL_OK	-	-	-
w43_235.py	-	FULL_OK	-	-	-
w41_379.py	6	OPERATOR	n16	A=MISMATCH	B=MISMATCH
w14_146.py	-	FULL_OK	-	-	-
w29_483.py	-	FULL_OK	-	-	-
w23_208.py	-	FULL_OK	-	-	-
w61_511.py	-	FULL_OK	-	-	-
