class_in	job	out	verdict	target	mechanism	leaf_nonfinite	detail
COMPOSITIONAL	w0:163	0	COMPOSITIONAL	n5	VALUE	False	maxdiff=1.417e+00
COMPOSITIONAL	w0:45	0	COMPOSITIONAL	n3	ZEROED	False	dev_max=0.00e+00 ref_max=3.50e-02
COMPOSITIONAL	w0:523	0	COMPOSITIONAL	n4	NONFINITE	False	dev_nonfinite=128 ref_nonfinite=0
COMPOSITIONAL	w0:684	0	COMPOSITIONAL	n1	VALUE	False	maxdiff=6.918e+18
COMPOSITIONAL	w100:259	0	COMPOSITIONAL	n2	NONFINITE	False	dev_nonfinite=1 ref_nonfinite=0
COMPOSITIONAL	w100:263	1	COMPOSITIONAL	n6	SCALE:-1.333	False	std=0.00e+00
COMPOSITIONAL	w100:33	3	COMPOSITIONAL	n6	ZEROED	False	dev_max=0.00e+00 ref_max=1.00e+00
COMPOSITIONAL	w100:505	0	COMPOSITIONAL	n4	VALUE	False	maxdiff=5.765e+17
COMPOSITIONAL	w100:560	1	COMPOSITIONAL	n7	VALUE	False	maxdiff=3.258e+00
COMPOSITIONAL	w100:602	0	COMPOSITIONAL	n1	ZEROED	False	dev_max=0.00e+00 ref_max=3.00e+00
COMPOSITIONAL	w100:98	0	COMPOSITIONAL	n2	VALUE	False	maxdiff=1.187e+00
COMPOSITIONAL	w101:291	1	COMPOSITIONAL	n4	VALUE	False	maxdiff=1.000e+00
COMPOSITIONAL	w101:421	3	COMPOSITIONAL	n7	ZEROED	False	dev_max=0.00e+00 ref_max=3.00e+00
COMPOSITIONAL	w101:432	0	COMPOSITIONAL	n2	VALUE	False	maxdiff=1.729e+18
COMPOSITIONAL	w101:45	0	COMPOSITIONAL	n4	NONFINITE	False	dev_nonfinite=2 ref_nonfinite=0
COMPOSITIONAL	w101:605	0	COMPOSITIONAL	n4	VALUE	False	maxdiff=6.000e+00
COMPOSITIONAL	w102:265	0	COMPOSITIONAL	n4	ZEROED	False	dev_max=0.00e+00 ref_max=1.00e+00
COMPOSITIONAL	w102:300	0	COMPOSITIONAL	n1	ZEROED	False	dev_max=0.00e+00 ref_max=2.00e+00
COMPOSITIONAL	w102:35	0	COMPOSITIONAL	n3	VALUE	False	maxdiff=1.122e-02
COMPOSITIONAL	w102:424	2	COMPOSITIONAL	n8	NONFINITE	False	dev_nonfinite=1 ref_nonfinite=4
COMPOSITIONAL	w102:658	0	COMPOSITIONAL	n5	NONFINITE	False	dev_nonfinite=331 ref_nonfinite=354
COMPOSITIONAL	w102:77	0	COMPOSITIONAL	n2	ZEROED	False	dev_max=0.00e+00 ref_max=7.00e+00
COMPOSITIONAL	w103:600	0	COMPOSITIONAL	n3	NONFINITE	False	dev_nonfinite=132 ref_nonfinite=150
COMPOSITIONAL	w103:602	0	COMPOSITIONAL	n2	ZEROED	False	dev_max=0.00e+00 ref_max=1.39e+00
COMPOSITIONAL	w103:698	0	COMPOSITIONAL	n5	SCALE:-7720456580759552.000	False	std=0.00e+00
COMPOSITIONAL	w103:715	3	COMPOSITIONAL	n8	VALUE	False	maxdiff=2.000e+00
COMPOSITIONAL	w104:305	0	COMPOSITIONAL	n1	ZEROED	False	dev_max=0.00e+00 ref_max=1.35e+00
COMPOSITIONAL	w104:569	0	COMPOSITIONAL	n4	VALUE	False	maxdiff=6.000e+00
COMPOSITIONAL	w104:674	0	COMPOSITIONAL	n2	SCALE:2.041	False	std=0.00e+00
COMPOSITIONAL	w105:276	3	COMPOSITIONAL	n7	NONFINITE	False	dev_nonfinite=1 ref_nonfinite=0
COMPOSITIONAL	w105:291	0	COMPOSITIONAL	n3	VALUE	False	maxdiff=1.153e+18
COMPOSITIONAL	w105:478	4	COMPOSITIONAL	n8	SCALE:-6.945	False	std=7.80e-02
COMPOSITIONAL	w106:109	0	COMPOSITIONAL	n3	NONFINITE	False	dev_nonfinite=8 ref_nonfinite=0
COMPOSITIONAL	w106:252	1	COMPOSITIONAL	n5	NONFINITE	False	dev_nonfinite=2 ref_nonfinite=0
COMPOSITIONAL	w106:327	1	COMPOSITIONAL	n5	VALUE	False	maxdiff=3.000e+00
COMPOSITIONAL	w106:425	0	COMPOSITIONAL	n2	VALUE	False	maxdiff=2.490e+02
COMPOSITIONAL	w106:512	1	COMPOSITIONAL	n5	VALUE	False	maxdiff=4.000e+00
COMPOSITIONAL	w106:621	0	COMPOSITIONAL	n3	NONFINITE	False	dev_nonfinite=0 ref_nonfinite=1
COMPOSITIONAL	w107:143	0	COMPOSITIONAL	n4	VALUE	False	maxdiff=6.436e-01
COMPOSITIONAL	w107:200	0	COMPOSITIONAL	n5	ZEROED	False	dev_max=0.00e+00 ref_max=4.82e+00
COMPOSITIONAL	w107:260	2	COMPOSITIONAL	n6	VALUE	False	maxdiff=6.201e-01
COMPOSITIONAL	w107:319	1	COMPOSITIONAL	n8	VALUE	False	maxdiff=1.719e-01
COMPOSITIONAL	w107:89	2	COMPOSITIONAL	n7	VALUE	False	maxdiff=1.000e+00
COMPOSITIONAL	w108:40	0	COMPOSITIONAL	n3	VALUE	False	maxdiff=nan
COMPOSITIONAL	w108:539	0	COMPOSITIONAL	n2	NONFINITE	False	dev_nonfinite=72 ref_nonfinite=0
COMPOSITIONAL	w108:681	1	COMPOSITIONAL	n6	VALUE	False	maxdiff=1.000e+00
COMPOSITIONAL	w109:223	0	COMPOSITIONAL	n5	NONFINITE	False	dev_nonfinite=9 ref_nonfinite=0
COMPOSITIONAL	w109:306	2	COMPOSITIONAL	n6	NONFINITE	False	dev_nonfinite=2 ref_nonfinite=1
COMPOSITIONAL	w109:395	0	COMPOSITIONAL	n6	VALUE	False	maxdiff=1.826e-01
COMPOSITIONAL	w109:44	2	COMPOSITIONAL	n8	NONFINITE	False	dev_nonfinite=2 ref_nonfinite=0
SIBLING_DEP	w100:354	1	SIBLING_DEPENDENT	n4	ZEROED	False	dev_max=0.00e+00 ref_max=1.76e+00
SIBLING_DEP	w100:509	2	SIBLING_DEPENDENT	n8	ZEROED	False	dev_max=0.00e+00 ref_max=1.00e+00
SIBLING_DEP	w100:540	0	SIBLING_DEPENDENT	n3	ZEROED	False	dev_max=0.00e+00 ref_max=1.00e+00
SIBLING_DEP	w100:617	1	SIBLING_DEPENDENT	n4	VALUE	False	maxdiff=1.000e+00
SIBLING_DEP	w100:659	2	SIBLING_DEPENDENT	n9	VALUE	False	maxdiff=1.913e+00
SIBLING_DEP	w101:39	1	SIBLING_DEPENDENT	n4	ZEROED	False	dev_max=0.00e+00 ref_max=1.42e+00
SIBLING_DEP	w101:520	1	SIBLING_DEPENDENT	n5	ZEROED	False	dev_max=0.00e+00 ref_max=1.00e+00
SIBLING_DEP	w101:730	1	SIBLING_DEPENDENT	n5	ZEROED	False	dev_max=0.00e+00 ref_max=4.46e-01
SIBLING_DEP	w102:554	0	SIBLING_DEPENDENT	n2	ZEROED	False	dev_max=0.00e+00 ref_max=3.38e+00
SIBLING_DEP	w102:563	0	SIBLING_DEPENDENT	n4	NONFINITE	False	dev_nonfinite=0 ref_nonfinite=1
SIBLING_DEP	w102:645	0	SIBLING_DEPENDENT	n2	NONFINITE	False	dev_nonfinite=6 ref_nonfinite=3
SIBLING_DEP	w102:736	0	SIBLING_DEPENDENT	n5	ZEROED	False	dev_max=0.00e+00 ref_max=1.00e+00
SIBLING_DEP	w103:20	2	SIBLING_DEPENDENT	n8	ZEROED	False	dev_max=0.00e+00 ref_max=9.22e+18
SIBLING_DEP	w103:40	0	SIBLING_DEPENDENT	n1	ZEROED	False	dev_max=0.00e+00 ref_max=2.53e+00
SIBLING_DEP	w103:473	2	SIBLING_DEPENDENT	n4	ZEROED	False	dev_max=0.00e+00 ref_max=1.27e+00
SIBLING_DEP	w103:492	0	SIBLING_DEPENDENT	n5	ZEROED	False	dev_max=0.00e+00 ref_max=5.89e+00
SIBLING_DEP	w103:654	4	SIBLING_DEPENDENT	n9	ALIAS	False	dev==eager[n2]
SIBLING_DEP	w105:12	3	SIBLING_DEPENDENT	n7	ZEROED	False	dev_max=0.00e+00 ref_max=2.00e+00
SIBLING_DEP	w106:670	1	SIBLING_DEPENDENT	n9	VALUE	False	maxdiff=8.574e-01
SIBLING_DEP	w106:84	1	SIBLING_DEPENDENT	n7	VALUE	False	maxdiff=nan
SIBLING_DEP	w107:105	2	SIBLING_DEPENDENT	n9	NONFINITE	False	dev_nonfinite=0 ref_nonfinite=2
SIBLING_DEP	w107:598	3	SIBLING_DEPENDENT	n7	NONFINITE	False	dev_nonfinite=0 ref_nonfinite=1
SIBLING_DEP	w108:171	0	SIBLING_DEPENDENT	n1	ZEROED	False	dev_max=0.00e+00 ref_max=4.82e-01
SIBLING_DEP	w108:196	4	SIBLING_DEPENDENT	n6	NONFINITE	False	dev_nonfinite=0 ref_nonfinite=512
SIBLING_DEP	w109:130	0	SIBLING_DEPENDENT	n2	ZEROED	False	dev_max=0.00e+00 ref_max=2.12e+00
SIBLING_DEP	w109:256	1	SIBLING_DEPENDENT	n6	NONFINITE	False	dev_nonfinite=0 ref_nonfinite=1
SIBLING_DEP	w109:539	0	SIBLING_DEPENDENT	n1	ZEROED	False	dev_max=0.00e+00 ref_max=6.00e+00
SIBLING_DEP	w109:701	3	SIBLING_DEPENDENT	n10	NONFINITE	False	dev_nonfinite=0 ref_nonfinite=1
SIBLING_DEP	w10:13	1	SIBLING_DEPENDENT	n4	ZEROED	False	dev_max=0.00e+00 ref_max=6.28e-01
SIBLING_DEP	w10:85	0	SIBLING_DEPENDENT	n3	VALUE	False	maxdiff=nan
SIBLING_DEP	w110:208	0	SIBLING_DEPENDENT	n4	NONFINITE	False	dev_nonfinite=1 ref_nonfinite=0
SIBLING_DEP	w110:484	3	SIBLING_DEPENDENT	n7	ZEROED	False	dev_max=0.00e+00 ref_max=3.72e-01
SIBLING_DEP	w111:267	1	SIBLING_DEPENDENT	n7	NONFINITE	False	dev_nonfinite=128 ref_nonfinite=68
SIBLING_DEP	w111:578	0	SIBLING_DEPENDENT	n1	ZEROED	False	dev_max=0.00e+00 ref_max=2.35e-02
SIBLING_DEP	w113:301	0	SIBLING_DEPENDENT	n3	ZEROED	False	dev_max=0.00e+00 ref_max=3.90e-01
SIBLING_DEP	w113:419	0	SIBLING_DEPENDENT	n1	VALUE	False	maxdiff=1.811e+00
SIBLING_DEP	w113:429	1	SIBLING_DEPENDENT	n7	ZEROED	False	dev_max=0.00e+00 ref_max=7.67e-01
SIBLING_DEP	w113:507	0	SIBLING_DEPENDENT	n4	NONFINITE	False	dev_nonfinite=0 ref_nonfinite=1
SIBLING_DEP	w113:546	0	SIBLING_DEPENDENT	n5	ZEROED	False	dev_max=0.00e+00 ref_max=1.00e+00
SIBLING_DEP	w113:641	3	SIBLING_DEPENDENT	n8	ZEROED	False	dev_max=0.00e+00 ref_max=1.00e+00
SIBLING_DEP	w113:650	0	SIBLING_DEPENDENT	n3	ZEROED	False	dev_max=0.00e+00 ref_max=1.00e+00
SIBLING_DEP	w113:751	1	SIBLING_DEPENDENT	n5	ZEROED	False	dev_max=0.00e+00 ref_max=1.00e+00
SIBLING_DEP	w114:678	1	SIBLING_DEPENDENT	n7	VALUE	False	maxdiff=4.672e+00
SIBLING_DEP	w115:211	0	SIBLING_DEPENDENT	n3	SCALE:0.200	False	std=8.60e-09
SIBLING_DEP	w115:275	0	SIBLING_DEPENDENT	n1	ZEROED	False	dev_max=0.00e+00 ref_max=1.16e+00
SIBLING_DEP	w115:354	0	SIBLING_DEPENDENT	n1	ZEROED	False	dev_max=0.00e+00 ref_max=1.00e+00
SIBLING_DEP	w115:540	1	SIBLING_DEPENDENT	n5	ZEROED	False	dev_max=0.00e+00 ref_max=2.00e+00
SIBLING_DEP	w115:631	0	SIBLING_DEPENDENT	n3	ZEROED	False	dev_max=0.00e+00 ref_max=3.29e-01
SIBLING_DEP	w115:79	0	SIBLING_DEPENDENT	n1	NONFINITE	False	dev_nonfinite=0 ref_nonfinite=1
SIBLING_DEP	w116:365	1	SIBLING_DEPENDENT	n5	ZEROED	False	dev_max=0.00e+00 ref_max=1.00e+00
OPERATOR_NONFIN	w100:226	1	OPERATOR	n5	NONFINITE	False	dev_nonfinite=0 ref_nonfinite=10
OPERATOR_NONFIN	w100:694	0	OPERATOR	n4	NONFINITE	False	dev_nonfinite=36 ref_nonfinite=48
OPERATOR_NONFIN	w102:545	1	OPERATOR	n4	NONFINITE	False	dev_nonfinite=0 ref_nonfinite=24
OPERATOR_NONFIN	w102:567	2	OPERATOR	n5	VALUE	False	maxdiff=nan
OPERATOR_NONFIN	w102:570	2	OPERATOR	n6	VALUE	False	maxdiff=nan
OPERATOR_NONFIN	w103:100	1	OPERATOR	n6	NONFINITE	False	dev_nonfinite=0 ref_nonfinite=32
OPERATOR_NONFIN	w103:472	2	OPERATOR	n7	NONFINITE	False	dev_nonfinite=0 ref_nonfinite=12
OPERATOR_NONFIN	w104:9	4	OPERATOR	n7	NONFINITE	False	dev_nonfinite=12 ref_nonfinite=0
OPERATOR_NONFIN	w105:162	3	OPERATOR	n9	NONFINITE	False	dev_nonfinite=0 ref_nonfinite=2
OPERATOR_NONFIN	w106:573	1	OPERATOR	n4	NONFINITE	False	dev_nonfinite=0 ref_nonfinite=4
OPERATOR_NONFIN	w106:67	0	OPERATOR	n3	VALUE	False	maxdiff=nan
OPERATOR_NONFIN	w107:109	0	OPERATOR	n2	NONFINITE	False	dev_nonfinite=0 ref_nonfinite=8
OPERATOR_NONFIN	w108:755	0	OPERATOR	n2	VALUE	False	maxdiff=nan
OPERATOR_NONFIN	w10:187	3	OPERATOR	n8	NONFINITE	False	dev_nonfinite=0 ref_nonfinite=4
OPERATOR_NONFIN	w10:197	0	OPERATOR	n5	NONFINITE	False	dev_nonfinite=0 ref_nonfinite=1
OPERATOR_NONFIN	w110:326	2	OPERATOR	n5	NONFINITE	False	dev_nonfinite=0 ref_nonfinite=192
OPERATOR_NONFIN	w110:417	0	OPERATOR	n2	NONFINITE	False	dev_nonfinite=0 ref_nonfinite=2
OPERATOR_NONFIN	w113:583	0	OPERATOR	n2	NONFINITE	False	dev_nonfinite=0 ref_nonfinite=1
OPERATOR_NONFIN	w114:476	0	OPERATOR	n2	NONFINITE	False	dev_nonfinite=0 ref_nonfinite=1
OPERATOR_NONFIN	w115:413	2	OPERATOR	n7	NONFINITE	False	dev_nonfinite=0 ref_nonfinite=6
OPERATOR_NONFIN	w117:231	1	OPERATOR	n5	NONFINITE	False	dev_nonfinite=2 ref_nonfinite=3
OPERATOR_NONFIN	w117:483	2	OPERATOR	n6	NONFINITE	False	dev_nonfinite=0 ref_nonfinite=8
OPERATOR_NONFIN	w119:191	0	OPERATOR	n4	NONFINITE	False	dev_nonfinite=0 ref_nonfinite=1
OPERATOR_NONFIN	w120:283	1	OPERATOR	n5	NONFINITE	False	dev_nonfinite=1 ref_nonfinite=0
OPERATOR_NONFIN	w121:125	4	OPERATOR	n7	NONFINITE	False	dev_nonfinite=0 ref_nonfinite=21
OPERATOR_NONFIN	w121:475	2	OPERATOR	n6	NONFINITE	False	dev_nonfinite=0 ref_nonfinite=4
OPERATOR_NONFIN	w121:604	0	OPERATOR	n1	NONFINITE	False	dev_nonfinite=0 ref_nonfinite=12
OPERATOR_NONFIN	w123:30	2	OPERATOR	n6	NONFINITE	False	dev_nonfinite=0 ref_nonfinite=8
OPERATOR_NONFIN	w124:529	3	OPERATOR	n6	NONFINITE	False	dev_nonfinite=0 ref_nonfinite=2
OPERATOR_NONFIN	w127:125	3	OPERATOR	n7	NONFINITE	False	dev_nonfinite=0 ref_nonfinite=12
OPERATOR_NONFIN	w13:477	3	OPERATOR	n7	NONFINITE	False	dev_nonfinite=0 ref_nonfinite=24
OPERATOR_NONFIN	w13:93	0	OPERATOR	n5	NONFINITE	False	dev_nonfinite=8 ref_nonfinite=0
OPERATOR_NONFIN	w14:321	0	OPERATOR	n4	NONFINITE	False	dev_nonfinite=0 ref_nonfinite=2
OPERATOR_NONFIN	w14:589	0	OPERATOR	n3	NONFINITE	False	dev_nonfinite=0 ref_nonfinite=3
OPERATOR_NONFIN	w15:370	0	OPERATOR	n3	NONFINITE	False	dev_nonfinite=0 ref_nonfinite=21
OPERATOR_NONFIN	w17:533	1	OPERATOR	n6	NONFINITE	False	dev_nonfinite=0 ref_nonfinite=8
OPERATOR_NONFIN	w18:636	2	OPERATOR	n7	NONFINITE	False	dev_nonfinite=1 ref_nonfinite=0
OPERATOR_NONFIN	w19:223	0	OPERATOR	n2	NONFINITE	False	dev_nonfinite=1 ref_nonfinite=0
OPERATOR_NONFIN	w1:439	0	OPERATOR	n6	NONFINITE	False	dev_nonfinite=8 ref_nonfinite=0
OPERATOR_NONFIN	w1:518	0	OPERATOR	n2	NONFINITE	False	dev_nonfinite=0 ref_nonfinite=2
OPERATOR_NONFIN	w20:256	2	OPERATOR	n5	NONFINITE	False	dev_nonfinite=0 ref_nonfinite=6
OPERATOR_NONFIN	w20:277	0	OPERATOR	n4	NONFINITE	False	dev_nonfinite=0 ref_nonfinite=96
OPERATOR_NONFIN	w21:234	0	OPERATOR	n4	NONFINITE	False	dev_nonfinite=0 ref_nonfinite=1
OPERATOR_NONFIN	w21:619	2	OPERATOR	n5	NONFINITE	False	dev_nonfinite=0 ref_nonfinite=72
OPERATOR_NONFIN	w21:8	3	OPERATOR	n7	NONFINITE	False	dev_nonfinite=0 ref_nonfinite=8
OPERATOR_NONFIN	w22:684	3	OPERATOR	n8	NONFINITE	False	dev_nonfinite=0 ref_nonfinite=2
OPERATOR_NONFIN	w23:631	0	OPERATOR	n2	NONFINITE	False	dev_nonfinite=0 ref_nonfinite=21
OPERATOR_NONFIN	w24:279	3	OPERATOR	n8	NONFINITE	False	dev_nonfinite=0 ref_nonfinite=1
OPERATOR_NONFIN	w25:501	2	OPERATOR	n6	NONFINITE	False	dev_nonfinite=0 ref_nonfinite=12
OPERATOR_NONFIN	w25:95	4	OPERATOR	n9	NONFINITE	False	dev_nonfinite=0 ref_nonfinite=1
